hts_code,description,hts_chapter,mfn_rate,special_rate,column2_rate
6101,"Men's or boys' overcoats, carcoats, capes, cloaks, anoraks (including ski-jackets), windbreakers and similar articles, knitted or crocheted, other than those of heading 6103:",61,0.0,,
61012000,Of cotton,61,0.159,"Free (AU,BH, CL,CO,IL,JO,KR, MA,OM, P,PA,PE,S,SG)",50%
6101200010,Men's (334),61,0.0,,
6101200020,Boys' (334),61,0.0,,
610130,Of man-made fibers:,61,0.0,,
6101301000,Containing 25 percent or more by weight of leather (634),61,0.055999999999999994,"Free (AU,BH, CL,CO,IL,JO,KR, MA,OM, P,PA,PE,S,SG)",35%
6101301500,Containing 23 percent or more by weight of wool or fine animal hair (434),61,0.1,"Free (AU,BH, CL,CO,IL,JO,KR, MA,OM, P,PA,PE,S,SG)",77.2¢/kg + 54.5%
61013020,Other,61,0.282,"Free (AU,BH,CL, CO,IL,JO,KR, MA,OM, P,PA,PE,S,SG)",72%
6101302010,Men's (634),61,0.0,,
6101302020,Boys' (634),61,0.0,,
610190,Of other textile materials:,61,0.0,,
6101900500,Of wool or fine animal hair (434),61,0.16,"Free (AU,BH,CL,CO,IL,JO,KR,MA,OM,P,PA,PE,S,SG)",77.2¢/kg + 54.5%
6101901000,Containing 70 percent or more by weight of silk or silk waste (734),61,0.009000000000000001,"Free (AU,BH, CL,CO,E,IL,JO, KR,MA,OM, P,PA,PE,S,SG)",45%
61019090,Other,61,0.057,"Free (AU,BH, CL,CO,E*,IL,JO, KR,MA,OM, P,PA,PE,S,SG)",45%
6101909010,Subject to cotton restraints (334),61,0.0,,
6101909020,Subject to wool restraints (434),61,0.0,,
6101909030,Subject to man-made fiber restraints (634),61,0.0,,
6101909060,Other (834),61,0.0,,
6102,"Women's or girls' overcoats, carcoats, capes, cloaks, anoraks (including ski-jackets), windbreakers and similar articles, knitted or crocheted, other than those of heading 6104:",61,0.0,,
6102100000,Of wool or fine animal hair (435),61,0.16399999999999998,"Free (AU,BH,CL,CO,IL,JO,KR,MA,OM,P,PA,PE,S,SG)",68.3¢/kg + 54.5%
61022000,Of cotton,61,0.159,"Free (AU,BH, CL,CO,IL,JO,KR, MA,OM,P, PA,PE,S,SG)",50%
6102200010,Women's (335),61,0.0,,
6102200020,Girls' (335),61,0.0,,
610230,Of man-made fibers:,61,0.0,,
6102300500,Containing 25 percent or more by weight of leather (635),61,0.053,"Free (AU,BH, CL,CO,IL,JO,KR, MA,OM,P, PA,PE,S,SG)",35%
6102301000,Containing 23 percent or more by weight of wool or fine animal hair (435),61,0.188,"Free (AU,BH, CL,CO,IL,JO,KR, MA,OM,P, PA,PE,S,SG)",68.3¢/kg + 54.5%
61023020,Other,61,0.282,"Free (AU,BH, CL,CO,IL,JO,KR, MA,OM,P, PA,PE,S,SG)",72%
6102302010,Women's (635),61,0.0,,
6102302020,Girls' (635),61,0.0,,
610290,Of other textile materials:,61,0.0,,
6102901000,Containing 70 percent or more by weight of silk or silk waste (735),61,0.009000000000000001,"Free (AU,BH, CL,CO,E,IL,JO, KR,MA,OM, P,PA,PE,S,SG)",45%
61029090,Other,61,0.057,"Free (AU,BH, CL,CO,E*,IL,JO, KR,MA,OM, P,PA,PE,S,SG)",45%
6102909005,Subject to cotton restraints (335),61,0.0,,
6102909010,Subject to wool restraints (435),61,0.0,,
6102909015,Subject to man-made fiber restraints (635),61,0.0,,
6102909030,Other (835),61,0.0,,
6103,"Men's or boys' suits, ensembles, suit-type jackets, blazers, trousers, bib and brace overalls, breeches and shorts (other than swimwear), knitted or crocheted:",61,0.0,,
610310,Suits:,61,0.0,,
6103101000,Of wool or fine animal hair (443),61,0.1,"Free (AU,BH,CL,CO,IL,JO,KR,MA,OM,P,PA,PE,S,SG)",77.2¢/kg + 54.5%
6103102000,Containing 23 percent or more by weight of wool or fine animal hair (443),61,0.156,"Free (AU,BH, CL,CO,IL,JO,KR, MA,OM, P,PA,PE,S,SG)",77.2¢/kg + 54.5%
6103103000,Other (643),61,0.282,"Free (AU,BH,CL,CO,IL,JO,KR,MA,OM,P,PA,PE,S,SG)",72%
6103104000,Containing 23 percent or more by weight of wool or fine animal hair (443),61,0.0,,77.2¢/kg + 54.5%
6103105000,Other (643),61,0.0,,72%
61031060,Of cotton,61,0.094,"Free (AU,BH, CL,CO, IL,JO,KR, MA,OM,P, PA,PE,S,SG)",90%
6103106010,Jackets imported as parts of suits (333),61,0.0,,
6103106015,"Trousers, breeches and shorts imported as parts of suits (347)",61,0.0,,
6103106030,Waistcoats imported as parts of suits (359),61,0.0,,
6103107000,Containing 70 percent or more by weight of silk or silk waste (743),61,0.009000000000000001,"Free (AU,BH, CL,CO,E,IL,JO, KR,MA,OM, P,PA,PE,S,SG)",45%
61031090,Other,61,0.055999999999999994,"Free (AU,BH, CL,CO,E*,IL,JO, KR,MA,OM, P,PA,PE,S,SG)",45%
6103109010,Jackets imported as parts of suits (333),61,0.0,,
6103109020,"Trousers, breeches, and shorts imported as parts of suits (347)",61,0.0,,
6103109030,Waistcoats imported as parts of suits (359),61,0.0,,
6103109040,Subject to wool restraints (443),61,0.0,,
6103109050,Subject to man-made fiber restraints (643),61,0.0,,
6103109080,Other (843),61,0.0,,
61032200,Of cotton,61,0.035,"Free (AU,BH, CL,CO,IL,JO,KR, MA,OM,P, PA,PE,S,SG)",The rate applicable to each garment in the ensemble if separately entered
6103220010,Garments described in heading 6101 (334),61,0.0,,
6103220020,Jackets and blazers described in heading 6103 (333),61,0.0,,
6103220030,Trousers and breeches (347),61,0.0,,
6103220040,Shorts (347),61,0.0,,
6103220050,Shirts (338),61,0.0,,
6103220070,Sweaters (345),61,0.0,,
6103220080,Other (359),61,0.0,,
61032300,Of synthetic fibers,61,0.035,"Free (AU,BH,CL,CO,IL,JO,KR,MA,OM,P,PA,PE,S,SG)",The rate applicable to each garment in the ensemble if separately entered
6103230005,Garments described in heading 6101 (434),61,0.0,,
6103230007,Jackets and blazers described in heading 6103 (433),61,0.0,,
6103230010,"Trousers, breeches and shorts (447)",61,0.0,,
6103230025,Shirts (438),61,0.0,,
6103230030,Sweaters (445),61,0.0,,
6103230035,Other (459),61,0.0,,
6103230036,Garments described in heading 6101 (634),61,0.0,,
6103230037,Jackets and blazers described in heading 6103 (633),61,0.0,,
6103230040,Trousers and breeches (647),61,0.0,,
6103230045,Shorts (647),61,0.0,,
6103230055,Bib and brace overalls (659),61,0.0,,
6103230070,Sweaters (645),61,0.0,,
6103230075,Shirts (638),61,0.0,,
6103230080,Other (659),61,0.0,,
610329,Of other textile materials:,61,0.0,,
61032905,Of wool or fine animal hair,61,0.035,"Free (AU,BH,CL,CO,IL,JO,KR,MA,OM,P,PA,PE,S,SG)",The rate applicable to each garment in the ensemble if separately entered
6103290510,Garments described in heading 6101 (434),61,0.0,,
6103290520,Jackets and blazers described in heading heading 6103 (433),61,0.0,,
6103290530,"Trousers, breeches and shorts (447)",61,0.0,,
6103290550,Shirts (438),61,0.0,,
6103290560,Sweaters (445),61,0.0,,
6103290570,Other (459),61,0.0,,
61032910,Of artificial fibers,61,0.035,"Free (AU,BH, CL,CO,IL,JO,KR, MA,OM,P, PA,PE,S,SG)",The rate applicable to each garment in the ensemble if separately entered
6103291010,Garments described in heading 6101 (634),61,0.0,,
6103291015,Jackets and blazers described in heading 6103 (633),61,0.0,,
6103291020,Trousers and breeches (647),61,0.0,,
6103291030,Shorts (647),61,0.0,,
6103291040,Sweaters (645),61,0.0,,
6103291050,Shirts (638),61,0.0,,
6103291060,Other (659),61,0.0,,
61032920,Other,61,0.035,"Free (AU,BH,CL,CO,E*,IL,JO,KR,MA,OM,P,PA,PE,S,SG)",The rate applicable to each garment in the ensemble if separately entered
6103292028,Containing 70 percent or more by weight of silk or silk waste (734),61,0.0,,
6103292030,Other (834),61,0.0,,
6103292034,Containing 70 percent or more by weight of silk or silk waste (733),61,0.0,,
6103292036,Other (833),61,0.0,,
6103292040,Containing 70 percent or more by weight of silk or silk waste (747),61,0.0,,
6103292044,Trousers and breeches (847),61,0.0,,
6103292048,Shorts (847),61,0.0,,
6103292052,Containing 70 percent or more by weight of silk or silk waste (738),61,0.0,,
6103292054,Other (838),61,0.0,,
6103292058,Subject to cotton restraints (345),61,0.0,,
6103292060,Subject to wool restraints (445),61,0.0,,
6103292062,Subject to man-made fiber restraints (645),61,0.0,,
6103292064,Containing 70 percent or more by weight of silk or silk waste (745),61,0.0,,
6103292066,Assembled in Hong Kong from knit-to-shape component parts knitted elsewhere (846),61,0.0,,
6103292068,Other (846),61,0.0,,
6103292070,Assembled in Hong Kong from knit-to-shape component parts knitted elsewhere (845),61,0.0,,
6103292074,Other (845),61,0.0,,
6103292080,Containing 70 percent or more by weight of silk or silk waste (759),61,0.0,,
6103292082,Other (859),61,0.0,,
6103310000,Of wool or fine animal hair (433),61,0.1,"Free (AU,BH,CL,CO,IL,JO,KR,MA,OM,P,PA,PE,S,SG)",77.2¢/kg + 54.5%
6103320000,Of cotton (333),61,0.135,"Free (AU,BH, CL,CO,IL,JO,KR, MA,OM,P, PA,PE,S,SG)",90%
610333,Of synthetic fibers:,61,0.0,,
6103331000,Containing 23 percent or more by weight of wool or fine animal hair (433),61,0.1,"Free (AU,BH, CL,CO,IL,JO,KR, MA,OM,P, PA,PE,S,SG)",77.2¢/kg + 54.5%
6103332000,Other (633),61,0.282,"Free (AU,BH, CL,CO,IL,JO,KR, MA,OM,P, PA,PE,S,SG)",72%
610339,Of other textile materials:,61,0.0,,
6103391000,Of artificial fibers (633),61,0.149,"Free (AU,BH, CL,CO,IL,JO,KR, MA,OM,P, PA,PE,S,SG)",72%
6103394000,Containing 70 percent or more by weight of silk or silk waste (733),61,0.009000000000000001,"Free (AU,BH, CL,CO,E,IL,JO, KR,MA,OM,P,PA,PE,S,SG)",60%
61033980,Other,61,0.055999999999999994,"Free (AU,BH, CL,CO,E*,IL,JO, KR,MA,OM, P,PA,PE,S,SG)",60%
6103398010,Subject to cotton restraints (333),61,0.0,,
6103398020,Subject to wool restraints (433),61,0.0,,
6103398030,Subject to man-made fiber restraints (633),61,0.0,,
6103398060,Other (833),61,0.0,,
610341,Of wool or fine animal hair:,61,0.0,,
61034110,"Trousers, breeches and shorts",61,0.158,"Free (AU,BH,CL,CO,IL,JO,KR,MA,OM,P,PA,PE,S,SG)",77.2¢/kg + 54.5%
6103411010,Trousers and breeches (447),61,0.0,,
6103411020,Shorts (447),61,0.0,,
6103412000,Bib and brace overalls (459),61,0.136,"Free (AU,BH,CL,CO,IL,JO,KR,MA,OM,P,PA,PE,S,SG)",54.5%
610342,Of cotton:,61,0.0,,
61034210,"Trousers, breeches and shorts",61,0.161,"Free (AU,BH, CL,CO,IL,JO,KR, MA,OM,P, PA,PE,S,SG)",45%
6103421020,Men's (347),61,0.0,,
6103421035,Imported as parts of play suits (237),61,0.0,,
6103421040,Other (347),61,0.0,,
6103421050,Men's (347),61,0.0,,
6103421065,Imported as parts of play suits (237),61,0.0,,
6103421070,Other (347),61,0.0,,
61034220,Bib and brace overalls,61,0.10300000000000001,"Free (AU,BH,CL, CO,IL,JO,KR, MA,OM,P, PA,PE,S,SG)",90%
6103422010,"Insulated, for cold weather protection(359)",61,0.0,,
6103422015,Boys' sizes 2-7 (237),61,0.0,,
6103422025,Other (359),61,0.0,,
610343,Of synthetic fibers:,61,0.0,,
61034310,Containing 23 percent or more by weight of wool or fine animal hair,61,0.152,"Free (AU,BH, CL,CO,IL,JO,KR, MA,OM,P, PA,PE,S,SG)",77.2¢/kg + 54.5%
6103431010,Trousers and breeches (447),61,0.0,,
6103431020,Shorts (447),61,0.0,,
61034315,Other,61,0.282,"Free (AU,BH, CL,CO,IL,JO,KR, MA,OM,P, PA,PE,S,SG)",72%
6103431520,Men's (647),61,0.0,,
6103431535,Imported as parts of play suits (237),61,0.0,,
6103431540,Other (647),61,0.0,,
6103431550,Men's (647),61,0.0,,
6103431565,Imported as parts of play suits (237),61,0.0,,
6103431570,Other (647),61,0.0,,
61034320,Bib and brace overalls,61,0.149,"Free (AU,BH, CL,CO,IL,JO,KR, MA,OM,P, PA,PE,S,SG)",72%
6103432010,Containing 23 percent or more by weight of wool or fine animal hair (459),61,0.0,,
6103432015,"Insulated, for cold weather protection (659)",61,0.0,,
6103432020,Men's (659),61,0.0,,
6103432025,Boys' (659),61,0.0,,
610349,Of other textile materials:,61,0.0,,
61034910,"Trousers, breeches and shorts",61,0.282,"Free (AU,BH, CL,CO,IL,JO,KR, MA,OM,P, PA,PE,S,SG)",72%
6103491010,Containing 23 percent or more by weight of wool or fine animal hair (447),61,0.0,,
6103491020,Trousers and breeches (647),61,0.0,,
6103491060,Shorts (647),61,0.0,,
6103492000,Bib and brace overalls (659),61,0.136,"Free (AU,BH, CL,CO,IL,JO,KR, MA,OM,P, PA,PE,S,SG)",72%
61034940,Containing 70 percent or more by weight of silk or silk waste,61,0.009000000000000001,"Free (AU,BH, CL,CO,E,IL,JO, KR,MA,OM, P,PA,PE,S,SG)",35%
6103494010,"Trousers, breeches and shorts (747)",61,0.0,,
6103494020,Bib and brace overalls (759),61,0.0,,
61034980,Other,61,0.055999999999999994,"Free (AU,BH, CL,CO,E*,IL,JO, KR,MA,OM, P,PA,PE,S,SG)",35%
6103498010,Subject to cotton restraints (347),61,0.0,,
6103498012,Subject to wool restraints (447),61,0.0,,
6103498014,Subject to man-made fiber restraints (647),61,0.0,,
6103498024,Trousers and breeches (847),61,0.0,,
6103498026,Shorts (847),61,0.0,,
6103498034,Subject to cotton restraints (359),61,0.0,,
6103498036,Subject to wool restraints (459),61,0.0,,
6103498038,Subject to man-made fiber restraints (659),61,0.0,,
6103498060,Other (859),61,0.0,,
6104,"Women's or girls' suits, ensembles, suit-type jackets, blazers, dresses, skirts, divided skirts, trousers, bib and brace overalls, breeches and shorts (other than swimwear), knitted or crocheted:",61,0.0,,
610413,Of synthetic fibers:,61,0.0,,
6104131000,Containing 23 percent or more by weight of wool or fine animal hair (444),61,0.0,,54.5%
6104132000,Other (644),61,0.149,"Free (AU,BH, CL,CO,IL,JO,KR, MA,OM,P, PA,PE,S,SG)",72%
610419,Of other textile materials:,61,0.0,,
6104191000,Containing 23 percent or more by weight of wool or fine animal hair (444),61,0.085,"Free (AU,BH, CL,CO,IL,JO,KR, MA,OM,P, PA,PE,S,SG)",54.5%
6104191500,Other (644),61,0.0,,72%
6104194000,Containing 70 percent or more by weight of silk or silk waste (744),61,0.009000000000000001,"Free (AU,BH, CL,CO,E,IL,JO, KR,MA,OM, P,PA,PE,S,SG)",60%
6104195000,Of wool or fine animal hair (444),61,0.136,"Free (AU,BH,CL,CO,IL,JO,KR,MA,OM,P,PA,PE,S,SG)",54.5%
61041960,Of cotton,61,0.094,"Free (AU,BH, CL,CO,IL,JO,KR, MA,OM,P, PA,PE,S,SG)",90%
6104196010,Jackets imported as parts of suits (335),61,0.0,,
6104196020,Skirts and divided skirts imported as parts of suits (342),61,0.0,,
6104196030,"Trousers, breeches and shorts imported as parts of suits (348)",61,0.0,,
6104196040,Waistcoats imported as parts of suits (359),61,0.0,,
61041980,Other,61,0.055999999999999994,"Free (AU,BH, CL,CO,E*,IL,JO, KR,MA,OM, P,PA,PE,S,SG)",60%
6104198010,Jackets imported as parts of suits (335),61,0.0,,
6104198020,Skirts and divided skirts imported as parts of suits (342),61,0.0,,
6104198030,"Trousers, breeches and shorts imported as parts of suits (348)",61,0.0,,
6104198040,Waistcoats imported as parts of suits (359),61,0.0,,
6104198050,Subject to wool restraints (444),61,0.0,,
6104198060,Subject to man-made fiber restraints (644),61,0.0,,
6104198090,Other (844),61,0.0,,
61042200,Of cotton,61,0.035,"Free (AU,BH, CL,CO,IL,JO,KR, MA,OM,P, PA,PE,S,SG)",The rate applicable to each garment in the ensemble if separately entered
6104220010,Garments described in heading 6102; jackets and blazers described in heading 6104 (335),61,0.0,,
6104220030,Skirts and divided skirts (342),61,0.0,,
6104220040,Trousers and breeches (348),61,0.0,,
6104220050,Shorts (348),61,0.0,,
6104220060,"Blouses, shirts and tops (339)",61,0.0,,
6104220080,Sweaters (345),61,0.0,,
6104220090,Other (359),61,0.0,,
61042300,Of synthetic fibers,61,0.035,"Free (AU,BH,CL,CO,IL,JO,KR,MA,OM,P,PA,PE,S,SG)",The rate applicable to each garment in the ensemble if separately entered
6104230010,Garments described in heading 6102; jackets and blazers described in heading 6104 (435),61,0.0,,
6104230014,Skirts and divided skirts (442),61,0.0,,
6104230016,"Trousers, breeches and shorts (448)",61,0.0,,
6104230020,"Blouses, shirts and tops (438)",61,0.0,,
6104230022,Sweaters (446),61,0.0,,
6104230024,Other (459),61,0.0,,
6104230026,Garments described in heading 6102; jackets and blazers described in heading 6104 (635),61,0.0,,
6104230030,Skirts and divided skirts (642),61,0.0,,
6104230032,Trousers and breeches (648),61,0.0,,
6104230034,Shorts (648),61,0.0,,
6104230036,"Blouses, shirts and tops (639)",61,0.0,,
6104230040,Sweaters (646),61,0.0,,
6104230042,Other (659),61,0.0,,
610429,Of other textile materials:,61,0.0,,
61042905,Of wool or fine animal hair,61,0.035,"Free (AU,BH,CL,CO,IL,JO,KR,MA,OM,P,PA,PE,S,SG)",The rate applicable to each garment in the ensemble if separately entered
6104290510,Garments described in heading 6102; jackets and blazers described in heading 6104 (435),61,0.0,,
6104290530,Skirts and divided skirts (442),61,0.0,,
6104290540,"Trousers, breeches and shorts (448)",61,0.0,,
6104290560,Blouses and shirts (438),61,0.0,,
6104290570,Sweaters (446),61,0.0,,
6104290580,Other (459),61,0.0,,
61042910,Of artificial fibers,61,0.035,"Free (AU,BH,CL,CO,IL,JO,KR,MA,OM,P,PA,PE,S,SG)",The rate applicable to each garment in the ensemble if entered separately
6104291010,Garments described in heading 6102; jackets and blazers described in heading 6104 (635),61,0.0,,
6104291020,Skirts and divided skirts (642),61,0.0,,
6104291030,Trousers and breeches (648),61,0.0,,
6104291040,Shorts (648),61,0.0,,
6104291050,"Blouses, shirts and tops (639)",61,0.0,,
6104291060,Sweaters (646),61,0.0,,
6104291070,Other (659),61,0.0,,
61042920,Other,61,0.035,"Free (AU,BH, CL,CO,E*,IL, JO,KR,MA, OM,P,PA,PE,S, SG)",The rate applicable to each garment in the ensemble if separately entered
6104292010,Subject to cotton restraints (335),61,0.0,,
6104292012,Subject to wool restraints (435),61,0.0,,
6104292014,Subject to man-made fiber restraints (635),61,0.0,,
6104292016,Containing 70 percent or more by weight of silk or silk waste (735),61,0.0,,
6104292018,Other (835),61,0.0,,
6104292020,Other (835),61,0.0,,
6104292022,Subject to cotton restraints (342),61,0.0,,
6104292024,Subject to wool restraints (442),61,0.0,,
6104292026,Subject to man-made fiber restraints (642),61,0.0,,
6104292028,Containing 70 percent or more by weight of silk or silk waste (742),61,0.0,,
6104292030,Other (842),61,0.0,,
6104292032,Other (842),61,0.0,,
6104292034,Subject to cotton restraints (348),61,0.0,,
6104292036,Subject to wool restraints (448),61,0.0,,
6104292038,Subject to man-made fiber restraints (648),61,0.0,,
6104292040,Containing 70 percent or more by weight of silk or silk waste (748),61,0.0,,
6104292041,Trousers and breeches (847),61,0.0,,
6104292043,Shorts (847),61,0.0,,
6104292045,Trousers and breeches (847),61,0.0,,
6104292047,Shorts (847),61,0.0,,
6104292049,Subject to cotton restraints (339),61,0.0,,
6104292051,Subject to wool restraints (438),61,0.0,,
6104292055,Subject to man-made fiber restraints (639),61,0.0,,
6104292057,Containing 70 percent or more by weight of silk or silk waste (739),61,0.0,,
6104292061,Other (838),61,0.0,,
6104292063,Other (838),61,0.0,,
6104292065,Subject to cotton restraints (345),61,0.0,,
6104292067,Subject to wool restraints (446),61,0.0,,
6104292069,Subject to man-made fiber restraints (646),61,0.0,,
6104292071,Containing 70 percent or more by weight of silk or silk waste waste (746),61,0.0,,
6104292073,Assembled in Hong Kong from knit-to-shape component parts knitted elsewhere (846),61,0.0,,
6104292075,Other (846),61,0.0,,
6104292077,Assembled in Hong Kong from knit-to-shape component parts knitted elsewhere (845),61,0.0,,
6104292079,Other (845),61,0.0,,
6104292081,Subject to cotton restraints (359),61,0.0,,
6104292083,Subject to wool restraints (459),61,0.0,,
6104292085,Subject to man-made fiber restraints (659),61,0.0,,
6104292086,Containing 70 percent or more by weight of silk or silk waste (759),61,0.0,,
6104292087,Other (859),61,0.0,,
6104292090,Other (859),61,0.0,,
6104310000,Of wool or fine animal hair (435),61,0.16,"Free (AU,BH,CL, CO,IL,JO,KR, MA,OM,P, PA,PE,S,SG)",68.3¢/kg + 54.5%
6104320000,Of cotton (335),61,0.149,"Free (AU,BH,CL,CO,IL,JO,KR, MA,OM, P,PA,PE,S,SG)",90%
610433,Of synthetic fibers:,61,0.0,,
6104331000,Containing 23 percent or more by weight of wool or fine animal hair (435),61,0.165,"Free (AU,BH, CL,CO,IL,JO,KR, MA,OM,P, PA,PE,S,SG)",68.3¢/kg + 54.5%
6104332000,Other (635),61,0.282,"Free (AU,BH, CL,CO,IL,JO,KR, MA,OM,P, PA,PE,S,SG)",72%
610439,Of other textile materials:,61,0.0,,
6104391000,Of artificial fibers (635),61,0.24,"Free (AU,BH,CL,CO,IL,JO,KR, MA,OM,P, PA,PE,S,SG)",72%
61043920,Other,61,0.0,,35%
6104392010,Subject to cotton restraints (335),61,0.0,,
6104392020,Subject to wool restraints (435),61,0.0,,
6104392030,Subject to man-made fiber restraints (635),61,0.0,,
6104392040,Containing 70 percent or more by weight of silk or silk waste (735),61,0.0,,
6104392050,Other (835),61,0.0,,
6104392090,Other (835),61,0.0,,
61044100,Of wool or fine animal hair,61,0.136,"Free (AU,BH,CL,CO,IL,JO,KR,MA,OM,P,PA,PE,S,SG)",54.5%
6104410010,Women's (436),61,0.0,,
6104410020,Girls' (436),61,0.0,,
61044200,Of cotton,61,0.115,"Free (AU,BH, CL,CO,IL,JO,KR, MA,OM,P, PA,PE,S,SG)",45%
6104420010,Women's (336),61,0.0,,
6104420020,Girls' (336),61,0.0,,
610443,Of synthetic fibers:,61,0.0,,
61044310,Containing 23 percent or more by weight of wool or fine animal hair,61,0.149,"Free (AU,BH, CL,CO,IL,JO,KR, MA,OM,P, PA,PE,S,SG)",54.5%
6104431010,Women's (436),61,0.0,,
6104431020,Girls' (436),61,0.0,,
61044320,Other,61,0.16,"Free (AU,BH, CL,CO,IL,JO,KR, MA,OM,P, PA,PE,S,SG)",72%
6104432010,Women's (636),61,0.0,,
6104432020,Girls' (636),61,0.0,,
610444,Of artificial fibers:,61,0.0,,
6104441000,Containing 23 percent or more by weight of wool or fine animal hair (436),61,0.149,"Free (AU,BH, CL,CO,IL,JO,KR, MA,OM,P, PA,PE,S,SG)",54.5%
61044420,Other,61,0.149,"Free (AU,BH, CL,CO,IL,JO,KR, MA,OM,P, PA,PE,S,SG)",72%
6104442010,Women's (636),61,0.0,,
6104442020,Girls' (636),61,0.0,,
610449,Of other textile materials:,61,0.0,,
6104491000,Containing 70 percent or more by weight of silk or silk waste (736),61,0.009000000000000001,"Free (AU,BH, CL,CO,E,IL,JO, KR,MA,OM,P, PA,PE,S,SG)",60%
61044990,Other,61,0.055999999999999994,"Free (AU,BH, CL,CO,E*,IL,JO, KR,MA,OM, P,PA,PE,S,SG)",60%
6104499010,Subject to cotton restraints (336),61,0.0,,
6104499020,Subject to wool restraints (436),61,0.0,,
6104499030,Subject to man-made fiber restraints (636),61,0.0,,
6104499060,Other (836),61,0.0,,
6104510000,Of wool or fine animal hair (442),61,0.149,"Free (AU,BH, CL,CO,IL,JO,KR, MA,OM,P, PA,PE,S,SG)",54.5%
61045200,Of cotton,61,0.083,"Free (AU,BH, CL,CO,IL,JO,KR, MA,OM, P,PA,PE,S,SG)",90%
6104520010,Women's (342),61,0.0,,
6104520020,Girls' (342),61,0.0,,
610453,Of synthetic fibers:,61,0.0,,
6104531000,Containing 23 percent or more by weight of wool or fine animal hair (442),61,0.149,"Free (AU,BH, CL,CO,IL,JO,KR, MA,OM,P, PA,PE,S,SG)",54.5%
61045320,Other,61,0.16,"Free (AU,BH, CL,CO,IL,JO,KR, MA,OM,P, PA,PE,S,SG)",72%
6104532010,Women's (642),61,0.0,,
6104532020,Girls' (642),61,0.0,,
610459,Of other textile materials:,61,0.0,,
61045910,Of artificial fibers,61,0.08,"Free (AU,BH, CL,CO,IL,JO,KR, MA,OM,P, PA,PE,S,SG)",72%
6104591005,Containing 23 percent or more by weight of wool or fine animal hair (442),61,0.0,,
6104591030,Women's (642),61,0.0,,
6104591060,Girls' (642),61,0.0,,
6104594000,Containing 70 percent or more by weight of silk or silk waste (742),61,0.009000000000000001,"Free (AU,BH, CL,CO,E,IL,JO, KR,MA,OM, P,PA,PE,S,SG)",45%
61045980,Other,61,0.055999999999999994,"Free (AU,BH, CL,CO,E*,IL,JO, KR,MA,OM, P,PA,PE,S,SG)",45%
6104598010,Subject to cotton restraints (342),61,0.0,,
6104598020,Subject to wool restraints (442),61,0.0,,
6104598030,Subject to man-made fiber restraints (642),61,0.0,,
6104598090,Other (842),61,0.0,,
61046100,Of wool or fine animal hair,61,0.149,"Free (AU,BH,CL,CO,IL,JO,KR,MA,OM,P,PA,PE,S,SG)",54.5%
6104610010,Trousers and breeches (448),61,0.0,,
6104610020,Shorts (448),61,0.0,,
6104610030,Bib and brace overalls (459),61,0.0,,
610462,Of cotton:,61,0.0,,
61046210,Bib and brace overalls,61,0.10300000000000001,"Free (AU,BH, CL,CO,IL,JO,KR, MA,OM,P, PA,PE,S,SG)",90%
6104621010,"Insulated, for cold weather protection (359)",61,0.0,,
6104621020,Women's (359),61,0.0,,
6104621030,Girls' (237),61,0.0,,
61046220,Other,61,0.149,"Free (AU,BH,CL,CO,IL,JO,KR, MA,OM,P, PA,PE,S,SG)",90%
6104622006,Containing 5 percent or more by weight of elastomeric yarn or rubber thread (348),61,0.0,,
6104622011,Other (348),61,0.0,,
6104622016,Containing 5 percent or more by weight of elastomeric yarn or rubber thread (237),61,0.0,,
6104622021,Other (237),61,0.0,,
6104622026,Containing 5 percent or more by weight of elastomeric yarn or rubber thread (348),61,0.0,,
6104622028,Other (348),61,0.0,,
6104622030,Women's (348),61,0.0,,
6104622050,Imported as parts of playsuits (237),61,0.0,,
6104622060,Other (348),61,0.0,,
610463,Of synthetic fibers:,61,0.0,,
61046310,Bib and brace overalls,61,0.149,"Free (AU,BH, CL,CO,IL,JO,KR, MA,OM,P, PA,PE,S,SG)",72%
6104631010,"Insulated, for cold weather protection (659)",61,0.0,,
6104631020,Women's (659),61,0.0,,
6104631030,Girls' (659),61,0.0,,
61046315,Containing 23 percent or more by weight of wool or fine animal hair,61,0.149,"Free (AU,BH, CL,CO,IL,JO,KR, MA,OM,P, PA,PE,S,SG)",54.5%
6104631510,Trousers and breeches (448),61,0.0,,
6104631520,Shorts (448),61,0.0,,
61046320,Other,61,0.282,"Free (AU,BH, CL,CO,IL,JO,KR, MA,OM, P,PA,PE,S,SG)",72%
6104632006,Containing 5 percent or more by weight of elastomeric yarn or rubber thread (648),61,0.0,,
6104632011,Other (648),61,0.0,,
6104632016,Containing 5 percent or more by weight of elastomeric yarn or rubber thread (237),61,0.0,,
6104632021,Other (237),61,0.0,,
6104632026,Containing 5 percent or more by weight of elastomeric yarn or rubber thread (648),61,0.0,,
6104632028,Other (648),61,0.0,,
6104632030,Women's (648),61,0.0,,
6104632050,Imported as parts of play suits (237),61,0.0,,
6104632060,Other (648),61,0.0,,
610469,Of other textile materials:,61,0.0,,
6104691000,Bib and brace overalls (659),61,0.136,"Free (AU,BH, CL,CO,IL,JO,KR, MA,OM,P, PA,PE,S,SG)",72%
61046920,"Trousers, breeches and shorts",61,0.282,"Free (AU,BH, CL,CO,IL,JO,KR, MA,OM,P, PA,PE,S,SG)",72%
6104692005,Containing 23 percent or more by by weight of wool or fine animal hair (448),61,0.0,,
6104692030,Trousers and breeches (648),61,0.0,,
6104692060,Shorts (648),61,0.0,,
61046940,Containing 70 percent or more by weight of silk or silk waste,61,0.009000000000000001,"Free (AU,BH, CL,CO,E,IL,JO, KR,MA,OM, P,PA,PE,S,SG)",60%
6104694010,Bib and brace overalls (759),61,0.0,,
6104694020,"Trousers, breeches and shorts (748)",61,0.0,,
61046980,Other,61,0.055999999999999994,"Free (AU,BH, CL,CO,E*,IL,JO, KR,MA,OM, P,PA,PE,S,SG)",60%
6104698010,Subject to cotton restraints (359),61,0.0,,
6104698012,Subject to wool restraints (459),61,0.0,,
6104698014,Subject to man-made fiber restraints (659),61,0.0,,
6104698020,Other (859),61,0.0,,
6104698022,Subject to cotton restraints (348),61,0.0,,
6104698024,Subject to wool restraints (448),61,0.0,,
6104698026,Subject to man-made fiber restraints (648),61,0.0,,
6104698038,Trousers and breeches (847),61,0.0,,
6104698040,Shorts (847),61,0.0,,
6105,"Men's or boys' shirts, knitted or crocheted:",61,0.0,,
61051000,Of cotton,61,0.19699999999999998,"Free (AU,BH,CL,CO,IL,JO,KR,MA,OM,P,PA,PE,S,SG)",45%
6105100010,Men's (338),61,0.0,,
6105100020,Imported as parts of playsuits (237),61,0.0,,
6105100030,Other (338),61,0.0,,
610520,Of man-made fibers:,61,0.0,,
6105201000,Containing 23 percent or more by weight of wool or fine animal hair (438),61,0.136,"Free (AU,BH, CL,CO,IL,JO,KR, MA,OM,P, PA,PE,S,SG)",54.5%
61052020,Other,61,0.32,"Free (AU,BH,CL,CO,IL,JO,KR,MA,OM,P,PA,PE,S,SG)",72%
6105202010,Men's (638),61,0.0,,
6105202020,Imported as parts of playsuits (237),61,0.0,,
6105202030,Other (638),61,0.0,,
610590,Of other textile materials:,61,0.0,,
6105901000,Of wool or fine animal hair (438),61,0.149,"Free (AU,BH, CL,CO,IL,JO,KR, MA,OM,P, PA,PE,S,SG)",54.5%
6105904000,Containing 70 percent or more by weight of silk or silk waste (738),61,0.009000000000000001,"Free (AU,BH, CL,CO,E,IL,JO, KR,MA,OM, P,PA,PE,S,SG)",60%
61059080,Other,61,0.055999999999999994,"Free (AU,BH, CL,CO,E*,IL,JO, KR,MA,OM, P,PA,PE,S,SG)",60%
6105908010,Subject to cotton restraints (338),61,0.0,,
6105908020,Subject to wool restraints (438),61,0.0,,
6105908030,Subject to man-made fiber restraints (638),61,0.0,,
6105908060,Other (838),61,0.0,,
6106,"Women's or girls' blouses and shirts, knitted or crocheted:",61,0.0,,
61061000,Of cotton,61,0.19699999999999998,"Free (AU,BH,CL,CO,IL,JO,KR,MA,OM,P,PA,PE,S,SG)",45%
6106100010,Women's (339),61,0.0,,
6106100020,Imported as parts of playsuits (237),61,0.0,,
6106100030,Other (339),61,0.0,,
610620,Of man-made fibers:,61,0.0,,
61062010,Containing 23 percent or more by weight of wool or fine animal hair,61,0.149,"Free (AU,BH,CL,CO,IL,JO,KR,MA,OM,P,PA,PE,S,SG)",54.5%
6106201010,Women's (438),61,0.0,,
6106201020,Girls' (438),61,0.0,,
61062020,Other,61,0.32,"Free (AU,BH,CL,CO,IL,JO,KR,MA,OM,P,PA,PE,S,SG)",72%
6106202010,Women's (639),61,0.0,,
6106202020,Imported as parts of playsuits (237),61,0.0,,
6106202030,Other (639),61,0.0,,
610690,Of other textile materials:,61,0.0,,
61069010,Of wool or fine animal hair,61,0.136,"Free (AU,BH, CL,CO,IL,JO,KR, MA,OM,P, PA,PE,S,SG)",54.5%
6106901010,Women's (438),61,0.0,,
6106901020,Girls' (438),61,0.0,,
6106901500,Containing 70 percent or more by weight of silk or silk waste (739),61,0.009000000000000001,"Free (AU,BH, CL,CO,E,IL,JO, KR,MA,OM, P,PA,PE,S,SG)",60%
61069025,Other,61,0.055999999999999994,"Free (AU,BH, CL,CO,E*,IL,JO, KR,MA,OM, P,PA,PE,S,SG)",60%
6106902510,Subject to cotton restraints (339),61,0.0,,
6106902520,Subject to wool restraints (438),61,0.0,,
6106902530,Subject to man-made fiber restraints (639),61,0.0,,
6106902550,Other (838),61,0.0,,
61069030,Other,61,0.047,"Free (AU,BH, CL,CO,E*,IL,JO, KR,MA,OM, P,PA,PE,S,SG)",45%
6106903010,Subject to cotton restraints (339),61,0.0,,
6106903020,Subject to wool restraints (438),61,0.0,,
6106903030,Subject to man-made fiber restraints (639),61,0.0,,
6106903040,Other (838),61,0.0,,
6107,"Men's or boys' underpants, briefs, nightshirts, pajamas, bathrobes, dressing gowns and similar articles, knitted or crocheted:",61,0.0,,
61071100,Of cotton,61,0.07400000000000001,"Free (AU,BH, CL,CO,IL,JO,KR, MA,OM,P, PA,PE,S,SG)",90%
6107110010,Men's (352),61,0.0,,
6107110020,Boys' (352),61,0.0,,
61071200,Of man-made fibers,61,0.149,"Free (AU,BH, CL,CO,IL,JO,KR, MA,OM,P, PA,PE,S,SG)",90%
6107120010,Men's (652),61,0.0,,
6107120020,Boys' (652),61,0.0,,
610719,Of other textile materials:,61,0.0,,
6107191000,Containing 70 percent or more by weight of silk or silk waste (752),61,0.009000000000000001,"Free (AU,BH, CL,CO,E,IL,JO, KR,MA,OM, P,PA,PE,S,SG)",55.5%
6107199000,Other (852),61,0.055999999999999994,"Free (AU,BH, CL,CO,E*,IL,JO, KR,MA,OM, P,PA,PE,S,SG)",55.5%
61072100,Of cotton,61,0.08900000000000001,"Free (AU,BH, CL,CO,IL,JO, KR,MA,OM, P,PA,PE,S,SG)",90%
6107210010,Men's (351),61,0.0,,
6107210020,Boys' (351),61,0.0,,
61072200,Of man-made fibers,61,0.16,"Free (AU,BH, CL,CO,IL,JO, KR,MA,OM, P,PA,PE,S,SG)",72%
6107220010,Men's (651),61,0.0,,
6107220015,Blanket sleepers (651),61,0.0,,
6107220025,Other (651),61,0.0,,
610729,Of other textile materials:,61,0.0,,
6107292000,Of wool or fine animal hair (459),61,0.085,"Free (AU,BH, CL,CO,IL,JO,KR, MA,OM,P, PA,PE,S,SG)",54.5%
6107295000,Containing 70 percent or more by weight of silk or silk waste (751),61,0.009000000000000001,"Free (AU,BH, CL,CO,E,IL,JO, KR,MA,OM, P,PA,PE,S,SG)",60%
6107299000,Other (851),61,0.055999999999999994,"Free (AU,BH, CL,CO,E*,IL,JO, KR,MA,OM, P,PA,PE,S,SG)",60%
61079100,Of cotton,61,0.087,"Free (AU,BH, CL,CO,IL,JO,KR, MA,OM, P,PA,PE,S,SG)",90%
6107910030,Sleepwear (351),61,0.0,,
6107910040,Men's (350),61,0.0,,
6107910090,Boys' (350),61,0.0,,
610799,Of other textile materials:,61,0.0,,
61079910,Of man-made fibers,61,0.149,"Free (AU,BH, CL,CO,IL,JO,KR, MA,OM,P, PA,PE,S,SG)",72%
6107991030,Sleepwear (651),61,0.0,,
6107991040,Men's (650),61,0.0,,
6107991090,Boys' (650),61,0.0,,
6107992000,Of wool or fine animal hair (459),61,0.136,"Free (AU,BH, CL,CO,IL,JO,KR, MA,OM,P, PA,PE,S,SG)",54.5%
61079950,Containing 70 percent or more by weight of silk or silk waste,61,0.008,"Free (AU,BH, CL,CO,E,IL,JO, KR,MA,OM, P,PA,PE,S,SG)",60%
6107995013,Sleepwear (751),61,0.0,,
6107995015,Other (750),61,0.0,,
6107999000,Other (850),61,0.048,"Free (AU,BH, CL,CO,E*,IL,JO, KR,MA,OM, P,PA,PE,S,SG)",60%
6108,"Women's or girls' slips, petticoats, briefs, panties, night dresses, pajamas, negligees, bathrobes, dressing gowns and similar articles, knitted or crocheted:",61,0.0,,
61081100,Of man-made fibers,61,0.149,"Free (AU,BH, CL,CO,IL,JO,KR, MA,OM, P,PA,PE,S,SG)",90%
6108110010,Women's (652),61,0.0,,
6108110020,Girls' (652),61,0.0,,
6108191000,Containing 70 percent or more by weight of silk or silk waste (752),61,0.011000000000000001,"Free (AU,BH, CL,CO,E,IL,JO, KR,MA,OM, P,PA,PE,S,SG)",60%
61081990,Other,61,0.066,"Free (AU,BH, CL,CO,E*,IL,JO, KR,MA,OM, P,PA,PE,S,SG)",60%
6108199010,Of cotton (352),61,0.0,,
6108199030,Other (852),61,0.0,,
61082100,Of cotton,61,0.076,"Free (AU,BH, CL,CO,IL,JO,KR, MA,OM,P, PA,PE,S,SG)",90%
6108210010,Women's (352),61,0.0,,
6108210020,Girls' (352),61,0.0,,
610822,Of man-made fibers:,61,0.0,,
6108221000,Disposable briefs and panties designed for one-time use,61,0.083,"Free (AU,BH, CL,CO,E,IL,JO, KR,MA,OM, P,PA,PE,S,SG)",90%
61082290,Other,61,0.156,"Free (AU,BH, CL,CO,IL,JO,KR, MA,OM, P,PA,PE,S,SG)",90%
6108229020,Women's (652),61,0.0,,
6108229030,Girls' (652),61,0.0,,
610829,Of other textile materials:,61,0.0,,
6108291000,Containing 70 percent or more by weight of silk or silk waste (752),61,0.021,"Free (AU,BH, CL,CO,E,IL,JO, KR,MA,OM, P,PA,PE,S,SG)",90%
6108299000,Other (852),61,0.133,"Free (AU,BH, CL,CO,E,IL,JO, KR,MA,OM, P,PA,PE,S,SG)",90%
61083100,Of cotton,61,0.085,"Free (AU,BH, CL,CO,IL,JO,KR, MA,OM, P,PA,PE,S,SG)",90%
6108310010,Women's (351),61,0.0,,
6108310020,Girls' (351),61,0.0,,
61083200,Of man-made fibers,61,0.16,"Free (AU,BH,CL, CO,IL,JO,KR, MA,OM, P,PA,PE,S,SG)",72%
6108320010,Women's (651),61,0.0,,
6108320015,Blanket sleepers (651),61,0.0,,
6108320025,Other (651),61,0.0,,
610839,Of other textile materials:,61,0.0,,
6108391000,Of wool or fine animal hair (459),61,0.085,"Free (AU,BH, CL,CO,IL,JO,KR, MA,OM, P,PA,PE,S,SG)",54.5%
6108394000,Containing 70 percent or more by weight of silk or silk waste (751),61,0.006,"Free (AU,BH, CL,CO,E,IL,JO, KR,MA,OM, P,PA,PE,S,SG)",60%
6108398000,Other (851),61,0.038,"Free (AU,BH, CL,CO,E,IL,JO, KR,MA,OM, P,PA,PE,S,SG)",60%
61089100,Of cotton,61,0.085,"Free (AU,BH,CL,CO,IL,JO,KR,MA,OM,P,PA,PE,S,SG)",90%
6108910005,Underpants (352),61,0.0,,
6108910015,Women's (352),61,0.0,,
6108910025,Girls' (352),61,0.0,,
6108910030,Women's (350),61,0.0,,
6108910040,Girls' (350),61,0.0,,
61089200,Of man-made fibers,61,0.16,"Free (AU,BH,CL,CO,IL,JO,KR,MA,OM,P,PA,PE,S,SG)",72%
6108920005,Underpants (652),61,0.0,,
6108920015,Women's (652),61,0.0,,
6108920025,Girls' (652),61,0.0,,
6108920030,Women's (650),61,0.0,,
6108920040,Girls' (650),61,0.0,,
610899,Of other textile materials:,61,0.0,,
6108992000,Of wool or fine animal hair (459),61,0.085,"Free (AU,BH,CL, CO,IL,JO,KR, MA,OM,P, PA,PE,S,SG)",54.5%
61089950,Containing 70 percent or more by weight of silk or silk waste,61,0.006,"Free (AU,BH, CL,CO,E,IL,JO, KR,MA,OM, P,PA,PE,S,SG)",60%
6108995013,Underwear (752),61,0.0,,
6108995015,Other (750),61,0.0,,
6108999000,Other (850),61,0.038,"Free (AU,BH,CL,CO,E,IL,JO,KR,MA,OM,P,PA,PE,S,SG)",60%
6109,"T-shirts, singlets, tank tops and similar garments, knitted or crocheted:",61,0.0,,
61091000,Of cotton,61,0.165,"Free (AU,BH,CL,CO,IL,JO,KR,MA,OM,P,PA,PE,S,SG)",90%
6109100004,"T-shirts, all white, short hemmed sleeves, hemmed bottom, crew or round neckline, or V-neck with a mitered seam at the center of the V, without pockets, trim or embroidery (352)",61,0.0,,
6109100007,"Singlets, all white, without pockets, trim or embroidery (352)",61,0.0,,
6109100011,Thermal undershirts (352),61,0.0,,
6109100012,Men's (338),61,0.0,,
6109100014,Boys' (338),61,0.0,,
6109100018,Men's (338),61,0.0,,
6109100023,Boys' (338),61,0.0,,
6109100027,Other (338),61,0.0,,
6109100037,Underwear (352),61,0.0,,
6109100040,Women's (339),61,0.0,,
6109100045,Girls' (339),61,0.0,,
6109100060,Women's (339),61,0.0,,
6109100065,Girls' (339),61,0.0,,
6109100070,Other (339),61,0.0,,
610990,Of other textile materials:,61,0.0,,
61099010,Of man-made fibers,61,0.32,"Free (AU,BH,CL,CO,IL,JO,KR,MA,OM,P,PA,PE,S,SG)",90%
6109901007,Men's (638),61,0.0,,
6109901009,Boys' (638),61,0.0,,
6109901013,Men's (638),61,0.0,,
6109901025,Boys' (638),61,0.0,,
6109901047,Thermal undershirts (652),61,0.0,,
6109901049,Other (638),61,0.0,,
6109901050,Women's (639),61,0.0,,
6109901060,Girls' (639),61,0.0,,
6109901065,Women's (639),61,0.0,,
6109901070,Girls' (639),61,0.0,,
6109901075,Thermal undershirts (652),61,0.0,,
6109901090,Other (639),61,0.0,,
61099015,"Of wool, with long sleeves",61,0.055999999999999994,"Free (AU,BH, CL,CO,IL,JO,KR, MA,OM,P, PA,PE,S,SG)",55.5%
6109901510,Underwear (459),61,0.0,,
6109901520,Other (438),61,0.0,,
6109901530,Underwear (459),61,0.0,,
6109901540,Other (438),61,0.0,,
61099040,Containing 70 percent or more by weight of silk or silk waste,61,0.026000000000000002,"Free (AU,BH, CL,CO,E,IL,JO, KR,MA,OM, P,PA,PE,S,SG)",90%
6109904010,Men's or boys' (738),61,0.0,,
6109904020,Women's or girls' (739),61,0.0,,
61099080,Other,61,0.16,"Free (AU,BH,CL,CO,E*,IL,JO,KR,MA,OM,P,PA,PE,S,SG)",90%
6109908010,Men's or boys' (838),61,0.0,,
6109908020,Of wool (438),61,0.0,,
6109908030,Other (838),61,0.0,,
6110,"Sweaters, pullovers, sweatshirts, waistcoats (vests) and similar articles, knitted or crocheted:",61,0.0,,
61101100,Of wool,61,0.16,"Free (AU,BH, CL,CO,IL,JO,KR, MA,OM,P, PA,PE,S,SG)",54.5%
6110110015,Men's (445),61,0.0,,
6110110025,Boys' (445),61,0.0,,
6110110030,Women's (446),61,0.0,,
6110110040,Girls' (446),61,0.0,,
6110110050,Men's or boys' (459),61,0.0,,
6110110060,Women's or girls' (459),61,0.0,,
6110110070,Men's or boys' (438),61,0.0,,
6110110080,Women's or girls' (438),61,0.0,,
611012,Of Kashmir (cashmere) goats:,61,0.0,,
61101210,Wholly of cashmere,61,0.04,"Free (AU,BH, CL,CO,IL,JO,KR, MA,OM,P, PA,PE,S,SG)",52%
6110121010,Men's or boys' (445),61,0.0,,
6110121020,Women's or girls' (446),61,0.0,,
6110121030,Men's or boys' (445),61,0.0,,
6110121040,Women's or girls' (446),61,0.0,,
6110121050,Men's or boys' (445),61,0.0,,
6110121060,Women's or girls' (446),61,0.0,,
61101220,Other,61,0.16,"Free (AU,BH, CL,CO,IL,JO,KR, MA,OM,P, PA,PE,S,SG)",54.5%
6110122010,Men's (445),61,0.0,,
6110122020,Boys' (445),61,0.0,,
6110122030,Women's (446),61,0.0,,
6110122040,Girls' (446),61,0.0,,
6110122050,Men's or boys' (459),61,0.0,,
6110122060,Women's or girls' (459),61,0.0,,
6110122070,Men's or boys' (438),61,0.0,,
6110122080,Women's or girls' (438),61,0.0,,
61101900,Other,61,0.16,"Free (AU,BH, CL,CO,IL,JO,KR, MA,OM,P, PA,PE,S,SG)",54.5%
6110190015,Men's (445),61,0.0,,
6110190025,Boys' (445),61,0.0,,
6110190030,Women's (446),61,0.0,,
6110190040,Girls' (446),61,0.0,,
6110190050,Men's or boys' (459),61,0.0,,
6110190060,Women's or girls' (459),61,0.0,,
6110190070,Men's or boys' (438),61,0.0,,
6110190080,Women's or girls' (438),61,0.0,,
611020,Of cotton:,61,0.0,,
61102010,Containing 36 percent or more by weight of flax fibers,61,0.05,"Free (AU,BH, CL,CO,IL,JO,KR, MA,OM,P, PA,PE,S,SG)",45%
6110201010,Men's or boys' (345),61,0.0,,
6110201020,Women's or girls' (345),61,0.0,,
6110201022,Men's or boys' (359),61,0.0,,
6110201024,Women's or girls' (359),61,0.0,,
6110201026,Knit to shape articles described in statistical note 6 to this chapter (338),61,0.0,,
6110201029,Other (338),61,0.0,,
6110201031,Knit to shape articles described in statistical note 6 to this chapter (339),61,0.0,,
6110201033,Other (339),61,0.0,,
61102020,Other,61,0.165,"Free (AU,BH,CL,CO,IL,JO,KR,MA,OM,P,PA,PE,S,SG)",50%
6110202005,Boys' or girls' garments imported as parts of playsuits (237),61,0.0,,
6110202010,Men's (345),61,0.0,,
6110202015,Boys' (345),61,0.0,,
6110202020,Women's (345),61,0.0,,
6110202025,Girls' (345),61,0.0,,
6110202030,Men's or boys' (359),61,0.0,,
6110202035,Women's or girls' (359),61,0.0,,
6110202041,Men's (338),61,0.0,,
6110202044,Boys' (338),61,0.0,,
6110202046,Women's (339),61,0.0,,
6110202049,Girls' (339),61,0.0,,
6110202067,Knit to shape articles described in statistical note 6 to this chapter (338),61,0.0,,
6110202069,Other (338),61,0.0,,
6110202077,Knit to shape articles described in statistical note 6 to this chapter (339),61,0.0,,
6110202079,Other (339),61,0.0,,
611030,Of man-made fibers:,61,0.0,,
61103010,Containing 25 percent or more by weight of leather,61,0.06,"Free (AU,BH, CL,CO,IL,JO,KR, MA,OM,P, PA,PE,S,SG)",35%
6110301010,Men's or boys' (645),61,0.0,,
6110301020,Women's or girls' (646),61,0.0,,
6110301030,Men's or boys' (659),61,0.0,,
6110301040,Women's or girls' (659),61,0.0,,
6110301050,Men's or boys' (638),61,0.0,,
6110301060,Women's or girls' (639),61,0.0,,
61103015,Containing 23 percent or more by weight of wool or fine animal hair,61,0.17,"Free (AU,BH, CL,CO,IL,JO,KR, MA,OM,P, PA,PE,S,SG)",54.5%
6110301510,Men's or boys' (445),61,0.0,,
6110301520,Women's or girls' (446),61,0.0,,
6110301530,Men's or boys' (459),61,0.0,,
6110301540,Women's or girls' (459),61,0.0,,
6110301550,Men's or boys' (438),61,0.0,,
6110301560,Women's or girls' (438),61,0.0,,
61103020,Containing 30 percent or more by weight of silk or silk waste,61,0.063,"Free (AU,BH, CL,CO,IL,JO,KR, MA,OM,P, PA,PE,S,SG)",90%
6110302010,Men's or boys' (645),61,0.0,,
6110302020,Women's or girls' (646),61,0.0,,
6110302030,Men's or boys' (659),61,0.0,,
6110302040,Women's or girls' (659),61,0.0,,
6110302051,Knit to shape articles described in statistical note 6 to this chapter (638),61,0.0,,
6110302053,Other (638),61,0.0,,
6110302061,Knit to shape articles described in statistical note 6 to this chapter (639),61,0.0,,
6110302063,Other (639),61,0.0,,
61103030,Other,61,0.32,"Free (AU,BH, CL,CO,IL,JO,KR, MA,OM,P, PA,PE,S,SG)",90%
6110303005,Boys' and girls' garments imported as parts of playsuits (237),61,0.0,,
6110303010,Men's (645),61,0.0,,
6110303015,Boys' (645),61,0.0,,
6110303020,Women's (646),61,0.0,,
6110303025,Girls' (646),61,0.0,,
6110303030,Men's or boys' (659),61,0.0,,
6110303035,Women's or girls' (659),61,0.0,,
6110303041,Men's (638),61,0.0,,
6110303044,Boys' (638),61,0.0,,
6110303045,Women's or girls' (639),61,0.0,,
6110303051,Knit to shape articles described in statistical note 6 to this chapter (638),61,0.0,,
6110303053,Other (638),61,0.0,,
6110303057,Knit to shape articles described in statistical note 6 to this chapter (639),61,0.0,,
6110303059,Other (639),61,0.0,,
611090,Of other textile materials:,61,0.0,,
61109010,Containing 70 percent or more by weight of silk or silk waste,61,0.009000000000000001,"Free (AU,BH, CL,CO,E,IL,JO, KR,MA,OM, P,PA,PE,S,SG)",60%
6110901010,Men's or boys' (745),61,0.0,,
6110901020,Women's or girls' (746),61,0.0,,
6110901030,Men's or boys' (759),61,0.0,,
6110901040,Women's or girls' (759),61,0.0,,
6110901050,Men's or boys' (738),61,0.0,,
6110901060,Women's or girls' (739),61,0.0,,
61109090,Other,61,0.06,"Free (AU,BH, CL,CO,E*,IL,JO, KR,MA,OM, P,PA,PE,S,SG)",60%
6110909010,Subject to cotton restraints (345),61,0.0,,
6110909012,Subject to wool restraints (445),61,0.0,,
6110909014,Subject to man-made fiber restraints (645),61,0.0,,
6110909015,Of silk (846),61,0.0,,
6110909023,Other (845),61,0.0,,
6110909026,Subject to cotton restraints (345),61,0.0,,
6110909028,Subject to wool restraints (446),61,0.0,,
6110909030,Subject to man-made fiber restraints (646),61,0.0,,
6110909034,Of silk (846),61,0.0,,
6110909041,Other (845),61,0.0,,
6110909044,Men's or boys' (359),61,0.0,,
6110909046,Women's or girls' (359),61,0.0,,
6110909048,Men's or boys' (459),61,0.0,,
6110909050,Women's or girls' (459),61,0.0,,
6110909052,Men's or boys' (659),61,0.0,,
6110909054,Women's or girls' (659),61,0.0,,
6110909064,Men's or boys' (859),61,0.0,,
6110909066,Women's or girls' (859),61,0.0,,
6110909067,Knit to shape articles described in statistical note 6 to this chapter (338),61,0.0,,
6110909069,Other (338),61,0.0,,
6110909071,Knit to shape articles described in statistical note 6 to this chapter (339),61,0.0,,
6110909073,Other (339),61,0.0,,
6110909075,Men's or boys' (438),61,0.0,,
6110909077,Women's or girls' (438),61,0.0,,
6110909079,Knit to shape articles described in statistical note 6 to this chapter (638),61,0.0,,
6110909080,Other (638),61,0.0,,
6110909081,Knit to shape articles described in statistical note 6 to this chapter (639),61,0.0,,
6110909082,Other (639),61,0.0,,
6110909088,Men's or boys' (838),61,0.0,,
6110909090,Women's or girls' (838),61,0.0,,
6111,"Babies' garments and clothing accessories, knitted or crocheted:",61,0.0,,
611120,Of cotton:,61,0.0,,
6111201000,"Blouses and shirts, except those imported as parts of sets (239)",61,0.19699999999999998,"Free (AU,BH, CL,CO,IL,JO,KR, MA,OM,P, PA,PE,S,SG)",90%
6111202000,"T-shirts, singlets and similar garments, except those imported as parts of sets (239)",61,0.149,"Free (AU,BH, CL,CO,IL,JO,KR, MA,OM,P, PA,PE,S,SG)",90%
6111203000,"Sweaters, pullovers, sweatshirts, waistcoats (vests) and similar articles, except those imported as parts of sets (239)",61,0.149,"Free (AU,BH, CL,CO,IL,JO,KR, MA,OM,P, PA,PE,S,SG)",90%
6111204000,Dresses (239),61,0.115,"Free (AU,BH, CL,CO,IL,JO,KR, MA,OM,P, PA,PE,S,SG)",45%
6111205000,"Trousers, breeches and shorts, except those imported as parts of sets (239)",61,0.149,"Free (AU,BH, CL,CO,IL,JO,KR, MA,OM,P, PA,PE,S,SG)",90%
61112060,Other,61,0.081,"Free (AU,BH,CL,CO,IL,JO,KR,MA,OM,P,PA,PE,S,SG)",90%
6111206010,"Sunsuits, washsuits and similar apparel (239)",61,0.0,,
6111206020,Sets (239),61,0.0,,
6111206030,Imported as parts of sets (239),61,0.0,,
6111206050,Babiesʼ socks and booties (239),61,0.0,,
6111206070,Other (239),61,0.0,,
611130,Of synthetic fibers:,61,0.0,,
6111301000,"Trousers, breeches and shorts, except those imported as parts of sets (239)",61,0.282,"Free (AU,BH, CL,CO,IL,JO,KR, MA,OM,P, PA,PE,S,SG)",90%
6111302000,"Blouses and shirts, except those imported as parts of sets (239)",61,0.32,"Free (AU,BH, CL,CO,IL,JO,KR, MA,OM,P, PA,PE,S,SG)",90%
6111303000,"T-shirts, singlets and similar garments, except those imported as parts of sets (239)",61,0.32,"Free (AU,BH, CL,CO,IL,JO,KR, MA,OM,P, PA,PE,S,SG)",90%
6111304000,"Sweaters, pullovers, sweatshirts, waistcoats (vests) and similar articles, except those imported as parts of sets (239)",61,0.3,"Free (AU,BH, CL,CO,IL,JO,KR, MA,OM,P, PA,PE,S,SG)",90%
61113050,Other,61,0.16,"Free (AU,BH,CL,CO,IL,JO,KR,MA,OM,P,PA,PE,S,SG)",90%
6111305010,"Sunsuits, washsuits and similar apparel (239)",61,0.0,,
6111305015,Blanket sleepers (239),61,0.0,,
6111305020,Sets (239),61,0.0,,
6111305030,Imported as parts of sets (239),61,0.0,,
6111305050,Babiesʼ socks and booties (239),61,0.0,,
6111305070,Other (239),61,0.0,,
611190,Of other textile materials:,61,0.0,,
61119005,Of wool or fine animal hair,61,0.136,"Free (AU,BH,CL,CO,IL,JO,KR,MA,OM,P,PA,PE,S,SG)",78.5%
6111900510,"Sweaters, pullovers, sweatshirts, waistcoats (vests) and similar articles (439)",61,0.0,,
6111900530,Other (439),61,0.0,,
6111901000,"Trousers, breeches and shorts, except those imported as parts of sets (239)",61,0.149,"Free (AU,BH, CL,CO,IL,JO,KR, MA,OM,P, PA,PE,S,SG)",90%
6111902000,"Blouses and shirts, except those imported as parts of sets (239)",61,0.17300000000000001,"Free (AU,BH, CL,CO,IL,JO,KR, MA,OM,P, PA,PE,S,SG)",90%
6111903000,"T-shirts, singlets and similar garments, except those imported as parts of sets (239)",61,0.0,,90%
6111904000,"Sweaters, pullovers, sweatshirts, waistcoats (vests) and similar except those imported as parts of sets (239)",61,0.26,"Free (AU,BH, CL,CO,IL,JO,KR, MA,OM,P, PA,PE,S,SG)",90%
61119050,Other,61,0.149,"Free (AU,BH,CL,CO,IL,JO,KR,MA,OM,P,PA,PE,S,SG)",90%
6111905010,"Sunsuits, playsuits and washsuits (239)",61,0.0,,
6111905020,Sets (239),61,0.0,,
6111905030,Imported as parts of sets (239),61,0.0,,
6111905050,Babiesʼ socks and booties (239),61,0.0,,
6111905070,Other (239),61,0.0,,
6111907000,Containing 70 percent or more by weight of silk or silk waste,61,0.009000000000000001,"Free (AU,BH, CL,CO,E,IL,JO, KR,MA,OM, P,PA,PE,S,SG)",60%
6111909000,Other (839),61,0.055999999999999994,"Free (AU,BH, CL,CO,E*,IL,JO, KR,MA,OM, P,PA,PE,S,SG)",60%
6112,"Track suits, ski-suits and swimwear, knitted or crocheted:",61,0.0,,
61121100,Of cotton,61,0.149,"Free (AU,BH, CL,CO,IL,JO,KR, MA,OM,P, PA,PE,S,SG)",45%
6112110010,Men's or boys' (334),61,0.0,,
6112110020,Women's or girls (335),61,0.0,,
6112110030,Men's or boys' (338),61,0.0,,
6112110040,Women's or girls' (339),61,0.0,,
6112110050,Men's or boys' (347),61,0.0,,
6112110060,Women's or girls' (348),61,0.0,,
61121200,Of synthetic fibers,61,0.282,"Free (AU,BH, CL,CO,IL,JO,KR, MA,OM,P, PA,PE,S,SG)",72%
6112120010,Men's or boys' (634),61,0.0,,
6112120020,Women's or girls' (635),61,0.0,,
6112120030,Men's or boys' (638),61,0.0,,
6112120040,Women's or girls' (639),61,0.0,,
6112120050,Men's or boys' (647),61,0.0,,
6112120060,Women's or girls' (648),61,0.0,,
611219,Of other textile materials:,61,0.0,,
61121910,Of artificial fibers,61,0.282,"Free (AU,BH,CL, CO,IL,JO,KR, MA,OM,P, PA,PE,S,SG)",72%
6112191010,Men's or boys' (634),61,0.0,,
6112191020,Women's or girls' (635),61,0.0,,
6112191030,Men's or boys' (638),61,0.0,,
6112191040,Women's or girls' (639),61,0.0,,
6112191050,Men's or boys' (647),61,0.0,,
6112191060,Women's or girls' (648),61,0.0,,
61121940,Containing 70 percent or more by weight of silk or silk waste,61,0.035,"Free (AU,BH, CL,CO,E,IL,JO, KR,MA,OM, P,PA,PE,S,SG)",90%
6112194010,Men's or boys' (734),61,0.0,,
6112194020,Women's or girls' (735),61,0.0,,
6112194030,Men's or boys' (738),61,0.0,,
6112194040,Women's or girls' (739),61,0.0,,
6112194050,Men's or boys' (747),61,0.0,,
6112194060,Women's or girls' (748),61,0.0,,
61121980,Other,61,0.21600000000000003,"Free (AU,BH, CL,CO,E*,IL,JO, KR,MA,OM, P,PA,PE,S,SG)",90%
6112198010,Men's or boys' (834),61,0.0,,
6112198020,Women's or girls' (835),61,0.0,,
6112198030,Men's or boys' (838),61,0.0,,
6112198040,Women's or girls' (838),61,0.0,,
6112198050,Men's or boys' (847),61,0.0,,
6112198060,Women's or girls' (847),61,0.0,,
611220,Ski-suits:,61,0.0,,
61122010,Of man-made fibers,61,0.282,"Free (AU,BH, CL,CO,IL,JO,KR, MA,OM,P, PA,PE,S,SG)",72%
6112201010,Men's or boys' (634),61,0.0,,
6112201020,Women's or girls' (635),61,0.0,,
6112201030,Men's or boys' (634),61,0.0,,
6112201040,Women's or girls' (635),61,0.0,,
6112201050,Other (659),61,0.0,,
6112201060,Men's or boys' (647),61,0.0,,
6112201070,Women's or girls' (648),61,0.0,,
6112201080,Men's or boys' (659),61,0.0,,
6112201090,Women's or girls' (659),61,0.0,,
61122020,Other,61,0.083,"Free (AU,BH, CL,CO,E*,IL,JO, KR,MA,OM, P,PA,PE,S,SG)",90%
6112202010,Of cotton (359),61,0.0,,
6112202020,Of wool or fine animal hair (459),61,0.0,,
6112202030,Other (859),61,0.0,,
61123100,Of synthetic fibers,61,0.259,"Free (AU,BH, CL,CO,IL,JO,KR, MA,OM, P,PA,PE,S,SG)",90%
6112310010,Men's (659),61,0.0,,
6112310020,Boys' (659),61,0.0,,
61123900,Of other textile materials,61,0.132,"Free (AU,BH, CL,CO,E*,IL,JO, KR,MA,OM, P,PA,PE,S,SG)",90%
6112390010,Of cotton (359),61,0.0,,
6112390015,Containing 70 percent or more by weight of silk or silk waste (759),61,0.0,,
6112390090,Other (859),61,0.0,,
61124100,Of synthetic fibers,61,0.249,"Free (AU,BH, CL,CO,IL,JO,KR, MA,OM, P,PA,PE,S,SG)",90%
6112410010,Women's (659),61,0.0,,
6112410020,Girls' (659),61,0.0,,
6112410030,Women's (659),61,0.0,,
6112410040,Girls' (659),61,0.0,,
61124900,Of other textile materials,61,0.132,"Free (AU,BH, CL,CO,E*,IL,JO, KR,MA,OM, P,PA,PE,S,SG)",90%
6112490010,Of cotton (359),61,0.0,,
6112490015,Containing 70 percent or more by weight of silk or silk waste (759),61,0.0,,
6112490090,Other (859),61,0.0,,
611300,"Garments, made up of knitted or crocheted fabrics of heading 5903, 5906 or 5907:",61,0.0,,
61130010,"Having an outer surface impregnated, coated, covered, or laminated with rubber or plastics material which completely obscures the underlying fabric",61,0.038,"Free (AU,BH, CL,CO,E,IL,JO, KR,MA,OM, P,PA,PE,S,SG)",65%
6113001005,Men's or boys',61,0.0,,
6113001010,Women's or girls',61,0.0,,
6113001012,Other,61,0.0,,
61130090,Other,61,0.071,"Free (AU,BH, CL,CO,E*,IL,JO, KR,MA,OM, P,PA,PE,S,SG)",65%
6113009015,Men's or boys' (334),61,0.0,,
6113009020,Women's or girls' (335),61,0.0,,
6113009025,Men's or boys' (634),61,0.0,,
6113009030,Women's or girls' (635),61,0.0,,
6113009038,Men's or boys' (347),61,0.0,,
6113009042,Women's or girls (348),61,0.0,,
6113009044,Men's or boys' (647),61,0.0,,
6113009052,Women's or girls' (648),61,0.0,,
6113009055,Men's or boys' (359),61,0.0,,
6113009060,Women's or girls' (359),61,0.0,,
6113009065,Men's or boys' (659),61,0.0,,
6113009070,Women's or girls' (659),61,0.0,,
6113009074,Men's or boys' (359),61,0.0,,
6113009082,Women's or girls' (359),61,0.0,,
6113009084,Men's or boys' (659),61,0.0,,
6113009086,Women's or girls' (659),61,0.0,,
6114,"Other garments, knitted or crocheted:",61,0.0,,
61142000,Of cotton,61,0.10800000000000001,"Free (AU,BH,CL,CO,IL,JO,KR,MA,OM,P,PA,PE,S,SG)",90%
6114200005,Men's or boys' (338),61,0.0,,
6114200010,Women's or girls' (339),61,0.0,,
6114200015,Jumpers (359),61,0.0,,
6114200020,Bodysuits and bodyshirts (359),61,0.0,,
6114200035,Boys' (237),61,0.0,,
6114200040,Women's or girls' (237),61,0.0,,
6114200042,"Insulated, for cold weather protection (359)",61,0.0,,
6114200044,"Boys', sizes 2-7 (237)",61,0.0,,
6114200046,Girls' (237),61,0.0,,
6114200048,Men's and other boys' (359),61,0.0,,
6114200052,Women's (359),61,0.0,,
6114200055,Men's or boys' (359),61,0.0,,
6114200060,Women's or girls' (359),61,0.0,,
611430,Of man-made fibers:,61,0.0,,
61143010,Tops,61,0.282,"Free (AU,BH,CL,CO,IL,JO,KR,MA,OM,P,PA,PE,S,SG)",90%
6114301010,Men's or boys' (638),61,0.0,,
6114301020,Women's or girls' (639),61,0.0,,
61143020,Bodysuits and bodyshirts,61,0.32,"Free (AU,BH, CL,CO,IL,JO,KR, MA,OM,P, PA,PE,S,SG)",90%
6114302010,Of fabric containing by weight 5 percent or more elastomeric yarn or rubber thread (659),61,0.0,,
6114302030,Containing 23 percent or more by weight of wool or fine animal hair (459),61,0.0,,
6114302060,Other (659),61,0.0,,
61143030,Other,61,0.149,"Free (AU,BH, CL,CO,IL,JO,KR, MA,OM,P, PA,PE,S,SG)",90%
6114303012,Containing 23 percent or more by weight of wool orfine animal hair (459),61,0.0,,
6114303014,Other (659),61,0.0,,
6114303020,Boys' (237),61,0.0,,
6114303030,Women's or girls' (237),61,0.0,,
6114303042,Containing 23 percent or more by weight of wool or fine animal hair (459),61,0.0,,
6114303044,Other (659),61,0.0,,
6114303052,Containing 23 percent or more by weight of wool or fine animal hair (459),61,0.0,,
6114303054,Other (659),61,0.0,,
6114303060,Men's or boys' (659),61,0.0,,
6114303070,Women's or girls' (659),61,0.0,,
611490,Of other textile materials:,61,0.0,,
61149005,Of wool or fine animal hair,61,0.12,"Free (AU,BH,CL,CO,IL,JO,KR,MA,OM,P,PA,PE,S,SG)",90%
6114900520,Men's or boys' (438),61,0.0,,
6114900540,Women's or girls' (438),61,0.0,,
6114900550,Jumpers (459),61,0.0,,
6114900560,Men's or boys' (459),61,0.0,,
6114900570,Women's or girls' (459),61,0.0,,
61149010,Containing 70 percent or more by weight of silk or silk waste,61,0.009000000000000001,"Free (AU,BH, CL,CO,E,IL,JO, KR,MA,OM, P,PA,PE,S,SG)",60%
6114901010,Men's or boys' (738),61,0.0,,
6114901020,Women's or girls' (739),61,0.0,,
6114901030,Jumpers (759),61,0.0,,
6114901040,"Sunsuits, washsuits and similar apparel (759)",61,0.0,,
6114901050,"Coveralls, jumpsuits and similar apparel (759)",61,0.0,,
6114901060,Other (759),61,0.0,,
61149090,Other,61,0.055999999999999994,"Free (AU,BH, CL,CO,E*,IL,JO, KR,MA,OM, P,PA,PE,S,SG)",60%
6114909010,Tops (838),61,0.0,,
6114909020,Jumpers (859),61,0.0,,
6114909030,"Sunsuits, washsuits and similar apparel (859)",61,0.0,,
6114909040,"Coveralls, jumpsuits and similar apparel (859)",61,0.0,,
6114909045,Subject to cotton restraints (359),61,0.0,,
6114909050,Subject to wool restraints (459),61,0.0,,
6114909055,Subject to man-made fiber restraints (659),61,0.0,,
6114909070,Other (859),61,0.0,,
6115,"Panty hose, tights, stockings, socks and other hosiery, including graduated compression hosiery (for example, stockings for varicose veins) and footwear without applied soles, knitted or crocheted:",61,0.0,,
611510,"Graduated compression hosiery (for example, stockings for varicose veins):",61,0.0,,
6115100500,Surgical panty hose and surgical stockings with graduated compression for orthopedic treatment,61,0.0,,40%
6115101000,Of synthetic fibers (659),61,0.149,"Free (AU,BH, CL,CO,IL,JO,KR, MA,OM,P, PA,PE,S,SG)",72%
61151015,Of other textile materials,61,0.16,"Free (AU,BH, CL,CO,E*,IL,JO, KR,MA,OM, P,PA,PE,S,SG)",90%
6115101510,Of cotton (359),61,0.0,,
6115101520,Of wool or fine animal hair (459),61,0.0,,
6115101540,Other (859),61,0.0,,
6115103000,Of cotton (332),61,0.135,"Free (AU,BH,CL,CO,IL,JO,KR,MA,OM,P,PA,PE,S,SG)",51%
6115104000,Of synthetic fibers (632),61,0.146,"Free (AU,BH,CL,CO,IL,JO,KR,MA,OM,P,PA,PE,S,SG)",72%
6115105500,Of artificial fibers (632),61,0.146,"Free (AU,BH,CL,CO,IL,JO,KR,MA,OM,P,PA,PE,S,SG)",72%
6115106000,Of other textile materials (832),61,0.099,"Free (AU,BH,CL,CO,E*,IL,JO,KR,MA,OM,P,PA,PE,S,SG)",90%
61152100,"Of synthetic fibers, measuring per single yarn less than 67 decitex",61,0.16,"Free (AU,BH, CL,CO,IL,JO,KR, MA,OM,P, PA,PE,S,SG)",72%
6115210010,Tights (659),61,0.0,,
6115210020,Other (632),61,0.0,,
6115220000,"Of synthetic fibers, measuring per single yarn 67 decitex or more (659)",61,0.149,"Free (AU,BH, CL,CO,IL,JO,KR, MA,OM,P, PA,PE,S,SG)",72%
611529,Of other textile materials:,61,0.0,,
6115294000,Containing 70 percent or more by weight of silk or silk waste,61,0.026000000000000002,"Free (AU,BH, CL,CO,E,IL,JO, KR,MA,OM, P,PA,PE,S,SG)",90%
61152980,Other,61,0.16,"Free (AU,BH, CL,CO,E*,IL,JO, KR,MA,OM, P,PA,PE,S,SG)",90%
6115298010,Of cotton (359),61,0.0,,
6115298020,Of wool or fine animal hair (459),61,0.0,,
6115298040,Other (859),61,0.0,,
611530,"Other women's full-length or knee-length hosiery, measuring per single yarn less than 67 decitex:",61,0.0,,
6115301000,Containing 70 percent or more by weight of silk or silk waste,61,0.027000000000000003,"Free (AU,BH, CL,CO,E,IL,JO, KR,MA,OM, P,PA,PE,S,SG)",90%
61153090,Other,61,0.146,"Free (AU,BH, CL,CO,E*,IL,JO, KR,MA,OM, P,PA,PE,S,SG)",90%
6115309010,Of man-made fibers (632),61,0.0,,
6115309030,Other (832),61,0.0,,
6115940000,Of wool or fine animal hair (432),61,0.113,"Free (AU,BH,CL,CO,IL,JO,KR,MA,OM,P,PA,PE,S,SG)",90%
611595,Of cotton:,61,0.0,,
6115956000,Containing lace or net (332),61,0.1,"Free (AU,BH,CL,CO,IL,JO,KR,MA,OM,P,PA,PE,S,SG)",90%
6115959000,Other (332),61,0.135,"Free (AU,BH,CL,CO,IL,JO,KR,MA,OM,P,PA,PE,S,SG)",51%
611596,Of synthetic fibers:,61,0.0,,
61159660,Containing lace or net,61,0.188,"Free (AU,BH,CL,CO,IL,JO,KR,MA,OM,P,PA,PE,S,SG)",90%
6115966010,Containing 23 percent or more by weight of wool or fine animal hair (432),61,0.0,,
6115966020,Other (632),61,0.0,,
61159690,Other,61,0.146,"Free (AU,BH,CL,CO,IL,JO,KR,MA,OM,P,PA,PE,S,SG)",72%
6115969010,Containing 23 percent or more by weight of wool or fine animal hair (432),61,0.0,,
6115969020,Other (632),61,0.0,,
611599,Of other textile materials:,61,0.0,,
61159914,Containing lace or net,61,0.188,"Free (AU,BH,CL,CO,IL,JO,KR,MA,OM,P,PA,PE,S,SG)",90%
6115991410,Containing 23 percent or more by weight of wool or fine animal hair (432),61,0.0,,
6115991420,Other (632),61,0.0,,
61159919,Other,61,0.146,"Free (AU,BH,CL,CO,IL,JO,KR,MA,OM,P,PA,PE,S,SG)",72%
6115991910,Containing 23 percent or more by weight of wool or fine animal hair (432),61,0.0,,
6115991920,Other (632),61,0.0,,
6115994000,Containing 70 percent or more by weight of silk or silk waste,61,0.016,"Free (AU,BH,CL,CO,E,IL,JO,KR,MA,OM,P,PA,PE,S,SG)",90%
6115999000,Other (832),61,0.099,"Free (AU,BH,CL,CO,E*,IL,JO,KR,MA,OM,P,PA,PE,S,SG)",90%
6116,"Gloves, mittens and mitts, knitted or crocheted:",61,0.0,,
611610,"Impregnated, coated, covered or laminated with plastics or rubber:",61,0.0,,
6116100500,Ice hockey gloves and field hockey gloves,61,0.0,,25%
6116100800,"Other gloves, mittens and mitts, all the foregoing specially designed for use in sports, including ski and snowmobile gloves, mittens and mitts",61,0.027999999999999997,"Free (A*,AU,BH,CL,CO,D,E,IL,JO,KR,MA,OM,P,PA,PE,S,SG)",25%
6116101300,Containing over 50 percent by weight of plastics or rubber,61,0.125,"Free (AU,BH, CL,CO,E,IL,JO, KR,MA,OM, P,PA,PE,S,SG)",61%
61161017,Other,61,0.235,"Free (AU,BH, CL,CO,IL,JO, KR,MA,OM, P,PA,PE,S,SG) 22.5% (E)",61%
6116101720,Subject to cotton restraints (331),61,0.0,,
6116101730,Subject to man-made fiber restraints (631),61,0.0,,
6116101740,Other (831),61,0.0,,
6116104400,Containing over 50 percent by weight of plastics or rubber,61,0.099,"Free (AU,BH,CL,CO,IL,JO,KR,MA, OM,P,PA,PE,S,SG) 8.9% (E)",90%
61161048,Other,61,0.18600000000000003,"Free (AU,BH, CL,CO,IL,JO, KR,MA,OM, P,PA,PE,S,SG) 16.3% (E)",90%
6116104810,Subject to cotton restraints (331),61,0.0,,
6116104820,Subject to man-made fiber re- straints (631),61,0.0,,
6116104830,Other (831),61,0.0,,
61161055,"Containing 50 percent or more by weight of cotton, man-made fibers or other textile fibers, or any combination thereof",61,0.132,"Free (AU,BH, CL,CO,IL,JO, KR,MA,OM, P,PA,PE,S,SG) 10.7% (E)",75%
6116105510,Subject to cotton restraints (331),61,0.0,,
6116105520,Subject to man-made fiber restraints (631),61,0.0,,
6116105530,Other (831),61,0.0,,
6116106500,Other,61,0.07,"Free (AU,BH, CL,CO,IL, JO,KR,MA, OM,P,PA,PE,S,SG) 6% (E)",75%
61161075,"Containing 50 percent or more by weight of cotton, man-made fibers or other textile fibers, or any combination thereof",61,0.132,"Free (AU,BH, CL,CO,E*,IL,JO, KR,MA,OM, P,PA,PE,S,SG)",25%
6116107510,Subject to cotton restraints (331),61,0.0,,
6116107520,Subject to man-made fiber restraints (631),61,0.0,,
6116107530,Other (831),61,0.0,,
6116109500,Other,61,0.07,"Free (AU,BH, CL,CO,E,IL,JO, KR,MA,OM, P,PA,PE,S,SG)",25%
6116910000,Of wool or fine animal hair (431),61,0.07,"Free (AU,BH,CL,CO,IL,JO,KR,MA,OM,P,PA,PE,S,SG)",$1.10/kg +50%
611692,Of cotton:,61,0.0,,
6116920500,Ice hockey gloves and field hockey gloves,61,0.0,,45%
6116920800,"Other gloves, mittens and mitts, all the fore going specially designed for use in sports, including ski and snowmobile gloves, mittens and mitts",61,0.027999999999999997,"Free (A,AU,BH,CL,CO,D,E,IL,JO,KR,MA,OM,P,PA,PE,S,SG)",45%
61169264,Without fourchettes,61,0.235,"Free (AU,BH, CL,CO,IL,JO, KR,MA,OM, P,PA,PE,S,SG) 22.5% (E)",90%
6116926410,"Terry cloth type, looped pile fabric (331)",61,0.0,,
6116926420,"Jersey type, brushed or napped fabric (331)",61,0.0,,
6116926430,"Lisle type, no pile, not brushed or napped (331)",61,0.0,,
6116926440,Other (331),61,0.0,,
61169274,With fourchettes,61,0.235,"Free (AU,BH, CL,CO,IL,JO,KR, MA,OM,P, PA,PE,S,SG)",90%
6116927450,"Jersey type, brushed or napped fabric (331)",61,0.0,,
6116927460,"Lisle type, no pile, not brushed or napped (331)",61,0.0,,
6116927470,Other (331),61,0.0,,
6116928800,Without fourchettes (331),61,0.094,"Free (AU,BH, CL,CO,IL,JO, KR,MA,OM, P,PA,PE,S,SG) 7.4% (E)",90%
6116929400,With fourchettes (331),61,0.094,"Free (AU,BH, CL,CO,IL,JO,KR, MA,OM, P,PA,PE,S,SG)",90%
611693,Of synthetic fibers:,61,0.0,,
6116930500,Ice hockey gloves and field hockey gloves,61,0.0,,45%
6116930800,"Other gloves, mittens and mitts, all the fore going specially designed for use in sports, including ski and snowmobile gloves, mittens and mitts",61,0.027999999999999997,"Free (A,AU,BH,CL,CO,D,E,IL,JO,KR,MA,OM,P,PA,PE,S,SG)",45%
6116936400,Without fourchettes (431),61,0.069,"Free (AU,BH, CL,CO,IL,JO, KR,MA,OM, P,PA,PE,S,SG) 31¢/kg + 5.4% (E)",$1.10/kg + 50%
6116937400,With fourchettes (431),61,0.069,"Free (AU,BH, CL,CO,IL,JO,KR, MA,OM, P,PA,PE,S,SG)",$1.10/kg + 50%
6116938800,Without fourchettes (631),61,0.18600000000000003,"Free (AU,BH, CL,CO,IL,JO, KR,MA,OM, P,PA,PE,S,SG) 16.3% (E)",90%
6116939400,With fourchettes (631),61,0.18600000000000003,"Free (AU,BH, CL,CO,IL,JO,KR, MA,OM, P,PA,PE,S,SG)",90%
611699,Of other textile materials:,61,0.0,,
6116992000,Ice hockey gloves and field hockey gloves,61,0.0,,45%
6116993500,"Other gloves, mittens and mitts, all the fore going specially designed for use in sports, including ski and snowmobile gloves, mittens and mitts",61,0.027999999999999997,"Free (A*,AU,BH,CL,CO,D,E,IL,JO,KR,MA,OM,P,PA,PE,S,SG)",45%
6116994800,Without fourchettes (631),61,0.188,"Free (AU,BH, CL,CO,IL,JO, KR,MA,OM, P,PA,PE,S,SG) 16.5% (E)",90%
6116995400,With fourchettes (631),61,0.188,"Free (AU,BH, CL,CO,IL,JO,KR, MA,OM, P,PA,PE,S,SG)",90%
6116997500,Containing 70 percent or more by weight of silk or silk waste,61,0.0,,40%
61169995,Other,61,0.038,"Free (AU,BH, CL,CO,E*,IL,JO, KR,MA,OM, P,PA,PE,S,SG)",40%
6116999510,Subject to cotton restraints (331),61,0.0,,
6116999520,Subject to wool restraints (431),61,0.0,,
6116999530,Subject to man-made fiber restraints (631),61,0.0,,
6116999560,Other (831),61,0.0,,
6117,"Other made up clothing accessories, knitted or crocheted; knitted or crocheted parts of garments or of clothing accessories:",61,0.0,,
611710,"Shawls, scarves, mufflers, mantillas, veils and the like:",61,0.0,,
6117101000,Of wool or fine animal hair (459),61,0.096,"Free (AU,BH, CL,CO,IL,JO,KR, MA,OM, P,PA,PE,S,SG)",90%
61171020,Of man-made fibers,61,0.113,"Free (AU,BH, CL,CO,IL,JO,KR, MA,OM, P,PA,PE,S,SG)",90%
6117102010,Containing 23 percent or more by weight of wool or fine animal hair (459),61,0.0,,
6117102030,Other (659),61,0.0,,
6117104000,Containing 70 percent or more by weight of silk or silk waste,61,0.015,"Free (A,AU,BH,CL,CO,D,E,IL,JO,KR,MA,OM,P,PA,PE,S,SG)",90%
61171060,Other,61,0.095,"Free (AU,BH, CL,CO,E*,IL,JO, KR,MA,NP,OM, P,PA,PE,S,SG)",90%
6117106010,Of cotton (359),61,0.0,,
6117106020,Other (859),61,0.0,,
611780,Other accessories:,61,0.0,,
6117802000,"Ties, bow ties and cravats (758)",61,0.012,"Free (AU,BH, CL,CO,E,IL,JO, KR,MA,OM, P,PA,PE,S,SG)",71.5%
61178030,Other,61,0.023,"Free (AU,BH, CL,CO,E,IL,JO, KR,MA,OM, P,PA,PE,S,SG)",90%
6117803010,"Headbands, ponytail holders and similar articles",61,0.0,,
6117803090,Other (759),61,0.0,,
6117808500,"Headbands, ponytail holders and similar articles",61,0.146,"Free (A*,AU,BH,CL,CO,D,E*,IL,JO,KR,MA,NP,OM,P,PA,PE,S,SG)",90%
61178087,"Ties, bow ties and cravats",61,0.05,"Free (AU,BH, CL,CO,E*,IL,JO, KR,MA,OM, P,PA,PE,S,SG)",71.5%
6117808710,Of cotton (359),61,0.0,,
6117808720,Of wool or fine animal hair (459),61,0.0,,
6117808730,Of man-made fibers (659),61,0.0,,
6117808770,Other (858),61,0.0,,
61178095,Other,61,0.146,"Free (AU,BH, CL,CO,E*,IL,JO, KR,MA,OM, P,PA,PE,S,SG)",90%
6117809510,Of cotton (359),61,0.0,,
6117809520,Of wool or fine animal hair (459),61,0.0,,
6117809530,Containing 23 percent or more by weight of wool or fine animal hair (459),61,0.0,,
6117809540,Other (659),61,0.0,,
6117809570,Other (859),61,0.0,,
611790,Parts:,61,0.0,,
61179010,Containing 70 percent or more by weight of silk or silk waste,61,0.023,"Free (AU,BH, CL,CO,E,IL,JO, KR,MA,OM, P,PA,PE,S,SG)",90%
6117901010,Of sweaters (746),61,0.0,,
6117901020,Of blouses and shirts (739),61,0.0,,
6117901030,Of coats and jackets (735),61,0.0,,
6117901040,"Of trousers, breeches and shorts (748)",61,0.0,,
6117901060,Other (759),61,0.0,,
61179090,Other,61,0.146,"Free (AU,BH, CL,CO,E*,IL,JO, KR,MA,OM, P,PA,PE,S,SG)",90%
6117909003,Of cotton (345),61,0.0,,
6117909005,Of wool or fine animal hair (446),61,0.0,,
6117909010,Of man-made fibers (646),61,0.0,,
6117909015,Other (845),61,0.0,,
6117909020,Of cotton (339),61,0.0,,
6117909025,Of wool or fine animal hair (438),61,0.0,,
6117909030,Of man-made fibers (639),61,0.0,,
6117909035,Other (838),61,0.0,,
6117909040,Of cotton (335),61,0.0,,
6117909045,Of wool or fine animal hair (435),61,0.0,,
6117909050,Of man-made fibers (635),61,0.0,,
6117909055,Other (835),61,0.0,,
6117909060,Of cotton (348),61,0.0,,
6117909065,Of wool or fine animal hair (448),61,0.0,,
6117909070,Of man-made fibers (648),61,0.0,,
6117909075,Other (847),61,0.0,,
6117909080,Of cotton (359),61,0.0,,
6117909085,Of wool or fine animal hair (459),61,0.0,,
6117909090,Of man-made fibers (659),61,0.0,,
6117909095,Other (859),61,0.0,,
6201,"Men's or boys' overcoats, carcoats, capes, cloaks, anoraks (including ski jackets), windbreakers and   similar articles (including padded, sleeveless jackets), other than those of heading 6203:",62,0.0,,
620120,Of wool or fine animal hair:,62,0.0,,
62012011,"Overcoats, carcoats, capes, cloaks and similar coats:",62,0.163,"Free (AU,BH,CL,CO,IL,JO,KR,MA,OM,P,PA,PE,S,SG)",52.9¢/kg + 58.5%
6201201110,Men's (434),62,0.0,,
6201201120,Boys' (434),62,0.0,,
6201201900,"Padded, sleeveless jackets (459)",62,0.085,"Free (AU,BH,CL,CO,IL,JO,KR,MA,OM,P,PA,PE,S,SG)",58.5%
62012029,Other,62,0.19699999999999998,"Free (AU,BH,CL,CO,IL,JO,KR,MA,OM,P,PA,PE,S,SG)",52.9¢/kg + 58.5%
6201202911,Men's (434),62,0.0,,
6201202921,Boys' (434),62,0.0,,
6201203500,"Padded, sleeveless jackets (459)",62,0.085,"Free (AU,BH,CL,CO,IL,JO,KR,MA,OM,P,PA,PE,S,SG)",58.5%
62012040,Other,62,0.19699999999999998,"Free (AU,BH,CL,CO,IL,JO,KR,MA,OM,P,PA,PE,S,SG)",52.9¢/kg + 58.5%
6201204011,Men's (434),62,0.0,,
6201204021,Boys' (434),62,0.0,,
620130,Of cotton:,62,0.0,,
6201301200,Containing 15 percent or more by weight of down and waterfowl plumage and of which down comprises 35   percent or more by weight; containing 10 percent or more by weight of down (353),62,0.044000000000000004,"Free (AU,BH,CL,CO,IL,JO,KR, MA,OM,P, PA,PE,S,SG)",60%
62013020,Other,62,0.094,"Free (AU,BH,CL,CO,IL,JO,KR, MA,OM,P, PA,PE,S,SG)",90%
6201302010,Men's (334),62,0.0,,
6201302020,Boys' (334),62,0.0,,
6201302025,Men's (334),62,0.0,,
6201302035,Boys' (334),62,0.0,,
6201302050,Men's (334),62,0.0,,
6201302060,Boys' (334),62,0.0,,
6201303000,Containing 15 percent or more by weight of down and waterfowl plumage and of which down comprises 35 percent or more by weight; containing 10 percent or more by weight of down (353),62,0.044000000000000004,"Free (AU,BH,CL,CO,IL,JO,KR, MA,OM,P, PA,PE,S,SG)",60%
6201304000,Water resistant (334),62,0.062,"Free (AU,BH,CL,CO,IL,JO,KR, MA,OM,P, PA,PE,S,SG)",37.5%
62013050,Other,62,0.094,"Free (AU,BH,CL,CO,IL,JO,KR, MA,OM,P, PA,PE,S,SG)",90%
6201305005,With attachments for sleeves (334),62,0.0,,
6201305010,Other (359),62,0.0,,
6201305021,Corduroy (334),62,0.0,,
6201305031,Men's (334),62,0.0,,
6201305041,Boys' (334),62,0.0,,
6201305051,Men's (334),62,0.0,,
6201305061,Boys' (334),62,0.0,,
6201306000,Containing 15 percent or more by weight of down and waterfowl plumage and of which down comprises 35 percent or more by weight; containing 10 percent or more by weight of down (353),62,0.044000000000000004,"Free (AU,BH,CL,CO,IL,JO,KR, MA,OM,P, PA,PE,S,SG)",60%
6201307000,Water resistant (334),62,0.062,"Free (AU,BH,CL,CO,IL,JO,KR, MA,OM,P, PA,PE,S,SG)",37.5%
62013080,Other,62,0.094,"Free (AU,BH,CL,CO,IL,JO,KR, MA,OM,P, PA,PE,S,SG)",90%
6201308005,With attachments for sleeves (334),62,0.0,,
6201308010,Other (359),62,0.0,,
6201308021,Corduroy (334),62,0.0,,
6201308031,Men's (334),62,0.0,,
6201308041,Boys' (334),62,0.0,,
6201308051,Men's (334),62,0.0,,
6201308061,Boys' (334),62,0.0,,
620140,Of man-made fibers:,62,0.0,,
6201401000,Containing 15 percent or more by weight of down and waterfowl plumage and of which down comprises 35   percent or more by weight; containing 10 percent or more by weight of down (653),62,0.044000000000000004,"Free (AU,BH,CL,CO,IL,JO,KR, MA,OM,P, PA,PE,S,SG)",60%
62014015,Containing 36 percent or more by weight of wool or fine animal hair,62,0.19699999999999998,"Free (AU,BH,CL,CO,IL,JO,KR, MA,OM,P, PA,PE,S,SG)",52.9¢/kg + 58.5%
6201401510,Men's (434),62,0.0,,
6201401520,Boys' (434),62,0.0,,
62014020,Other,62,0.27699999999999997,"Free (AU,BH,CL,CO,IL,JO,KR, MA,OM,P, PA,PE,S,SG)",90%
6201402015,Men's (634),62,0.0,,
6201402020,Boys' (634),62,0.0,,
6201402030,Men's (634),62,0.0,,
6201402040,Boys' (634),62,0.0,,
6201402500,Containing 15 percent or more by weight of down and waterfowl plumage and of which down comprises 35 percent or more by weight; containing 10 percent or more by weight of down (653),62,0.044000000000000004,"Free (AU,BH,CL,CO,IL,JO,KR, MA,OM,P, PA,PE,S,SG)",60%
62014035,Padded sleeveless jackets:,62,0.149,"Free (AU,BH,CL,CO,IL,JO,KR, MA,OM,P, PA,PE,S,SG)",76%
6201403510,With attachments for sleeves (634),62,0.0,,
6201403520,Other (659),62,0.0,,
62014040,Containing 36 percent or more by weight of wool or fine animal hair,62,0.196,"Free (AU,BH,CL,CO,IL,JO,KR, MA,OM,P, PA,PE,S,SG)",52.9¢/kg + 58.5%
6201404011,Men's (434),62,0.0,,
6201404021,Boys' (434),62,0.0,,
6201404500,Water resistant (634),62,0.071,"Free (AU,BH,CL,CO,IL,JO,KR, MA,OM,P, PA,PE,S,SG)",65%
62014050,Other,62,0.27699999999999997,"Free (AU,BH,CL,CO,IL,JO,KR, MA,OM,P, PA,PE,S,SG)",90%
6201405011,Men's (634),62,0.0,,
6201405021,Boys' (634),62,0.0,,
6201405500,Containing 15 percent or more by weight of down and waterfowl plumage and of which down comprises 35 percent or more by weight; containing 10 percent or more by weight of down (653),62,0.044000000000000004,"Free (AU,BH,CL,CO,IL,JO,KR, MA,OM,P, PA,PE,S,SG)",60%
62014060,"Padded, sleeveless jackets",62,0.149,"Free (AU,BH,CL,CO,IL,JO,KR, MA,OM,P, PA,PE,S,SG)",76%
6201406010,With attachments for sleeves (634),62,0.0,,
6201406020,Other (659),62,0.0,,
62014065,Containing 36 percent or more by weight of wool or fine animal hair,62,0.196,"Free (AU,BH,CL,CO,IL,JO,KR, MA,OM,P, PA,PE,S,SG)",52.9¢/kg + 58.5%
6201406511,Men's (434),62,0.0,,
6201406521,Boys' (434),62,0.0,,
6201407000,Water resistant (634),62,0.071,"Free (AU,BH,CL,CO,IL,JO,KR, MA,OM,P, PA,PE,S,SG)",65%
62014075,Other,62,0.27699999999999997,"Free (AU,BH,CL,CO,IL,JO,KR, MA,OM,P, PA,PE,S,SG)",90%
6201407511,Men's (634),62,0.0,,
6201407521,Boys' (634),62,0.0,,
620190,Of other textile materials:,62,0.0,,
6201901900,Containing 70 percent or more by weight of silk or silk waste (734),62,0.0,,35%
62019029,Other,62,0.027999999999999997,"Free (AU,BH,CL,CO,E*,IL,JO, KR,MA,OM, P,PA,PE,S,SG)",35%
6201902910,Subject to cotton restraints (334),62,0.0,,
6201902920,Subject to wool restraints (434),62,0.0,,
6201902930,Subject to man-made fiber restraints (634),62,0.0,,
6201902960,Other (834),62,0.0,,
6201903900,Containing 70 percent or more by weight of silk or silk waste (735),62,0.0,,35%
62019049,Other,62,0.042,"Free (AU,BH,CL,CO,E*,IL,JO, KR,MA,OM, P,PA,PE,S,SG)",35%
6201904910,Subject to cotton restraints (334),62,0.0,,
6201904920,Subject to wool restraints (434),62,0.0,,
6201904930,Subject to man-made fiber restraints (634),62,0.0,,
6201904960,Other (834),62,0.0,,
6201905900,Containing 70 percent or more by weight of silk or silk waste (735),62,0.0,,35%
62019069,Other,62,0.042,"Free (AU,BH,CL,CO,E*,IL,JO, KR,MA,OM, P,PA,PE,S,SG)",35%
6201906910,Subject to cotton restraints (334),62,0.0,,
6201906920,Subject to wool restraints (434),62,0.0,,
6201906930,Subject to man-made fiber restraints (634),62,0.0,,
6201906960,Other (834),62,0.0,,
6202,"Women's or girls' overcoats, carcoats, capes, cloaks, anoraks (including ski jackets), windbreakers   and similar articles (including padded, sleeveless jackets), other than those of heading 6204:",62,0.0,,
620220,Of wool or fine animal hair:,62,0.0,,
62022011,"Overcoats, carcoats, capes, cloaks and similar coats:",62,0.163,"Free (AU,BH,CL,CO,IL,JO,KR,MA,OM,P,PA,PE,S,SG)",46.3¢/kg + 58.5%
6202201110,Women's (435),62,0.0,,
6202201120,Girls' (435),62,0.0,,
6202201900,"Padded, sleeveless jackets (459)",62,0.14,"Free (AU,BH,CL,CO,IL,JO,KR,MA,OM,P,PA,PE,S,SG)",58.5%
62022029,Other,62,0.163,"Free (AU,BH,CL,CO,IL,JO,KR,MA,OM,P,PA,PE,S,SG)",46.3¢/kg + 58.5%
6202202911,Women's (435),62,0.0,,
6202202921,Girls' (435),62,0.0,,
6202203500,"Padded, sleeveless jackets (459)",62,0.14,"Free (AU,BH,CL,CO,IL,JO,KR,MA,OM,P,PA,PE,S,SG)",58.5%
62022040,Other,62,0.163,"Free (AU,BH,CL,CO,IL,JO,KR,MA,OM,P,PA,PE,S,SG)",46.3¢/kg + 58.5%
6202204011,Women's (438),62,0.0,,
6202204021,Girls' (435),62,0.0,,
620230,Of cotton:,62,0.0,,
6202301200,Containing 15 percent or more by weight of down and waterfowl plumage and of which down comprises 35   percent or more by weight; containing 10 percent or more by weight of down (354),62,0.044000000000000004,"Free (AU,BH,CL,CO,IL,JO,KR, MA,OM,P, PA,PE,S,SG)",60%
62023020,Other,62,0.08900000000000001,"Free (AU,BH,CL,CO,IL,JO,KR, MA,OM,P, PA,PE,S,SG)",90%
6202302010,Women's (335),62,0.0,,
6202302020,Girls' (335),62,0.0,,
6202302025,Women's (335),62,0.0,,
6202302035,Girls' (335),62,0.0,,
6202302050,Women's (335),62,0.0,,
6202302060,Girls' (335),62,0.0,,
6202303000,Containing 15 percent or more by weight of down and waterfowl plumage and of which down comprises 35 percent or more by weight; containing 10 percent or more by weight of down (354),62,0.044000000000000004,"Free (AU,BH,CL,CO,IL,JO,KR, MA,OM,P, PA,PE,S,SG)",60%
6202304000,Water resistant (335),62,0.062,"Free (AU,BH,CL,CO,IL,JO,KR, MA,OM,P, PA,PE,S,SG)",37.5%
62023050,Other,62,0.08900000000000001,"Free (AU,BH,CL,CO,IL,JO,KR, MA,OM,P, PA,PE,S,SG)",90%
6202305010,With attachments for sleeves (335),62,0.0,,
6202305020,Other (359),62,0.0,,
6202305026,Women's (335),62,0.0,,
6202305031,Girls' (335),62,0.0,,
6202305061,Women's (335),62,0.0,,
6202305071,Girls' (335),62,0.0,,
6202306000,Containing 15 percent or more by weight of down and waterfowl plumage and of which down comprises 35 percent or more by weight; containing 10 percent or more by weight of down (354),62,0.044000000000000004,"Free (AU,BH,CL,CO,IL,JO,KR,MA,OM,P,PA,PE,S,SG)",60%
6202307000,Water resistant (335),62,0.062,"Free (AU,BH,CL,CO,IL,JO,KR,MA,OM,P,PA,PE,S,SG)",37.5%
62023080,Other,62,0.08900000000000001,"Free (AU,BH,CL,CO,IL,JO,KR,MA,OM,P,PA,PE,S,SG)",90%
6202308010,With attachments for sleeves (335),62,0.0,,
6202308020,Other (359),62,0.0,,
6202308026,Women's (335),62,0.0,,
6202308031,Girls' (335),62,0.0,,
6202308061,Women's (335),62,0.0,,
6202308071,Girls' (335),62,0.0,,
620240,Of man-made fibers:,62,0.0,,
6202401000,Containing 15 percent or more by weight of down and waterfowl plumage and of which down comprises 35   percent or more by weight; containing 10 percent or more by weight of down (654),62,0.044000000000000004,"Free (AU,BH,CL,CO,IL,JO,KR, MA,OM,P, PA,PE,S,SG)",60%
62024015,Containing 36 percent or more by weight of wool or fine animal hair,62,0.19699999999999998,"Free (AU,BH,CL,CO,IL,JO,KR, MA,OM,P, PA,PE,S,SG)",46.3¢/kg + 58.5%
6202401510,Women's (435),62,0.0,,
6202401520,Girls' (435),62,0.0,,
62024020,Other,62,0.27699999999999997,"Free (AU,BH,CL,CO,IL,JO,KR, MA,OM,P, PA,PE,S,SG)",90%
6202402005,Women's (635),62,0.0,,
6202402010,Girls' (635),62,0.0,,
6202402020,Women's (635),62,0.0,,
6202402030,Girls' (635),62,0.0,,
6202402500,Containing 15 percent or more by weight of down and waterfowl plumage and of which down comprises 35 percent or more by weight; containing 10 percent or more by weight of down (654),62,0.044000000000000004,"Free (AU,BH,CL,CO,IL,JO,KR, MA,OM,P, PA,PE,S,SG)",60%
62024035,"Padded, sleeveless jackets",62,0.149,"Free (AU,BH,CL,CO,IL,JO,KR, MA,OM,P, PA,PE,S,SG)",76%
6202403510,With attachments for sleeves (635),62,0.0,,
6202403520,Other (659),62,0.0,,
62024040,Containing 36 percent or more by weight of wool or fine animal hair,62,0.19699999999999998,"Free (AU,BH,CL,CO,IL,JO,KR, MA,OM,P, PA,PE,S,SG)",46.3¢/kg + 58.5%
6202404011,Women's (435),62,0.0,,
6202404021,Girls' (435),62,0.0,,
6202404500,Water resistant (635),62,0.071,"Free (AU,BH,CL,CO,IL,JO,KR, MA,OM,P, PA,PE,S,SG)",65%
62024050,Other,62,0.27699999999999997,"Free (AU,BH,CL,CO,IL,JO,KR, MA,OM,P, PA,PE,S,SG)",90%
6202405011,Women's (635),62,0.0,,
6202405021,Girls' (635),62,0.0,,
6202405500,Containing 15 percent or more by weight of down and waterfowl plumage and of which down comprises 35 percent or more by weight; containing 10 percent or more by weight of down (654),62,0.044000000000000004,"Free (AU,BH,CL,CO,IL,JO,KR, MA,OM,P, PA,PE,S,SG)",60%
62024060,"Padded, sleeveless jackets",62,0.149,"Free (AU,BH,CL,CO,IL,JO,KR, MA,OM,P, PA,PE,S,SG)",76%
6202406010,With attachments for sleeves (635),62,0.0,,
6202406020,Other (659),62,0.0,,
62024065,Containing 36 percent or more by weight of wool or fine animal hair,62,0.19699999999999998,"Free (AU,BH,CL,CO,IL,JO,KR, MA,OM,P, PA,PE,S,SG)",46.3¢/kg + 58.5%
6202406511,Women's (435),62,0.0,,
6202406521,Girls' (435),62,0.0,,
6202407000,Water resistant (635),62,0.071,"Free (AU,BH,CL,CO,IL,JO,KR, MA,OM,P, PA,PE,S,SG)",65%
62024075,Other,62,0.27699999999999997,"Free (AU,BH,CL,CO,IL,JO,KR, MA,OM,P, PA,PE,S,SG)",90%
6202407511,Women's (635),62,0.0,,
6202407521,Girls'  (635),62,0.0,,
620290,Of other textile materials:,62,0.0,,
6202901900,Containing 70 percent or more by weight of silk or silk waste (735),62,0.0,,35%
62029029,Other,62,0.027999999999999997,"Free (AU,BH,CL,CO,E*,IL,JO, KR,MA,OM,P, PA,PE,S,SG)",35%
6202902910,Subject to cotton restraints (335),62,0.0,,
6202902920,Subject to wool restraints (435),62,0.0,,
6202902930,Subject to man-made fiber restraints (635),62,0.0,,
6202902960,Other (835),62,0.0,,
6202903900,Containing 70 percent or more by weight of silk or silk waste (735),62,0.0,,35%
62029049,Other,62,0.027999999999999997,"Free (AU,BH,CL,CO,E*,IL,JO, KR,MA,OM, P,PA,PE,S,SG)",35%
6202904911,Subject to cotton restraints (335),62,0.0,,
6202904921,Subject to wool restraints (435),62,0.0,,
6202904931,Subject to man-made fiber restraints (635),62,0.0,,
6202904961,Other (835),62,0.0,,
6202905900,Containing 70 percent or more by weight of silk or silk waste (735),62,0.0,,35%
62029069,Other,62,0.027999999999999997,"Free (AU,BH,CL,CO,E*,IL,JO, KR,MA,OM, P,PA,PE,S,SG)",35%
6202906911,Subject to cotton restraints (335),62,0.0,,
6202906921,Subject to wool restraints (435),62,0.0,,
6202906931,Subject to man-made fiber restraints (635),62,0.0,,
6202906961,Other (835),62,0.0,,
6203,"Men's or boys' suits, ensembles, suit-type jackets, blazers, trousers, bib and brace overalls,   breeches and shorts (other than swimwear):",62,0.0,,
620311,Of wool or fine animal hair:,62,0.0,,
6203111500,"Of worsted wool fabric, made of wool yarn having an average fiber diameter of 18.5 microns or less   (443)",62,0.075,"Free (AU,BH,CL,CO,IL,JO,KR,MA,OM,P,PA,PE,S,SG)",65%
6203113000,Other (443),62,0.075,"Free (AU,BH,CL,CO,IL,JO,KR,MA,OM,P,PA,PE,S,SG)",65%
6203116000,"Of worsted wool fabric, made of wool yarn having an average fiber diameter of 18.5 microns or less   (443)",62,0.175,"Free (AU,BH,CL,CO,IL,JO,KR,MA,OM,P,PA,PE,S,SG)",52.9¢/kg + 58.5%
6203119000,Other (443),62,0.175,"Free (AU,BH,CL,CO,IL,JO,KR,MA,OM,P,PA,PE,S,SG)",52.9¢/kg + 58.5%
620312,Of synthetic fibers:,62,0.0,,
6203121000,Containing 36 percent or more by weight of wool or fine animal hair (443),62,0.175,"Free (AU,BH,CL, CO,IL,JO,KR, MA,OM,P, PA,PE,S,SG)",52.9¢/kg + 58.5%
62031220,Other,62,0.273,"Free (AU,BH,CL, CO,IL,JO,KR, MA,OM,P, PA,PE,S,SG)",77.5%
6203122010,Men's (643),62,0.0,,
6203122020,Boys' (643),62,0.0,,
620319,Of other textile materials:,62,0.0,,
62031910,Of cotton,62,0.132,"Free (AU,BH, CL,CO,IL,JO,KR, MA,OM,P, PA,PE,S,SG)",90%
6203191010,Jackets imported as parts of suits (333),62,0.0,,
6203191020,"Trousers, breeches and shorts imported as parts of suits (347)",62,0.0,,
6203191030,Waistcoats imported as parts of suits (359),62,0.0,,
6203192000,Containing 36 percent or more by weight of wool or fine animal hair (443),62,0.21,"Free (AU,BH, CL,CO,IL,JO,KR, MA,OM,P, PA,PE,S,SG)",52.9¢/kg + 58.5%
6203193000,Other (643),62,0.149,"Free (AU,BH, CL,CO,IL,JO,KR, MA,OM, P,PA,PE,S,SG)",77.5%
6203195000,Containing 70 percent or more by weight of silk or silk waste (743),62,0.038,"Free (AU,BH, CL,CO,E,IL,JO, KR,MA,OM, P,PA,PE,S,SG)",35%
62031990,Other,62,0.071,"Free (AU,BH, CL,CO,E*,IL,JO, KR,MA,OM, P,PA,PE,S,SG)",35%
6203199010,Jackets imported as parts of suits (333),62,0.0,,
6203199020,"Trousers, breeches and shorts imported as parts of suits (347)",62,0.0,,
6203199030,Waistcoats imported as parts of suits (359),62,0.0,,
6203199040,Subject to wool restraints (443),62,0.0,,
6203199050,Subject to man-made fiber restraints (643),62,0.0,,
6203199080,Other (843),62,0.0,,
620322,Of cotton:,62,0.0,,
6203221000,"Judo, karate and other oriental martial arts uniforms (359)",62,0.075,"Free (AU,BH, CL,CO,IL,JO,KR, MA,OM,P, PA,PE,S,SG)",90%
62032230,Other,62,0.035,"Free (AU,BH,CL,CO,IL,JO,KR,MA,OM,P,PA,PE,S,SG)",The rate applicable to each garment in the ensemble if separately entered
6203223010,Garments described in heading 6201 (334),62,0.0,,
6203223015,Jackets and blazers described in heading 6203 (333),62,0.0,,
6203223020,Trousers and breeches (347),62,0.0,,
6203223030,Shorts (347),62,0.0,,
6203223050,Shirts (340),62,0.0,,
6203223060,Other (359),62,0.0,,
62032300,Of synthetic fibers,62,0.035,"Free (AU,BH,CL,CO,IL,JO,KR,MA,OM,P,PA,PE,S,SG)",The rate applicable to each garment in the ensemble if separately entered
6203230010,Garments described in heading 6201 (434),62,0.0,,
6203230015,Jackets and blazers described in heading 6203 (433),62,0.0,,
6203230020,"Trousers, breeches and shorts (447)",62,0.0,,
6203230030,Shirts (440),62,0.0,,
6203230040,Other (459),62,0.0,,
6203230050,Garments described in heading 6201(634),62,0.0,,
6203230055,Jackets and blazers described in heading 6203 (633),62,0.0,,
6203230060,Trousers and breeches (647),62,0.0,,
6203230070,Shorts (647),62,0.0,,
6203230080,Shirts (640),62,0.0,,
6203230090,Other (659),62,0.0,,
620329,Of other textile materials:,62,0.0,,
62032910,"Suits, suit-type jackets and trousers, the foregoing of worsted wool fabric, made of wool yarn having   an average fiber diameter of 18.5 microns or less",62,0.035,"Free (AU,BH,CL,CO,IL,JO,KR,MA,OM,P,PA,PE,S,SG)",The rate applicable to each garment in the ensemble if separately entered
6203291010,Suits (443),62,0.0,,
6203291015,Suit-type jackets (433),62,0.0,,
6203291020,Trousers (447),62,0.0,,
62032915,Other,62,0.035,"Free (AU,BH,CL,CO,IL,JO,KR,MA,OM,P,PA,PE,S,SG)",The rate applicable to each garment in the ensemble if separately entered
6203291510,Garments described in heading 6201 (434),62,0.0,,
6203291515,Jackets and blazers described in heading 6203 (433),62,0.0,,
6203291520,"Trousers, breeches and shorts (447)",62,0.0,,
6203291530,Shirts (440),62,0.0,,
6203291560,Other (459),62,0.0,,
62032920,Of artificial fibers,62,0.035,"Free (AU,BH, CL,CO,IL,JO,KR, MA,OM,P, PA,PE,S,SG)",The rate applicable to each garment in the ensemble if separately entered
6203292010,Garments described in heading 6201 (634),62,0.0,,
6203292020,Jackets and blazers described in heading 6203 (633),62,0.0,,
6203292030,Trousers and breeches (647),62,0.0,,
6203292035,Shorts (647),62,0.0,,
6203292050,Shirts (640),62,0.0,,
6203292060,Other (659),62,0.0,,
62032930,Other,62,0.035,"Free (AU,BH, CL,CO,E*,IL, JO,KR, MA,OM,P, PA,PE,S,SG)",The rate applicable to each garment in the ensemble if separately entered
6203293010,Containing 70 percent or more by weight of silk or silk waste (734),62,0.0,,
6203293020,Other (834),62,0.0,,
6203293026,Containing 70 percent or more by weight of silk or silk waste (733),62,0.0,,
6203293028,Other (833),62,0.0,,
6203293030,Containing 70 percent or more by weight of silk or silk waste (747),62,0.0,,
6203293046,Trousers and breeches (847),62,0.0,,
6203293048,Shorts (847),62,0.0,,
6203293050,Containing 70 percent or more by weight of silk or silk waste (740),62,0.0,,
6203293060,Other (840),62,0.0,,
6203293070,Containing 70 percent or more by weight of silk or silk waste (759),62,0.0,,
6203293080,Other (859),62,0.0,,
620331,Of wool or fine animal hair:,62,0.0,,
62033150,"Of worsted wool fabric, made of wool yarn having an average fiber diameter of <il>18.5 microns</il> or less",62,0.175,"Free (AU,BH,CL,CO,IL,JO,KR,MA,OM,P,PA,PE,S,SG)",59.5%
6203315010,For suits described in Note 3(a) (443),62,0.0,,
6203315020,Other (433),62,0.0,,
62033190,Other,62,0.175,"Free (AU,BH,CL,CO,IL,JO,KR,MA,OM,P,PA,PE,S,SG)",59.5%
6203319010,For suits described in Note 3(a) (443),62,0.0,,
6203319020,Other (433),62,0.0,,
620332,Of cotton:,62,0.0,,
6203321000,Containing 36 percent or more by weight of flax fibers (333),62,0.027999999999999997,"Free (AU,BH, CL,CO,IL,JO,KR, MA,OM, P,PA,PE,S,SG)",35%
62033220,Other,62,0.094,"Free (AU,BH, CL,CO,IL,JO,KR, MA,OM, P,PA,PE,S,SG)",90%
6203322010,Men's (333),62,0.0,,
6203322020,Boys' (333),62,0.0,,
6203322030,Blue denim (333),62,0.0,,
6203322040,Men's (333),62,0.0,,
6203322050,Boys' (333),62,0.0,,
620333,Of synthetic fibers:,62,0.0,,
62033310,Containing 36 percent or more by weight of wool or fine animal hair,62,0.22,"Free (AU,BH,CL, CO,IL,JO,KR, MA,OM,P, PA,PE,S,SG)",59.5%
6203331030,For suits described in Note 3(a) (443),62,0.0,,
6203331040,Other (433),62,0.0,,
6203331050,For suits described in Note 3(a) (443),62,0.0,,
6203331060,Other (433),62,0.0,,
62033320,Other,62,0.273,"Free (AU,BH, CL,CO,IL,JO,KR, MA,OM,P, PA,PE,S,SG)",77.5%
6203332010,Men's (633),62,0.0,,
6203332020,Boys' (633),62,0.0,,
620339,Of other textile materials:,62,0.0,,
62033910,Containing 36 percent or more by weight of wool or fine animal hair,62,0.22,"Free (AU,BH, CL,CO,IL,JO,KR, MA,OM,P, PA,PE,S,SG)",59.5%
6203391010,For suits described in Note 3(a) (443),62,0.0,,
6203391020,Other (433),62,0.0,,
62033920,Other,62,0.273,"Free (AU,BH, CL,CO,IL,JO,KR, MA,OM,P, PA,PE,S,SG)",77.5%
6203392010,Men's (633),62,0.0,,
6203392020,Boys' (633),62,0.0,,
6203395000,Containing 70 percent or more by weight of silk or silk waste (733),62,0.01,"Free (AU,BH, CL,CO,E,IL,JO, KR,MA,OM, P,PA,PE,S,SG)",35%
62033990,Other,62,0.065,"Free (AU,BH, CL,CO,E*,IL,JO, KR,MA,OM, P,PA,PE,S,SG)",35%
6203399010,Subject to cotton restraints (333),62,0.0,,
6203399020,Subject to wool restraints (433),62,0.0,,
6203399030,Subject to man-made fiber restraints (633),62,0.0,,
6203399060,Other (833),62,0.0,,
620341,Of wool or fine animal hair:,62,0.0,,
62034101,"Trousers and breeches, containing elastomeric fiber, water resistant, without belt loops, weighing more than 9 kg per dozen",62,0.076,"Free (AU,BH,CL,CO,IL,JO,KR,MA,OM,P,PA,PE,S,SG)",52.9¢/kg + 58.5%
6203410110,Men's (447),62,0.0,,
6203410120,Boys' (447),62,0.0,,
62034103,"Trousers of worsted wool fabric, made of wool yarn having an average fiber diameter of 18.5 microns or less",62,0.163,"Free (AU,BH,CL,CO,IL,JO,KR,MA,OM,P,PA,PE,S,SG)",52.9¢/kg + 58.5%
6203410310,Men's (447),62,0.0,,
6203410320,Boys' (447),62,0.0,,
62034106,Other,62,0.163,"Free (AU,BH,CL,CO,IL,JO,KR,MA,OM,P,PA,PE,S,SG)",52.9¢/kg + 58.5%
6203410610,Men's (447),62,0.0,,
6203410620,Boys' (447),62,0.0,,
6203410630,Shorts (447),62,0.0,,
6203410800,Bib and brace overalls (459),62,0.085,"Free (AU,BH,CL,CO,IL,JO,KR,MA,OM,P,PA,PE,S,SG)",63%
62034125,"Trousers and breeches, containing elastomeric fiber, water resistant, without belt loops, weighing more than 9 kg per dozen",62,0.076,"Free (AU,BH,CL,CO,IL,JO,KR,MA,OM,P,PA,PE,S,SG)",52.9¢/kg + 58.5%
6203412510,Men's (447),62,0.0,,
6203412520,Boys' (447),62,0.0,,
62034130,"Trousers of worsted wool fabric, made of wool yarn having an average fiber diameter of 18.5 microns or less",62,0.163,"Free (AU,BH,CL,CO,IL,JO,KR,MA,OM,P,PA,PE,S,SG)",52.9¢/kg + 58.5%
6203413010,Men's (447),62,0.0,,
6203413020,Boys' (447),62,0.0,,
62034160,Other,62,0.163,"Free (AU,BH,CL,CO,IL,JO,KR,MA,OM,P,PA,PE,S,SG)",52.9¢/kg + 58.5%
6203416010,Men's (447),62,0.0,,
6203416020,Boys'  (447),62,0.0,,
6203416030,Shorts (447),62,0.0,,
6203418000,Bib and brace overalls (459),62,0.085,"Free (AU,BH,CL,CO,IL,JO,KR,MA,OM,P,PA,PE,S,SG)",63%
620342,Of cotton:,62,0.0,,
6203420300,Containing 15 percent or more by weight of down and waterfowl plumage and of which down comprises 35 percent or more by weight; containing 10 percent or more by weight of down,62,0.0,,60%
62034205,Bib and brace overalls,62,0.10300000000000001,"Free (AU,BH,CL,CO,IL,JO,KR, MA,OM,P, PA,PE,S,SG)",90%
6203420505,Insulated for cold weather protection (359),62,0.0,,
6203420510,Men's (359),62,0.0,,
6203420525,Imported as parts of playsuits (237),62,0.0,,
6203420550,Other (237),62,0.0,,
6203420590,Other (359),62,0.0,,
62034207,Other,62,0.166,"Free (AU,BH,CL,CO,IL,JO,KR,MA,OM,P,PA,PE,S,SG)",90%
6203420703,"Containing compact yarns described in statistical reporting numbers 5205.42.0021, 5205.43.0021 5205.44.0021, 5205.46.0021 or 5205.47.0021 (347)",62,0.0,,
6203420706,Corduroy (347),62,0.0,,
6203420711,Blue denim (347),62,0.0,,
6203420716,Other (347),62,0.0,,
6203420721,Imported as parts of playsuits (237),62,0.0,,
6203420726,Other (347),62,0.0,,
6203420731,Imported as parts of playsuits (237),62,0.0,,
6203420736,Other (347),62,0.0,,
6203420741,Imported as parts of playsuits (237),62,0.0,,
6203420746,Other (347),62,0.0,,
6203420751,Men's shorts (347),62,0.0,,
6203420756,Imported as parts of playsuits (237),62,0.0,,
6203420761,Other (347),62,0.0,,
6203421700,Containing 15 percent or more by weight of down and waterfowl plumage and of which down comprises 35 percent or more by weight; containing 10 percent or more by weight of down,62,0.0,,60%
62034225,Bib and brace overalls,62,0.10300000000000001,"Free (AU,BH,CL,CO,IL,JO,KR, MA,OM,P, PA,PE,S,SG)",90%
6203422505,"Insulated, for cold weather protection (359)",62,0.0,,
6203422510,Men's (359),62,0.0,,
6203422525,Imported as parts of playsuits (237),62,0.0,,
6203422550,Other (237),62,0.0,,
6203422590,Other (359),62,0.0,,
62034245,Other,62,0.166,"Free (AU,BH,CL,CO,IL,JO,KR,MA,OM,P,PA,PE,S,SG)",90%
6203424503,"Containing compact yarns described in statistical reporting numbers 5205.42.0021, 5205.43.0021 5205.44.0021, 5205.46.0021 or 5205.47.0021 (347)",62,0.0,,
6203424506,Corduroy (347),62,0.0,,
6203424511,Blue denim (347),62,0.0,,
6203424514,"Designed for use in hospitals, clinics, laboratories or contaminated areas (347)",62,0.0,,
6203424518,Other (347),62,0.0,,
6203424521,Imported as parts of playsuits (237),62,0.0,,
6203424526,Other (347),62,0.0,,
6203424531,Imported as parts of playsuits (237),62,0.0,,
6203424536,Other (347),62,0.0,,
6203424541,Imported as parts of playsuits (237),62,0.0,,
6203424546,Other (347),62,0.0,,
6203424551,Men's shorts (347),62,0.0,,
6203424556,Imported as parts of playsuits (237),62,0.0,,
6203424561,Other (347),62,0.0,,
620343,Of synthetic fibers:,62,0.0,,
6203430100,Containing 15 percent or more by weight of down and waterfowl plumage and of which down comprises 35 percent or more by weight; containing 10 percent or more by weight of down,62,0.0,,60%
6203430300,Water resistant (659),62,0.071,"Free (AU,BH,CL,CO,IL,JO,KR, MA,OM,P, PA,PE,S,SG)",65%
62034305,Other,62,0.149,"Free (AU,BH, CL,CO,IL,JO,KR, MA,OM,P, PA,PE,S,SG)",76%
6203430505,"Insulated, for cold weather protection (659)",62,0.0,,
6203430510,Men's (659),62,0.0,,
6203430525,Imported as parts of playsuits (237),62,0.0,,
6203430550,Other (237),62,0.0,,
6203430590,Other (659),62,0.0,,
62034309,Containing 36 percent or more by weight of wool or fine animal hair,62,0.19699999999999998,"Free (AU,BH,CL,CO,IL,JO,KR, MA,OM,P, PA,PE,S,SG)",52.9¢/kg + 58.5%
6203430910,Men's (447),62,0.0,,
6203430920,Boys' (447),62,0.0,,
6203430930,Shorts (447),62,0.0,,
62034311,Water resistant trousers or breeches (647),62,0.071,"Free (AU,BH,CL,CO,IL,JO,KR,MA,OM,P,PA,PE,S,SG)",65%
6203431110,Ski/snowboard pants (647),62,0.0,,
6203431190,Other (647),62,0.0,,
62034313,Other,62,0.27899999999999997,"Free (AU,BH,CL,CO,IL,JO,KR,MA,OM,P,PA,PE,S,SG)",90%
6203431310,Men's (647),62,0.0,,
6203431315,Imported as parts of playsuits (237),62,0.0,,
6203431320,Other (647),62,0.0,,
6203431330,Men's (647),62,0.0,,
6203431335,Imported as parts of playsuits (257),62,0.0,,
6203431340,Other (647),62,0.0,,
6203434500,Containing 15 percent or more by weight of down and waterfowl plumage and of which down comprises 35 percent or more by weight; containing 10 percent or more by weight of down,62,0.0,,60%
6203435500,Water resistant (659),62,0.071,"Free (AU,BH,CL,CO,IL,JO,KR, MA,OM,P, PA,PE,S,SG)",65%
62034360,Other,62,0.149,"Free (AU,BH,CL,CO,IL,JO,KR, MA,OM,P, PA,PE,S,SG)",76%
6203436005,"Insulated, for cold weather protection (659)",62,0.0,,
6203436010,Men's (659),62,0.0,,
6203436025,Imported as parts of playsuits (237),62,0.0,,
6203436050,Other (237),62,0.0,,
6203436090,Other (659),62,0.0,,
6203436500,Certified hand-loomed and folklore products (647),62,0.122,"Free (AU,BH,CL,CO,IL,JO,KR, MA,OM,P, PA,PE,S,SG)",76%
62034370,Containing 36 percent or more by weight of wool or fine animal hair,62,0.19699999999999998,"Free (AU,BH,CL,CO,IL,JO,KR, MA,OM,P, PA,PE,S,SG)",52.9¢/kg + 58.5%
6203437010,Men's (447),62,0.0,,
6203437020,Boys' (447),62,0.0,,
6203437030,Shorts (447),62,0.0,,
62034375,Water resistant trousers or breeches (647),62,0.071,"Free (AU,BH,CL,CO,IL,JO,KR,MA,OM,P,PA,PE,S,SG)",65%
6203437510,Ski/snowboard pants (647),62,0.0,,
6203437590,Other (647),62,0.0,,
62034390,Other,62,0.27899999999999997,"Free (AU,BH,CL,CO,IL,JO,KR,MA,OM,P,PA,PE,S,SG)",90%
6203439009,"Designed for use in hospitals, clinics, laboratories or contaminated areas (647)",62,0.0,,
6203439011,Other (647),62,0.0,,
6203439015,Imported as parts of playsuits (237),62,0.0,,
6203439020,Other (647),62,0.0,,
6203439030,Men's (647),62,0.0,,
6203439035,Imported as parts of playsuits (237),62,0.0,,
6203439040,Other (647),62,0.0,,
620349,Of other textile materials:,62,0.0,,
62034901,Bib and brace overalls,62,0.085,"Free (AU,BH,CL,CO,IL,JO,KR, MA,OM,P, PA,PE,S,SG)",76%
6203490105,"Insulated, for cold weather protection (659)",62,0.0,,
6203490110,Men's (659),62,0.0,,
6203490125,Imported as parts of playsuits (237),62,0.0,,
6203490150,Other (237),62,0.0,,
6203490190,Other (659),62,0.0,,
62034905,"Trousers, breeches and shorts",62,0.27899999999999997,"Free (AU,BH,CL,CO,IL,JO,KR, MA,OM, P,PA,PE,S,SG)",90%
6203490505,Containing 36 percent or more by weight of wool or fine animal hair (447),62,0.0,,
6203490515,Men's (647),62,0.0,,
6203490520,Imported as parts of playsuits (237),62,0.0,,
6203490530,Other (647),62,0.0,,
6203490545,Men's (647),62,0.0,,
6203490550,Imported as parts of playsuits (237),62,0.0,,
6203490560,Other (647),62,0.0,,
62034907,Containing 70 percent or more by weight of silk or silk waste,62,0.0,,35%
6203490710,Bib and brace overalls (759),62,0.0,,
6203490720,Trousers and breeches (747),62,0.0,,
6203490730,Shorts (747),62,0.0,,
62034909,Other,62,0.027999999999999997,"Free (AU,BH,CL,CO,E*,IL,JO,KR,MA,OM,P,PA,PE,S,SG)",35%
6203490910,Bib and brace overalls (859),62,0.0,,
6203490920,Subject to cotton restraints (347),62,0.0,,
6203490925,Subject to wool restraints (447),62,0.0,,
6203490930,Subject to man-made fiber restraints (647),62,0.0,,
6203490945,Other (847),62,0.0,,
6203490960,Shorts (847),62,0.0,,
62034925,Bib and brace overalls,62,0.085,"Free (AU,BH,CL,CO,IL,JO,KR, MA,OM,P, PA,PE,S,SG)",76%
6203492505,"Insulated, for cold weather protection (659)",62,0.0,,
6203492510,Men's (659),62,0.0,,
6203492525,Imported as parts of playsuits (237),62,0.0,,
6203492550,Other (237),62,0.0,,
6203492590,Other (659),62,0.0,,
6203493500,Certified hand-loomed and folklore products,62,0.122,"Free (AU,BH, CL,CO,IL,JO,KR, MA,OM, P,PA,PE,S,SG)",76%
62034950,Other,62,0.27899999999999997,"Free (AU,BH,CL,CO,IL,JO,KR, MA,OM, P,PA,PE,S,SG)",90%
6203495005,Containing 36 percent or more by weight of wool or fine animal hair (447),62,0.0,,
6203495015,Men's (647),62,0.0,,
6203495020,Imported as parts of playsuits (237),62,0.0,,
6203495030,Other (647),62,0.0,,
6203495045,Men's (647),62,0.0,,
6203495050,Imported as parts of playsuits (237),62,0.0,,
6203495060,Other (647),62,0.0,,
62034960,Containing 70 percent or more by weight of silk or silk waste,62,0.0,,35%
6203496010,Bib and brace overalls (759),62,0.0,,
6203496020,Trousers and breeches (747),62,0.0,,
6203496030,Shorts (747),62,0.0,,
62034990,Other,62,0.027999999999999997,"Free (AU,BH,CL,CO,E*,IL,JO,KR,MA,OM,P,PA,PE,S,SG)",35%
6203499010,Bib and brace overalls (859),62,0.0,,
6203499020,Subject to cotton restraints (347),62,0.0,,
6203499025,Subject to wool restraints (447),62,0.0,,
6203499030,Subject to man-made fiber restraints (647),62,0.0,,
6203499045,Other (847),62,0.0,,
6203499060,Shorts (847),62,0.0,,
6204,"Women's or girls' suits, ensembles, suit-type jackets, blazers, dresses, skirts, divided skirts,   trousers, bib and brace overalls, breeches and shorts (other than swimwear):",62,0.0,,
6204110000,Of wool or fine animal hair (444),62,0.14,"Free (AU,BH,CL,CO,IL,JO,KR,MA,OM,P,PA,PE,S,SG)",58.5%
62041200,Of cotton,62,0.149,"Free (AU,BH, CL,CO,IL,JO,KR, MA,OM, P,PA,PE,S,SG)",90%
6204120010,Jackets imported as parts of suits (335),62,0.0,,
6204120020,Skirts and divided skirts imported as parts of suits (342),62,0.0,,
6204120030,"Trousers, breeches and shorts imported as parts of suits (348)",62,0.0,,
6204120040,Waistcoats imported as parts of suits (359),62,0.0,,
620413,Of synthetic fibers:,62,0.0,,
6204131000,Containing 36 percent or more by weight of wool or fine animal hair (444),62,0.17,"Free (AU,BH, CL,CO,IL,JO,KR, MA,OM,P, PA,PE,S,SG)",58.5%
62041320,Other,62,0.259,"Free (AU,BH, CL,CO,IL,JO,KR, MA,OM,P, PA,PE,S,SG)",37.5¢/kg + 76%
6204132010,Women's (644),62,0.0,,
6204132020,Girls' (644),62,0.0,,
620419,Of other textile materials:,62,0.0,,
6204191000,Containing 36 percent or more by weight of wool or fine animal hair (444),62,0.17,"Free (AU,BH, CL,CO,IL,JO,KR, MA,OM, P,PA,PE,S,SG)",58.5%
6204192000,Other (644),62,0.259,"Free (AU,BH, CL,CO,IL,JO,KR, MA,OM, P,PA,PE,S,SG)",37.5¢/kg + 76%
6204194000,Containing 70 percent or more by weight of silk or silk waste (744),62,0.01,"Free (AU,BH, CL,CO,E,IL,JO, KR,MA,OM, P,PA,PE,S,SG)",65%
62041980,Other,62,0.065,"Free (AU,BH, CL,CO,E*,IL,JO, KR,MA,OM, P,PA,PE,S,SG)",65%
6204198010,Jackets imported as parts of suits (335),62,0.0,,
6204198020,Skirts and divided skirts imported as parts of suits (342),62,0.0,,
6204198030,"Trousers, breeches and shorts imported as parts of suits (348)",62,0.0,,
6204198040,Waistcoats imported as parts of suits (359),62,0.0,,
6204198050,Subject to wool restraints (444),62,0.0,,
6204198060,Subject to man-made fiber restraints (644),62,0.0,,
6204198090,Other (844),62,0.0,,
62042100,Of wool or fine animal hair,62,0.035,"Free (AU,BH,CL,CO,IL,JO,KR,MA,OM,P,PA,PE,S,SG)",The rate applicable to each garment in the ensemble if separately entered
6204210010,Garments described in heading 6202; jackets and blazers described in heading 6204 (435),62,0.0,,
6204210030,Skirts and divided skirts (442),62,0.0,,
6204210040,"Trousers, breeches and shorts (448)",62,0.0,,
6204210060,Blouses and shirts (440),62,0.0,,
6204210070,Other (459),62,0.0,,
620422,Of cotton:,62,0.0,,
6204221000,"Judo, karate and other oriental martial arts uniforms (359)",62,0.075,"Free (AU,BH, CL,CO,IL,JO,KR, MA,OM,P, PA,PE,S,SG)",90%
62042230,Other,62,0.035,"Free (AU,BH, CL,CO,IL,JO,KR, MA,OM,P, PA,PE,S,SG)",The rate applicable to each garment in the ensemble if separately entered
6204223010,Garments described in heading 6202; jackets and blazers described in heading 6204 (335),62,0.0,,
6204223030,Skirts and divided skirts (342),62,0.0,,
6204223040,Trousers and breeches (348),62,0.0,,
6204223050,Shorts (348),62,0.0,,
6204223060,With two or more colors in the warp and/or filling (341),62,0.0,,
6204223065,Other (341),62,0.0,,
6204223070,Other (359),62,0.0,,
62042300,Of synthetic fibers,62,0.035,"Free (AU,BH,CL,CO,IL,JO,KR,MA,OM,P,PA,PE,S,SG)",The rate applicable to each garment in the ensemble if separately entered
6204230005,Garments described in heading 6202; jackets and blazers described in heading 6204 (435),62,0.0,,
6204230010,Skirts and divided skirts (442),62,0.0,,
6204230015,"Trousers, breeches and shorts (448)",62,0.0,,
6204230020,Blouses and shirts (440),62,0.0,,
6204230025,Other (459),62,0.0,,
6204230030,Garments described in heading 6202; jackets and blazers described in heading 6204 (635),62,0.0,,
6204230035,Skirts and divided skirts (642),62,0.0,,
6204230040,Trousers and breeches (648),62,0.0,,
6204230045,Shorts (648),62,0.0,,
6204230050,With two or more colors in the warp and/or filling (641),62,0.0,,
6204230055,Other (641),62,0.0,,
6204230060,Other (659),62,0.0,,
620429,Of other textile materials:,62,0.0,,
62042920,Of artificial fibers,62,0.035,"Free (AU,BH, CL,CO,IL,JO,KR, MA,OM,P, PA,PE,S,SG)",The rate applicable to each garment in the ensemble if separately entered
6204292010,Garments described in heading 6202; jackets and blazers described in heading 6204 (635),62,0.0,,
6204292015,Skirts and divided skirts.(642),62,0.0,,
6204292020,Trousers and breeches (648),62,0.0,,
6204292025,Shorts (648),62,0.0,,
6204292030,With two or more colors in the warp and/or filling (641),62,0.0,,
6204292040,Other (641),62,0.0,,
6204292050,Other (659),62,0.0,,
62042940,Other,62,0.035,"Free (AU,BH, CL,CO,E*,IL,JO, KR,MA,OM, P,PA,PE,S,SG)",The rate applicable to each garment in the ensemble if separately entered
6204294010,Subject to cotton restraints (335),62,0.0,,
6204294012,Subject to wool restraints (435),62,0.0,,
6204294014,Subject to man-made fiber restraints (635),62,0.0,,
6204294016,Containing 70 percent or more by weight of silk or silk waste (735),62,0.0,,
6204294018,Other (835),62,0.0,,
6204294020,Other (835),62,0.0,,
6204294022,Subject to cotton restraints (342),62,0.0,,
6204294024,Subject to wool restraints (442),62,0.0,,
6204294026,Subject to man-made fiber restraints (642),62,0.0,,
6204294028,Containing 70 percent or more by weight of silk or silk waste (742),62,0.0,,
6204294030,Other (842),62,0.0,,
6204294032,Other (842),62,0.0,,
6204294034,Subject to cotton restraints (348),62,0.0,,
6204294036,Subject to wool restraints (448),62,0.0,,
6204294038,Subject to man-made fiber restraints (648),62,0.0,,
6204294040,Containing 70 percent or more by weight of silk or silk waste (748),62,0.0,,
6204294041,Trousers and breeches (847),62,0.0,,
6204294043,Shorts (847),62,0.0,,
6204294047,Trousers and breeches (847),62,0.0,,
6204294049,Shorts (847),62,0.0,,
6204294070,Subject to cotton restraints (341),62,0.0,,
6204294072,Subject to wool restraints (440),62,0.0,,
6204294074,Subject to man-made fiber restraints (641),62,0.0,,
6204294076,Containing 70 percent or more by weight of silk or silk waste (741),62,0.0,,
6204294078,Other (840),62,0.0,,
6204294080,Other (840),62,0.0,,
6204294082,Subject to cotton restraints (359),62,0.0,,
6204294084,Subject to wool restraints (459),62,0.0,,
6204294086,Subject to man-made fiber restraints (659),62,0.0,,
6204294088,Containing 70 percent or more by weight of silk or silk waste (759),62,0.0,,
6204294090,Other (859),62,0.0,,
6204294092,Other (859),62,0.0,,
620431,Of wool or fine animal hair:,62,0.0,,
62043110,Containing 30 percent or more by weight of silk or silk waste,62,0.075,"Free (AU,BH,CL,CO,IL,JO,KR,MA,OM,P,PA,PE,S,SG)",65%
6204311010,Women's (435),62,0.0,,
6204311020,Girls' (435),62,0.0,,
62043120,Other,62,0.175,"Free (AU,BH,CL,CO,IL,JO,KR,MA,OM,P,PA,PE,S,SG)",46.3¢/kg + 58.5%
6204312010,Women's (435),62,0.0,,
6204312020,Girls' (435),62,0.0,,
620432,Of cotton:,62,0.0,,
6204321000,Containing 36 percent or more by weight of flax fibers (335),62,0.027999999999999997,"Free (AU,BH, CL,CO,IL,JO,KR, MA,OM,P, PA,PE,S,SG)",35%
62043220,Other,62,0.094,"Free (AU,BH, CL,CO,IL,JO,KR, MA,OM,P, PA,PE,S,SG)",90%
6204322010,Women's (335),62,0.0,,
6204322020,Girls' (335),62,0.0,,
6204322030,Women's (335),62,0.0,,
6204322040,Girls' (335),62,0.0,,
620433,Of synthetic fibers:,62,0.0,,
6204331000,Containing 30 percent or more by weight of silk or silk waste (635),62,0.071,"Free (AU,BH, CL,CO,IL,JO,KR, MA,OM,P, PA,PE,S,SG)",65%
6204332000,Containing 36 percent or more by weight of flax fibers (635),62,0.027999999999999997,"Free (AU,BH, CL,CO,IL,JO,KR, MA,OM,P, PA,PE,S,SG)",35%
62043340,Containing 36 percent or more by weight of wool or fine animal hair,62,0.21,"Free (AU,BH, CL,CO,IL,JO,KR, MA,OM,P, PA,PE,S,SG)",46.3¢/kg + 58.5%
6204334010,Women's (435),62,0.0,,
6204334020,Girls' (435),62,0.0,,
62043350,Other,62,0.273,"Free (AU,BH, CL,CO,IL,JO,KR, MA,OM,P, PA,PE,S,SG)",77.5%
6204335010,Women's (635),62,0.0,,
6204335020,Girls' (635),62,0.0,,
620439,Of other textile materials:,62,0.0,,
62043920,Containing 36 percent or more by weight of wool or fine animal hair,62,0.168,"Free (AU,BH, CL,CO,IL,JO,KR, MA,OM,P, PA,PE,S,SG)",46.3¢/kg + 58.5%
6204392010,Women's (435),62,0.0,,
6204392020,Girls' (435),62,0.0,,
62043930,Other,62,0.273,"Free (AU,BH, CL,CO,IL,JO,KR, MA,OM,P, PA,PE,S,SG)",77.5%
6204393010,Women's (635),62,0.0,,
6204393020,Girls' (635),62,0.0,,
6204396000,Containing 70 percent or more by weight of silk or silk waste (735),62,0.01,"Free (A,AU,BH,CL,CO,D,E,IL,JO,KR,MA,OM,P,PA,PE,S,SG)",65%
62043980,Other,62,0.063,"Free (AU,BH,CL, CO,E*,IL,JO, KR,MA,OM, P,PA,PE,S,SG)",65%
6204398010,Subject to cotton restraints (335),62,0.0,,
6204398020,Subject to wool restraints (435),62,0.0,,
6204398030,Subject to man-made fiber restraints (635),62,0.0,,
6204398050,Of silk (835),62,0.0,,
6204398060,Other (835),62,0.0,,
620441,Of wool or fine animal hair:,62,0.0,,
6204411000,Containing 30 percent or more by weight of silk or silk waste (436),62,0.07200000000000001,"Free (AU,BH,CL,CO,IL,JO,KR,MA,OM,P,PA,PE,S,SG)",90%
62044120,Other,62,0.136,"Free (AU,BH,CL,CO,IL,JO,KR,MA,OM,P,PA,PE,S,SG)",58.5%
6204412010,Women's (436),62,0.0,,
6204412020,Girls' (436),62,0.0,,
620442,Of cotton:,62,0.0,,
6204421000,Certified hand-loomed and folklore products (336),62,0.11800000000000001,"Free (AU,BH,CL, CO,E,IL,JO, KR,MA,OM, P,PA,PE,S,SG)",90%
6204422000,Containing 36 percent or more by weight of flax fibers (336),62,0.055,"Free (AU,BH, CL,CO,IL,JO,KR, MA,OM,P, PA,PE,S,SG)",90%
62044230,Other,62,0.084,"Free (AU,BH, CL,CO,IL,JO,KR, MA,OM,P, PA,PE,S,SG)",90%
6204423010,Women's (336),62,0.0,,
6204423020,Girls' (336),62,0.0,,
6204423030,Women's (336),62,0.0,,
6204423040,Girls' (336),62,0.0,,
6204423050,Women's (336),62,0.0,,
6204423060,Girls' (336),62,0.0,,
620443,Of synthetic fibers:,62,0.0,,
6204431000,Certified hand-loomed and folklore products (636),62,0.113,"Free (AU,BH, CL,CO,E,IL,JO, KR,MA,OM, P,PA,PE,S,SG)",76%
6204432000,Containing 30 percent or more by weight of silk or silk waste (636),62,0.071,"Free (AU,BH, CL,CO,IL,JO,KR, MA,OM,P, PA,PE,S,SG)",65%
62044330,Containing 36 percent or more by weight of wool or fine animal hair,62,0.149,"Free (AU,BH, CL,CO,IL,JO,KR, MA,OM,P, PA,PE,S,SG)",58.5%
6204433010,Women's (436),62,0.0,,
6204433020,Girls' (436),62,0.0,,
62044340,Other,62,0.16,"Free (AU,BH, CL,CO,IL,JO,KR, MA,OM,P, PA,PE,S,SG)",90%
6204434010,Women's (636),62,0.0,,
6204434020,Girls' (636),62,0.0,,
6204434030,Women's (636),62,0.0,,
6204434040,Girls' (636),62,0.0,,
620444,Of artificial fibers:,62,0.0,,
6204442000,Certified hand-loomed and folklore products (636),62,0.113,"Free (AU,BH, CL,CO,E,IL,JO, KR,MA,OM, P,PA,PE,S,SG)",76%
62044430,Containing 36 percent or more by weight of wool or fine animal hair,62,0.085,"Free (AU,BH, CL,CO,IL,JO,KR, MA,OM,P, PA,PE,S,SG)",58.5%
6204443010,Women's (436),62,0.0,,
6204443020,Girls' (436),62,0.0,,
62044440,Other,62,0.16,"Free (AU,BH, CL,CO,IL,JO,KR, MA,OM,P, PA,PE,S,SG)",90%
6204444010,Women's (636),62,0.0,,
6204444020,Girls' (636),62,0.0,,
620449,Of other textile materials:,62,0.0,,
6204491000,Containing 70 percent or more by weight of silk or silk waste (736),62,0.069,"Free (A*,AU,BH,CL,CO,D,E,IL,JO,KR,MA,OM,P,PA,PE,S,SG)",65%
62044950,Other,62,0.069,"Free (AU,BH,CL, CO,E*,IL,JO, KR,MA,OM, P,PA,PE,S,SG)",65%
6204495010,Subject to cotton restraints (336),62,0.0,,
6204495020,Subject to wool restraints (436),62,0.0,,
6204495030,Subject to man-made fiber restraints (636),62,0.0,,
6204495050,Of silk (836),62,0.0,,
6204495060,Other (836),62,0.0,,
62045100,Of wool or fine animal hair,62,0.14,"Free (AU,BH,CL,CO,IL,JO,KR,MA,OM,P,PA,PE,S,SG)",90%
6204510010,Women's (442),62,0.0,,
6204510020,Girls' (442),62,0.0,,
620452,Of cotton:,62,0.0,,
6204521000,Certified hand-loomed and folklore products (342),62,0.08,"Free (AU,BH,CL, CO,E,IL,JO, KR,MA,OM, P,PA,PE,S,SG)",90%
62045220,Other,62,0.08199999999999999,"Free (AU,BH, CL,CO,IL,JO,KR, MA,OM, P,PA,PE,S,SG)",90%
6204522010,Women's (342),62,0.0,,
6204522020,Girls' (342),62,0.0,,
6204522030,Women's (342),62,0.0,,
6204522040,Girls' (342),62,0.0,,
6204522070,Women's (342),62,0.0,,
6204522080,Girls' (342),62,0.0,,
620453,Of synthetic fibers:,62,0.0,,
6204531000,Certified hand-loomed products and folklore products (642),62,0.113,"Free (AU,BH, CL,CO,E,IL,JO, KR,MA,OM, P,PA,PE,S,SG)",76%
62045320,Containing 36 percent or more by weight of wool or fine animal hair,62,0.149,"Free (AU,BH, CL,CO,IL,JO,KR, MA,OM, P,PA,PE,S,SG)",90%
6204532010,Women's (442),62,0.0,,
6204532020,Girls' (442),62,0.0,,
62045330,Other,62,0.16,"Free (AU,BH, CL,CO,IL,JO,KR, MA,OM, P,PA,PE,S,SG)",90%
6204533010,Women's (642),62,0.0,,
6204533020,Girls' (642),62,0.0,,
620459,Of other textile materials:,62,0.0,,
6204591000,Certified hand-loomed and folklore products (642),62,0.113,"Free (AU,BH, CL,CO,E,IL,JO, KR,MA,OM, P,PA,PE,S,SG)",76%
62045920,Containing 36 percent or more by weight of wool or fine animal hair,62,0.149,"Free (AU,BH, CL,CO,IL,JO,KR, MA,OM,P, PA,PE,S,SG)",90%
6204592010,Women's (442),62,0.0,,
6204592020,Girls' (442),62,0.0,,
62045930,Other,62,0.16,"Free (AU,BH, CL,CO,IL,JO,KR, MA,OM,P, PA,PE,S,SG)",90%
6204593010,Women's (642),62,0.0,,
6204593020,Girls' (642),62,0.0,,
62045940,Other,62,0.066,"Free (AU,BH, CL,CO,E*,IL, JO,KR,MA, OM,P,PA, PE,S,SG)",65%
6204594010,Subject to cotton restraints (342),62,0.0,,
6204594020,Subject to wool restraints (442),62,0.0,,
6204594030,Subject to man-made fiber restraints (642),62,0.0,,
6204594040,Containing 70 percent or more by weight of silk or silk waste (742),62,0.0,,
6204594050,Other (842),62,0.0,,
6204594060,Other (842),62,0.0,,
620461,Of wool or fine animal hair:,62,0.0,,
62046105,"Trousers and breeches, containing elastomeric fiber, water resistant, without belt loops, weighing more than 6 kg per dozen",62,0.076,"Free (AU,BH,CL,CO,IL,JO,KR,MA,OM,P,PA,PE,S,SG)",58.5%
6204610510,Women's (448),62,0.0,,
6204610520,Girls' (448),62,0.0,,
62046115,Other,62,0.136,"Free (AU,BH,CL,CO,IL,JO,KR,MA,OM,P,PA,PE,S,SG)",58.5%
6204611510,Women's (448),62,0.0,,
6204611520,Girls' (448),62,0.0,,
6204611530,Shorts (448),62,0.0,,
6204611540,Bib and brace overall (459),62,0.0,,
62046160,"Trousers and breeches, containing elastomeric fiber, water resistant, without belt loops, weighing more than 6 kg per dozen",62,0.076,"Free (AU,BH,CL,CO,IL,JO,KR,MA,OM,P,PA,PE,S,SG)",58.5%
6204616010,Women's (448),62,0.0,,
6204616020,Girls' (448),62,0.0,,
62046180,Other,62,0.136,"Free (AU,BH,CL,CO,IL,JO,KR,MA,OM,P,PA,PE,S,SG)",58.5%
6204618010,Women's (448),62,0.0,,
6204618020,Girls' (448),62,0.0,,
6204618030,Shorts (448),62,0.0,,
6204618040,Bib and brace overalls (459),62,0.0,,
620462,Of cotton:,62,0.0,,
6204620300,Containing 15 percent or more by weight of down and waterfowl plumage and of which down comprises 35 percent or more by weight; containing 10 percent or more by weight of down,62,0.0,,60%
62046205,Bib and brace overalls,62,0.08900000000000001,"Free (AU,BH,CL,CO,IL,JO,KR,MA,OM,P, PA,PE,S,SG)",90%
6204620505,"Insulated, for cold weather protection (359)",62,0.0,,
6204620510,Women's (359),62,0.0,,
6204620525,Imported as parts of playsuits (237),62,0.0,,
6204620550,Other (237),62,0.0,,
62046215,Other,62,0.166,"Free (AU,BH,CL,CO,IL,JO,KR,MA,OM,P,PA,PE,S,SG)",90%
6204621503,"Containing compact yarns described in statistical reporting numbers 5205.42.0021, 5205.43.0021, 5205.44.0021, 5205.46.0021 or 5205.47.0021 (348)",62,0.0,,
6204621506,Corduroy (348),62,0.0,,
6204621511,Blue denim (348),62,0.0,,
6204621521,Other (348),62,0.0,,
6204621526,Imported as parts of playsuits (237),62,0.0,,
6204621531,Other (348),62,0.0,,
6204621536,Imported as parts of playsuits (237),62,0.0,,
6204621541,Other (348),62,0.0,,
6204621546,Imported as parts of playsuits (237),62,0.0,,
6204621551,Other (348),62,0.0,,
6204621556,Women's shorts (348),62,0.0,,
6204621561,Imported as parts of playsuits (237),62,0.0,,
6204621566,Other (348),62,0.0,,
6204625000,Containing 15 percent or more by weight of down and waterfowl plumage and of which down comprises 35 percent or more by weight; containing 10 percent or more by weight of down,62,0.0,,60%
62046260,Bib and brace overalls,62,0.08900000000000001,"Free (AU,BH, CL,CO,IL,JO,KR, MA,OM,P, PA,PE,S,SG)",90%
6204626005,"Insulated, for cold weather protection (359)",62,0.0,,
6204626010,Women's (359),62,0.0,,
6204626025,Imported as parts of playsuits (237),62,0.0,,
6204626050,Other (237),62,0.0,,
6204627000,Certified hand-loomed and folklore products (348),62,0.071,"Free (AU,BH,CL,CO,E,IL,JO, KR,MA,OM, P,PA,PE,S,SG)",37.5%
62046280,Other,62,0.166,"Free (AU,BH,CL,CO,IL,JO,KR,MA,OM,P,PA,PE,S,SG)",90%
6204628003,"Containing compact yarns described in statistical reporting numbers 5205.42.0021, 5205.43.0021, 5205.44.0021, 5205.46.0021 or 5205.47.0021 (348)",62,0.0,,
6204628006,Corduroy (348),62,0.0,,
6204628011,Blue denim (348),62,0.0,,
6204628014,"Designed for use in hospitals, clinics, laboratories or contaminated areas (348)",62,0.0,,
6204628018,Other (348),62,0.0,,
6204628026,Imported as parts of playsuits (237),62,0.0,,
6204628031,Other (348),62,0.0,,
6204628036,Imported as parts of playsuits (237),62,0.0,,
6204628041,Other (348),62,0.0,,
6204628046,Imported as parts of playsuits (237),62,0.0,,
6204628051,Other (348),62,0.0,,
6204628056,Women's shorts (348),62,0.0,,
6204628061,Imported as parts of playsuits (237),62,0.0,,
6204628066,Other (348),62,0.0,,
620463,Of synthetic fibers:,62,0.0,,
6204630100,Containing 15 percent or more by weight of down and waterfowl plumage and of which down comprises 35 percent or more by weight; containing 10 percent or more by weight of down,62,0.0,,60%
6204630200,Water resistant,62,0.071,"Free (AU,BH,CL,CO,IL,JO,KR,MA,OM,P,PA,PE,S,SG)",65%
62046303,Other,62,0.149,"Free (AU,BH,CL,CO,IL,JO,KR,MA,OM,P,PA,PE,S,SG)",76%
6204630305,"Insulated, for cold weather protection (659)",62,0.0,,
6204630310,Women's (659),62,0.0,,
6204630325,Imported as parts of playsuits (237),62,0.0,,
6204630350,Other (237),62,0.0,,
62046308,Containing 36 percent or more by weight of wool or fine animal hair,62,0.136,"Free (AU,BH,CL,CO,IL,JO,KR,MA,OM,P,PA,PE,S,SG)",58.5%
6204630810,Women's (448),62,0.0,,
6204630820,Girls' (448),62,0.0,,
62046309,Water resistant trousers or breeches,62,0.071,"Free (AU,BH,CL,CO,IL,JO,KR,MA,OM,P,PA,PE,S,SG)",65%
6204630910,Ski/snowboard pants (648),62,0.0,,
6204630990,Other (648),62,0.0,,
62046311,Other,62,0.28600000000000003,"Free (AU,BH,CL,CO,IL,JO,KR,MA,OM,P,PA,PE,S,SG)",90%
6204631110,Women's (648),62,0.0,,
6204631125,Imported as parts of playsuits (237),62,0.0,,
6204631130,Other (648),62,0.0,,
6204631132,Women's (648),62,0.0,,
6204631135,Imported as parts of playsuits (237),62,0.0,,
6204631140,Other (648),62,0.0,,
6204635000,Containing 15 percent or more by weight of down and waterfowl plumage and of which down comprises 35 percent or more by weight; containing 10 percent or more by weight of down,62,0.0,,60%
6204635500,Water resistant (659),62,0.071,"Free (AU,BH,CL,CO,IL,JO,KR,MA,OM,P,PA,PE,S,SG)",65%
62046360,Other,62,0.149,"Free (AU,BH,CL,CO,IL,JO,KR,MA,OM,P,PA,PE,S,SG)",76%
6204636005,"Insulated, for cold weather protection (659)",62,0.0,,
6204636010,Women's (659),62,0.0,,
6204636025,Imported as parts of playsuits (237),62,0.0,,
6204636050,Other (237),62,0.0,,
6204636500,Certified hand-loomed and folklore products (648),62,0.113,"Free (AU,BH,CL,CO,E,IL,JO,KR,MA,OM,P,PA,PE,S,SG)",76%
62046370,Containing 36 percent or more by weight of wool or fine animal hair,62,0.136,"Free (AU, BH, CL, CO, IL, JO, KR, MA, OM, P, PA, PE, S, SG)",58.5%
6204637010,Women's (448),62,0.0,,
6204637020,Girls' (448),62,0.0,,
62046375,Water resistant trousers or breeches (648),62,0.071,"Free (AU,BH,CL,CO,IL,JO,KR,MA,OM,P,PA,PE,S,SG)",65%
6204637510,Ski/snowboard pants (648),62,0.0,,
6204637590,Other (648),62,0.0,,
62046390,Other,62,0.28600000000000003,"Free (AU,BH,CL,CO,IL,JO,KR,MA,OM,P,PA,PE,S,SG)",90%
6204639009,"Designed for use in hospitals, clinics, laboratories or contaminated areas (648)",62,0.0,,
6204639011,Other (648),62,0.0,,
6204639025,Imported as parts of playsuits (237),62,0.0,,
6204639030,Other (648),62,0.0,,
6204639032,Women's (648),62,0.0,,
6204639035,Imported as parts of playsuits (237),62,0.0,,
6204639040,Other (648),62,0.0,,
620469,Of other textile materials:,62,0.0,,
62046901,Bib and brace overalls,62,0.136,"Free (AU,BH,CL,CO,IL,JO,KR,MA,OM,P,PA,PE,S,SG)",76%
6204690105,"Insulated, for cold weather protection (659)",62,0.0,,
6204690110,Women's (659),62,0.0,,
6204690125,Imported as parts of playsuits (237),62,0.0,,
6204690150,Other,62,0.0,,
62046902,Containing 36 percent or more by weight of wool or fine animal hair,62,0.136,"Free (AU,BH,CL,CO,IL,JO,KR,MA,OM,P,PA,PE,S,SG)",58.5%
6204690210,Women's (448),62,0.0,,
6204690220,Girls' (448),62,0.0,,
6204690230,Shorts (448),62,0.0,,
62046903,Other,62,0.28600000000000003,"Free (AU,BH,CL,CO,IL,JO,KR,MA,OM,P,PA,PE,S,SG)",90%
6204690310,Women's (648),62,0.0,,
6204690320,Imported as parts of playsuits (237),62,0.0,,
6204690330,Other (648),62,0.0,,
6204690340,Women's (648),62,0.0,,
6204690350,Imported as parts of playsuits (237),62,0.0,,
6204690360,Other (648),62,0.0,,
62046904,Containing 70 percent or more by weight of silk or silk waste,62,0.011000000000000001,"Free (AU,BH,CL,CO,E,IL,JO,KR,MA,OM,P,PA,PE,S,SG)",65%
6204690410,"Trousers, breeches and shorts (748)",62,0.0,,
6204690420,Bib and brace overalls (759),62,0.0,,
62046905,Other,62,0.071,"Free (AU,BH,CL,CO,E*,IL,JO,KR,MA,OM,P,PA,PE,S,SG)",65%
6204690510,Subject to cotton restraints (348),62,0.0,,
6204690520,Subject to wool restraints (448),62,0.0,,
6204690530,Subject to man-made fiber restraints (648),62,0.0,,
6204690540,Trousers and breeches (847),62,0.0,,
6204690550,Shorts (847),62,0.0,,
6204690570,Bib and brace overalls (859),62,0.0,,
62046906,Other,62,0.027999999999999997,"Free (AU,BH,CL,CO,E*,IL,JO,KR,MA,OM,P,PA,PE,S,SG)",35%
6204690610,Subject to cotton restraints (348),62,0.0,,
6204690620,Subject to wool restraints (448),62,0.0,,
6204690630,Subject to man-made fiber restraints (648),62,0.0,,
6204690644,Trousers and breeches (847),62,0.0,,
6204690646,Shorts (847),62,0.0,,
6204690650,Bib and brace overalls (859),62,0.0,,
62046915,Bib and brace overalls,62,0.136,"Free (AU,BH,CL,CO,IL,JO,KR,MA,OM,P,PA,PE,S,SG)",76%
6204691505,"Insulated, for cold weather protection (659)",62,0.0,,
6204691510,Women's (659),62,0.0,,
6204691525,Imported as parts of playsuits (237),62,0.0,,
6204691550,Other (237),62,0.0,,
62046922,Containing 36 percent or more by weight of wool or fine animal hair,62,0.136,"Free (AU,BH,CL,CO,IL,JO,KR,MA,OM,P,PA,PE,S,SG)",58.5%
6204692210,Women's (448),62,0.0,,
6204692220,Girls' (448),62,0.0,,
6204692230,Shorts (448),62,0.0,,
62046928,Other,62,0.28600000000000003,"Free (AU,BH,CL,CO,IL,JO,KR,MA,OM,P,PA,PE,S,SG)",90%
6204692810,Women's (648),62,0.0,,
6204692820,Imported as parts of playsuits (237),62,0.0,,
6204692830,Other (648),62,0.0,,
6204692840,Women's (648),62,0.0,,
6204692850,Imported as parts of playsuits (237),62,0.0,,
6204692860,Other (648),62,0.0,,
62046945,Containing 70 percent or more by weight of silk or silk waste,62,0.011000000000000001,"Free (AU,BH,CL,CO,E,IL,JO,KR,MA,OM,P,PA,PE,S,SG)",65%
6204694510,"Trousers, breeches and shorts (748)",62,0.0,,
6204694520,Bib and brace overalls (759),62,0.0,,
62046965,Other,62,0.071,"Free (AU,BH,CL,CO,E*,IL,JO,KR,MA,OM,P,PA,PE,S,SG)",65%
6204696510,Subject to cotton restraints (348),62,0.0,,
6204696520,Subject to wool restraints (448),62,0.0,,
6204696530,Subject to man-made fiber restraints (648),62,0.0,,
6204696540,Trousers and breeches (847),62,0.0,,
6204696550,Shorts (847),62,0.0,,
6204696570,Bib and brace overalls (859),62,0.0,,
62046980,Other,62,0.027999999999999997,"Free (AU,BH,CL,CO,E*,IL,JO,KR,MA,OM,P,PA,PE,S,SG)",35%
6204698010,Subject to cotton restraints (348),62,0.0,,
6204698020,Subject to wool restraints (448),62,0.0,,
6204698030,Subject to man-made fiber restraints (648),62,0.0,,
6204698044,Trousers and breeches (847),62,0.0,,
6204698046,Shorts (847),62,0.0,,
6204698050,Bib and brace overalls (859),62,0.0,,
6205,Men's or boys' shirts:,62,0.0,,
620520,Of cotton:,62,0.0,,
6205201000,Certified hand-loomed and folklore products (340),62,0.087,"Free (AU,BH, CL,CO,E,IL,JO, KR,MA,OM, P,PA,PE,S,SG)",90%
62052020,Other,62,0.19699999999999998,"Free (AU,BH,CL,CO,IL,JO,KR,MA,OM,P,PA,PE,S,SG)",45%
6205202003,"Containing compact yarns described in statistical reporting number 5205.42.0021, 5205.43.0021,   5205.44.0021, 5205.46.0021 or 5205.47.0021 (340)",62,0.0,,
6205202016,Men's (340),62,0.0,,
6205202021,Boys' (340),62,0.0,,
6205202026,Men's (340),62,0.0,,
6205202031,Boys' (340),62,0.0,,
6205202036,Men's (340),62,0.0,,
6205202041,Imported as parts of playsuits (237),62,0.0,,
6205202044,Other (340),62,0.0,,
6205202047,Napped (340),62,0.0,,
6205202051,Men's (340),62,0.0,,
6205202056,Imported as parts of playsuits (237),62,0.0,,
6205202061,Other (340),62,0.0,,
6205202063,"Designed for use in hospitals, clinics, laboratories or contaminated areas (340)",62,0.0,,
6205202067,Other (340),62,0.0,,
6205202071,Imported as parts of playsuits (237),62,0.0,,
6205202076,Other (340),62,0.0,,
620530,Of man-made fibers:,62,0.0,,
6205301000,Certified hand-loomed and folklore products (640),62,0.122,"Free (AU,BH, CL,CO,E,IL,JO, KR,MA,OM, P,PA,PE,S,SG)",76%
62053015,Containing 36 percent or more by weight of wool or fine animal hair,62,0.19699999999999998,"Free (AU,BH, CL,CO,IL,JO,KR, MA,OM,P, PA,PE,S,SG)",52.9¢/kg + 45%
6205301510,Men's (440),62,0.0,,
6205301520,Boys' (440),62,0.0,,
62053020,Other,62,0.259,"Free (AU,BH, CL,CO,IL,JO,KR, MA,OM,P, PA,PE,S,SG)",30.9¢/kg + 76%
6205302010,Men's (640),62,0.0,,
6205302020,Boys' (640),62,0.0,,
6205302030,Men's (640),62,0.0,,
6205302040,Boys' (640),62,0.0,,
6205302050,Men's (640),62,0.0,,
6205302055,Imported as parts of playsuits (237),62,0.0,,
6205302060,Other (640),62,0.0,,
6205302071,"Designed for use in hospitals, clinics, laboratories or contaminated areas (640)",62,0.0,,
6205302073,Other (640),62,0.0,,
6205302075,Imported as parts of playsuits (237),62,0.0,,
6205302080,Other (640),62,0.0,,
620590,Of other textile materials:,62,0.0,,
6205900500,Certified hand-loomed and folklore products (440),62,0.092,"Free (AU,BH,CL,CO,E,IL,JO,KR,MA,OM,P,PA,PE,S,SG)",90%
62059007,Other,62,0.175,"Free (AU,BH,CL,CO,IL,JO,KR,MA,OM,P,PA,PE,S,SG)",52.9¢/kg + 45%
6205900710,Men's (440),62,0.0,,
6205900720,Boys' (440),62,0.0,,
6205901000,Containing 70 percent or more by weight of silk or silk waste (740),62,0.011000000000000001,"Free (AU,BH, CL,CO,E,IL,JO, KR,MA,OM, P,PA,PE,S,SG)",65%
62059030,Other,62,0.071,"Free (AU,BH, CL,CO,E*,IL,JO, KR,MA,OM, P,PA,PE,S,SG)",65%
6205903010,Subject to cotton restraints (340),62,0.0,,
6205903020,Subject to wool restraints (440),62,0.0,,
6205903030,Subject to man-made fiber restraints (640),62,0.0,,
6205903050,Other (840),62,0.0,,
62059040,Other,62,0.027999999999999997,"Free (AU,BH,CL,CO,E*,IL,JO,KR,MA,OM,P,PA,PE,S,SG)",35%
6205904010,Subject to cotton restraints (340),62,0.0,,
6205904020,Subject to wool restraints (440),62,0.0,,
6205904030,Subject to man-made fiber restraints (640),62,0.0,,
6205904040,Other (840),62,0.0,,
6206,"Women's or girls' blouses, shirts and shirt-blouses:",62,0.0,,
62061000,Of silk or silk waste,62,0.069,"Free (AU,BH,CL,CO,E*,IL,JO,KR,MA,OM,P,PA,PE,S,SG)",65%
6206100010,Subject to cotton restraints (341),62,0.0,,
6206100020,Subject to wool restraints (440),62,0.0,,
6206100030,Subject to man-made fiber restraints (641),62,0.0,,
6206100040,Containing 70 percent or more by weight of silk or silk waste (741),62,0.0,,
6206100050,Other (840),62,0.0,,
620620,Of wool or fine animal hair:,62,0.0,,
6206201000,Certified hand-loomed and folklore products (440),62,0.085,"Free (AU,BH,CL,CO,E,IL,JO,KR,MA,OM,P,PA,PE,S,SG)",90%
62062020,Containing 30 percent or more by weight of silk or silk waste,62,0.071,"Free (AU,BH,CL,CO,IL,JO,KR,MA,OM,P,PA,PE,S,SG)",90%
6206202010,Women's (440),62,0.0,,
6206202020,Girls' (440),62,0.0,,
62062030,Other,62,0.17,"Free (AU,BH,CL,CO,IL,JO,KR,MA,OM,P,PA,PE,S,SG)",82.7¢/kg + 58.5%
6206203010,Women's (440),62,0.0,,
6206203020,Girls' (440),62,0.0,,
620630,Of cotton:,62,0.0,,
6206301000,Certified hand-loomed and folklore products (341),62,0.09,"Free (AU,BH, CL,CO,E,IL,JO, KR,MA,OM, P,PA,PE,S,SG)",90%
6206302000,Containing 36 percent or more by weight of flax fibers (341),62,0.035,"Free (AU,BH, CL,CO,IL,JO,KR, MA,OM,P, PA,PE,S,SG)",90%
62063030,Other,62,0.154,"Free (AU,BH,CL,CO,IL,JO,KR,MA,OM,P,PA,PE,S,SG)",90%
6206303003,"Containing compact yarns described in statistical reporting numbers 5205.42.0021, 5205.43.0021,   5205.44.0021,5205.46.0021or 5205.47.0021 (341)",62,0.0,,
6206303011,Women's (341),62,0.0,,
6206303021,Imported as parts of playsuits (237),62,0.0,,
6206303031,Other (341),62,0.0,,
6206303043,"Designed for use in hospitals, clinics, laboratories or contaminated areas (341)",62,0.0,,
6206303045,Other (341),62,0.0,,
6206303051,Imported as parts of playsuits (237),62,0.0,,
6206303061,Other (341),62,0.0,,
620640,Of man-made fibers:,62,0.0,,
6206401000,Certified hand-loomed and folklore products (641),62,0.113,"Free (AU,BH, CL,CO,E,IL,JO, KR,MA,OM, P,PA,PE,S,SG)",76%
6206402000,Containing 30 percent or more by weight of silk or silk waste (641),62,0.04,"Free (AU,BH, CL,CO,IL,JO,KR, MA,OM,P, PA,PE,S,SG)",90%
62064025,Containing 36 percent or more by weight of wool or fine animal hair,62,0.14300000000000002,"Free (AU,BH, CL,CO,IL,JO,KR, MA,OM,P, PA,PE,S,SG)",82.7¢/kg + 58.5%
6206402510,Women's (440),62,0.0,,
6206402520,Girls' (440),62,0.0,,
62064030,Other,62,0.26899999999999996,"Free (AU,BH, CL,CO,IL,JO,KR, MA,OM,P, PA,PE,S,SG)",90%
6206403010,Women's (641),62,0.0,,
6206403020,Imported as parts of playsuits (237),62,0.0,,
6206403025,Other (641),62,0.0,,
6206403033,"Designed for use in hospitals, clinics, laboratories or contaminated areas (641)",62,0.0,,
6206403035,Other (641),62,0.0,,
6206403040,Imported as parts of playsuits (237),62,0.0,,
6206403050,Other (641),62,0.0,,
62069000,Of other textile materials,62,0.067,"Free (AU,BH,CL,CO,E*,IL,JO,KR,MA,OM,P,PA,PE,S,SG)",90%
6206900010,Subject to cotton restraints (341),62,0.0,,
6206900020,Subject to wool restraints (440),62,0.0,,
6206900030,Subject to man-made fiber restraints (641),62,0.0,,
6206900040,Other (840),62,0.0,,
6207,"Men's or boys' singlets and other undershirts, underpants, briefs, nightshirts, pajamas, bathrobes,   dressing gowns and similar articles:",62,0.0,,
6207110000,Of cotton (352),62,0.061,"Free (AU,BH, CL,CO,IL,JO,KR, MA,OM,P, PA,PE,S,SG)",37.5%
620719,Of other textile materials:,62,0.0,,
6207191000,Containing 70 percent or more by weight of silk or silk waste (752),62,0.017,"Free (AU,BH, CL,CO,E,IL,JO, KR,MA,OM, P,PA,PE,S,SG)",90%
62071990,Other,62,0.105,"Free (AU,BH, CL,CO,E*,IL,JO, KR,MA,OM, P,PA,PE,S,SG)",90%
6207199010,Of man-made fibers (652),62,0.0,,
6207199030,Other (852),62,0.0,,
62072100,Of cotton,62,0.08900000000000001,"Free (AU,BH, CL,CO,IL,JO,KR, MA,OM,P, PA,PE,S,SG)",90%
6207210010,Men's (351),62,0.0,,
6207210020,Boys' (351),62,0.0,,
6207210030,Men's (351),62,0.0,,
6207210040,Boys' (351),62,0.0,,
6207220000,Of man-made fibers (651),62,0.16,"Free (AU,BH, CL,CO,IL,JO,KR, MA,OM,P, PA,PE,S,SG)",76%
620729,Of other textile materials:,62,0.0,,
6207291000,Containing 70 percent or more by weight of silk or silk waste (751),62,0.011000000000000001,"Free (AU,BH, CL,CO,E,IL,JO, KR,MA,OM, P,PA,PE,S,SG)",65%
62072990,Other,62,0.071,"Free (AU,BH, CL,CO,E*,IL,JO, KR,MA,OM, P,PA,PE,S,SG)",65%
6207299010,Of wool or fine animal hair (459),62,0.0,,
6207299030,Other (851),62,0.0,,
620791,Of cotton:,62,0.0,,
6207911000,"Bathrobes, dressing gowns and similar articles (350)",62,0.084,"Free (AU,BH, CL,CO,IL,JO,KR, MA,OM,P, PA,PE,S,SG)",90%
62079130,Other,62,0.061,"Free (AU,BH, CL,CO,IL,JO,KR, MA,OM,P, PA,PE,S,SG)",37.5%
6207913010,Sleepwear (351),62,0.0,,
6207913020,Other (352),62,0.0,,
620799,Of other textile materials:,62,0.0,,
6207992000,"Bathrobes, dressing gowns and similar articles (459)",62,0.085,"Free (AU,BH, CL,CO,IL,JO,KR, MA,OM,P, PA,PE,S,SG)",58.5%
6207994000,Other (459),62,0.061,"Free (AU,BH, CL,CO,IL,JO,KR, MA,OM,P, PA,PE,S,SG)",52%
62079970,Containing 70 percent or more by weight of silk or silk waste,62,0.011000000000000001,"Free (AU,BH, CL,CO,E,IL,JO, KR,MA,OM, P,PA,PE,S,SG)",65%
6207997010,"Bathrobes, dressing gowns and similar articles (750)",62,0.0,,
6207997020,Sleepwear (751),62,0.0,,
6207997030,Other (752),62,0.0,,
62079975,"Bathrobes, dressing gowns and similar articles",62,0.149,"Free (AU,BH, CL,CO,IL,JO,KR, MA,OM,P, PA,PE,S,SG)",90%
6207997510,Containing 36 percent or more by weight of wool or fine animal hair (459),62,0.0,,
6207997520,Other (650),62,0.0,,
62079985,Other,62,0.105,"Free (AU,BH, CL,CO,IL,JO,KR, MA,OM, P,PA,PE,S,SG)",90%
6207998510,Sleepwear (651),62,0.0,,
6207998520,Other (652),62,0.0,,
62079990,Other,62,0.071,"Free (AU,BH, CL,CO,E*,IL,JO, KR,MA,OM, P,PA,PE,S,SG)",65%
6207999010,"Bathrobes, dressing gowns and similar articles (850)",62,0.0,,
6207999040,Other (852),62,0.0,,
6208,"Women's or girls' singlets and other undershirts, slips, petticoats, briefs, panties, nightdresses,   pajamas, negligees, bathrobes, dressing gowns and similar articles:",62,0.0,,
6208110000,Of man-made fibers (652),62,0.149,"Free (AU,BH, CL,CO,IL,JO,KR, MA,OM,P, PA,PE,S,SG)",90%
620819,Of other textile materials:,62,0.0,,
6208192000,Of cotton (352),62,0.11199999999999999,"Free (AU,BH, CL,CO,IL,JO,KR, MA,OM,P, PA,PE,S,SG)",90%
6208195000,Containing 70 percent of more by weight of silk or silk waste (752),62,0.013999999999999999,"Free (AU,BH, CL,CO,E,IL,JO, KR,MA,OM, P,PA,PE,S,SG)",90%
6208199000,Other (852),62,0.087,"Free (AU,BH, CL,CO,E*,IL,JO, KR,MA,OM, P,PA,PE,S,SG)",90%
62082100,Of cotton,62,0.08900000000000001,"Free (AU,BH, CL,CO,IL,JO,KR, MA,OM,P, PA,PE,S,SG)",90%
6208210010,With two or more colors in the warp and/or the filling (351),62,0.0,,
6208210020,Women's (351),62,0.0,,
6208210030,Girls' (351),62,0.0,,
6208220000,Of man-made fibers (651),62,0.16,"Free (AU,BH, CL,CO,IL,JO,KR, MA,OM, P,PA,PE,S,SG)",90%
620829,Of other textile materials:,62,0.0,,
6208291000,Containing 70 percent or more by weight of silk or silk waste (751),62,0.011000000000000001,"Free (AU,BH, CL,CO,E,IL,JO, KR,MA,OM, P,PA,PE,S,SG)",65%
62082990,Other,62,0.071,"Free (AU,BH, CL,CO,E*,IL,JO, KR,MA,OM, P,PA,PE,S,SG)",65%
6208299010,Of wool or fine animal hair (459),62,0.0,,
6208299030,Other (851),62,0.0,,
620891,Of cotton:,62,0.0,,
62089110,"Bathrobes, dressing gowns and similar articles",62,0.075,"Free (AU,BH, CL,CO,IL,JO,KR, MA,OM,P, PA,PE,S,SG)",90%
6208911010,Women's (350),62,0.0,,
6208911020,Girls' (350),62,0.0,,
62089130,Other,62,0.11199999999999999,"Free (AU,BH, CL,CO,IL,JO,KR, MA,OM,P, PA,PE,S,SG)",90%
6208913010,Women's (352),62,0.0,,
6208913020,Girls' (352),62,0.0,,
62089200,Of man-made fibers,62,0.16,"Free (AU,BH, CL,CO,IL,JO,KR, MA,OM,P, PA,PE,S,SG)",90%
6208920010,Women's (650),62,0.0,,
6208920020,Girls' (650),62,0.0,,
6208920030,Women's (652),62,0.0,,
6208920040,Girls' (652),62,0.0,,
620899,Of other textile materials:,62,0.0,,
62089920,Of wool or fine animal hair,62,0.085,"Free (AU,BH, CL,CO,IL,JO,KR, MA,OM,P, PA,PE,S,SG)",58.5%
6208992010,"Bathrobes, dressing gowns and similar articles (459)",62,0.0,,
6208992020,Other (459),62,0.0,,
62089930,Containing 70 percent or more by weight of silk or silk waste,62,0.011000000000000001,"Free (AU,BH, CL,CO,E,IL,JO, KR,MA,OM, P,PA,PE,S,SG)",65%
6208993010,"Bathrobes, dressing gowns and similar articles (750)",62,0.0,,
6208993020,Other (752),62,0.0,,
62089950,Other,62,0.071,"Free (AU,BH, CL,CO,E*,IL,JO, KR,MA,OM, P,PA,PE,S,SG)",65%
6208995010,"Bathrobes, dressing gowns and similar articles (850)",62,0.0,,
6208995020,Other (852),62,0.0,,
62089980,Other,62,0.027999999999999997,"Free (AU,BH, CL,CO,E*,IL,JO, KR,MA,OM, P,PA,PE,S,SG)",35%
6208998010,"Bathrobes, dressing gowns and similar articles (850)",62,0.0,,
6208998020,Other (852),62,0.0,,
6209,Babies' garments and clothing accessories:,62,0.0,,
620920,Of cotton:,62,0.0,,
6209201000,Dresses (239),62,0.11800000000000001,"Free (AU,BH, CL,CO,IL,JO,KR, MA,OM,P, PA,PE,S,SG)",90%
6209202000,"Blouses and shirts, except those imported as parts of sets (239)",62,0.149,"Free (AU,BH, CL,CO,IL,JO,KR, MA,OM,P, PA,PE,S,SG)",37.5%
6209203000,"Trousers, breeches and shorts, except those imported as parts of sets (239)",62,0.149,"Free (AU,BH, CL,CO,IL,JO,KR, MA,OM,P, PA,PE,S,SG)",90%
62092050,Other,62,0.09300000000000001,"Free (AU,BH, CL,CO,IL,JO,KR, MA,OM, P,PA,PE,S,SG)",90%
6209205030,"Sunsuits, washsuits and similar apparel (239)",62,0.0,,
6209205035,Sets (239),62,0.0,,
6209205045,Imported as parts of sets (239),62,0.0,,
6209205050,Other (239),62,0.0,,
620930,Of synthetic fibers:,62,0.0,,
6209301000,"Blouses and shirts, except those imported as parts of sets (239)",62,0.22,"Free (AU,BH, CL,CO,IL,JO,KR, MA,OM,P, PA,PE,S,SG)",90%
6209302000,"Trousers, breeches and shorts, except those imported as parts of sets (239)",62,0.28600000000000003,"Free (AU,BH, CL,CO,IL,JO,KR, MA,OM,P, PA,PE,S,SG)",90%
62093030,Other,62,0.16,"Free (AU,BH, CL,CO,IL,JO,KR, MA,OM,P, PA,PE,S,SG)",90%
6209303010,"Sunsuits, washsuits and similar apparel (239)",62,0.0,,
6209303020,Sets (239),62,0.0,,
6209303030,Imported as parts of sets (239),62,0.0,,
6209303040,Other (239),62,0.0,,
620990,Of other textile materials:,62,0.0,,
6209900500,Of wool or fine animal hair (439),62,0.14400000000000002,"Free (AU,BH,CL,CO,IL,JO,KR,MA,OM,P,PA,PE,S,SG)",46.3¢/kg + 58.5%
6209901000,"Blouses and shirts, except those imported as parts of sets (239)",62,0.22,"Free (AU,BH, CL,CO,IL,JO,KR, MA,OM,P, PA,PE,S,SG)",90%
6209902000,"Trousers, breeches and shorts, except those imported as parts of sets (239)",62,0.149,"Free (AU,BH, CL,CO,IL,JO,KR, MA,OM,P, PA,PE,S,SG)",90%
62099030,Other,62,0.149,"Free (AU,BH, CL,CO,IL,JO,KR, MA,OM,P, PA,PE,S,SG)",90%
6209903010,"Sunsuits, washsuits and similar apparel (239)",62,0.0,,
6209903015,Blanket sleepers (239),62,0.0,,
6209903020,Sets (239),62,0.0,,
6209903030,Imported as parts of sets (239),62,0.0,,
6209903040,Other (239),62,0.0,,
6209905000,Containing 70 percent or more by weight of silk or silk waste,62,0.0,,35%
6209909000,Other (839),62,0.027999999999999997,"Free (AU,BH, CL,CO,E,IL,JO, KR,MA,OM, P,PA,PE,S,SG)",35%
6210,"Garments, made up of fabrics of heading 5602, 5603, 5903, 5906 or 5907:",62,0.0,,
621010,Of fabrics of heading 5602 or 5603:,62,0.0,,
6210102000,Of fabrics formed on a base of paper or covered or lined with paper,62,0.027999999999999997,"Free (A,AU,BH,CL,CO,D,E,IL,JO,KR,MA,OM,P,PA,PE,S,SG)",26.5%
62101050,"Nonwoven disposable apparel designed for use in hospitals, clinics, laboratories or contaminated areas",62,0.0,,76%
6210105010,Surgical or isolation gowns,62,0.0,,
6210105090,Other,62,0.0,,
6210107000,Disposable briefs and panties designed for one-time use,62,0.085,"Free (AU,BH, CL,CO,E,IL,JO, KR,MA,OM, P,PA,PE,S,SG)",76%
62101090,Other,62,0.16,"Free (AU,BH, CL,CO,E*,IL, JO,KR,MA,OM,P, PA,PE,S,SG)",76%
6210109010,Overalls and coveralls (659),62,0.0,,
6210109040,Other (659),62,0.0,,
621020,"Other garments, of the type described in heading 6201:",62,0.0,,
6210203000,"Having an outer surface impregnated, coated, covered, or laminated with rubber or plastics material   which completely obscures the underlying fabric",62,0.038,"Free (AU,BH, CL,CO,IL,JO,KR, MA,OM,P, PA,PE,S,SG)",65%
62102050,Other,62,0.071,"Free (AU,BH, CL,CO,IL,JO,KR, MA,OM,P, PA,PE,S,SG)",65%
6210205010,"Overcoats, carcoats, capes, cloaks and similar garments (634)",62,0.0,,
6210205020,Recreational performance outerwear (634),62,0.0,,
6210205029,Other (634),62,0.0,,
6210207000,"Having an outer surface impregnated, coated, covered, or laminated with rubber or plastics material which completely obscures the underlying fabric",62,0.033,"Free (AU,BH, CL,CO,E,IL,JO, KR,MA,OM, P,PA,PE,S,SG)",37.5%
62102090,Other,62,0.062,"Free (AU,BH, CL,CO,E*,IL,JO, KR,MA,OM, P,PA,PE,S,SG)",37.5%
6210209010,Of linen (834),62,0.0,,
6210209020,Other (334),62,0.0,,
6210209030,Having a fiber content of 70 percent or more by weight of silk or silk waste (734),62,0.0,,
6210209039,Other (334),62,0.0,,
6210209040,Having a fiber content of 70 percent or more by weight of silk or silk waste (734),62,0.0,,
6210209049,Other (334),62,0.0,,
621030,"Other garments, of the type described in heading 6202:",62,0.0,,
6210303000,"Having an outer surface impregnated, coated, covered, or laminated with rubber or plastics material which completely obscure the underlying fabric",62,0.038,"Free (AU,BH, CL,CO,IL,JO,KR, MA,OM,P, PA,PE,S,SG)",65%
62103050,Other,62,0.071,"Free (AU,BH, CL,CO,IL,JO,KR, MA,OM,P, PA,PE,S,SG)",65%
6210305010,"Overcoats, carcoats, capes, cloaks and similar garments (635)",62,0.0,,
6210305020,Recreational performance outerwear (635),62,0.0,,
6210305029,Other (635),62,0.0,,
6210307000,"Having an outer surface impregnated, coated, covered, or laminated with rubber or plastics material which completely obscures the underlying fabric",62,0.033,"Free (AU,BH, CL,CO,E,IL,JO, KR,MA,OM, P,PA,PE,S,SG)",37.5%
62103090,Other,62,0.062,"Free (AU,BH, CL,CO,E*,IL,JO, KR,MA,OM, P,PA,PE,S,SG)",37.5%
6210309010,Of linen (835),62,0.0,,
6210309020,Other (335),62,0.0,,
6210309030,Having a fiber content of 70 percent or more by weight of silk or silk waste (735),62,0.0,,
6210309039,Other (335),62,0.0,,
6210309040,Having a fiber content of 70 percent or more by weight of silk or silk waste (735),62,0.0,,
6210309049,Other (335),62,0.0,,
621040,Other men's or boys' garments:,62,0.0,,
6210401500,"Having an outer surface impregnated, coated, cover or laminated with rubber or plastics material which completely obscures the underlying fabric",62,0.038,"Free (AU,BH,CL,CO,IL,JO,KR,MA,OM,P,PA,PE,S,SG)",65%
62104025,Other,62,0.071,"Free (AU,BH,CL,CO,IL,JO,KR,MA,OM,P,PA,PE,S,SG)",65%
6210402531,Ski/snowboard pants (647),62,0.0,,
6210402539,Other (647),62,0.0,,
6210402540,Overalls and coveralls (659),62,0.0,,
6210402550,Other (659),62,0.0,,
6210402800,"Having an outer surface impregnated, coated, covered or laminated with rubber or plastics material which completely obscures the underlying fabric",62,0.033,"Free (AU,BH,CL,CO,E,IL,JO,KR,MA,OM,P,PA,PE,S,SG)",37.5%
62104029,Other,62,0.062,"Free (AU,BH,CL,CO,E*,IL,JO,KR,MA,OM,P,PA,PE,S,SG)",37.5%
6210402917,"Trousers, breeches and shorts (747)",62,0.0,,
6210402918,Overalls and coveralls (759),62,0.0,,
6210402919,Other (759),62,0.0,,
6210402933,"Trousers, breeches and shorts (347)",62,0.0,,
6210402945,Overalls and coveralls (359),62,0.0,,
6210402960,Other (359),62,0.0,,
6210403500,"Having an outer surface impregnated, coated, covered or laminated with rubber or plastics material which completely obscures the underlying fabric",62,0.038,"Free (AU,BH,CL,CO,IL,JO,KR,MA,OM,P,PA,PE,S,SG)",65%
62104055,Other,62,0.071,"Free (AU,BH,CL,CO,IL,JO,KR,MA,OM,P,PA,PE,S,SG)",65%
6210405531,Ski/snowboard pants (647),62,0.0,,
6210405539,Other (647),62,0.0,,
6210405540,Overalls and coveralls (659),62,0.0,,
6210405550,Other (659),62,0.0,,
6210407500,"Having an outer surface impregnated, coated, covered or laminated with rubber or plastics material which completely obscures the underlying fabric",62,0.033,"Free (AU,BH,CL,CO,E,IL,JO,KR,MA,OM,P,PA,PE,S,SG)",37.5%
62104080,Other,62,0.062,"Free (AU,BH,CL,CO,E*,IL,JO,KR,MA,OM,P,PA,PE,S,SG)",37.5%
6210408017,"Trousers, breeches and shorts (747)",62,0.0,,
6210408018,Overalls and coveralls (759),62,0.0,,
6210408019,Other (759),62,0.0,,
6210408033,"Trousers, breeches and shorts (347)",62,0.0,,
6210408045,Overalls and coveralls (359),62,0.0,,
6210408060,Other (359),62,0.0,,
621050,Other women's or girls' garments:,62,0.0,,
6210500300,"Having an outer surface impregnated, coated, covered or laminated with rubber or plastics material which completely obscures the underlying fabric",62,0.038,"Free (AU,BH,CL,CO,IL,JO,KR,MA,OM,P,PA,PE,S,SG)",65%
62105005,Other,62,0.071,"Free (AU,BH,CL,CO,IL,JO,KR,MA,OM,P,PA,PE,S,SG)",65%
6210500531,Ski/snowboard pants (648),62,0.0,,
6210500539,Other (648),62,0.0,,
6210500540,Overalls and coveralls (659),62,0.0,,
6210500555,Other (659),62,0.0,,
6210501200,"Having an outer surface impregnated, coated, covered or laminated with rubber or plastics material which completely obscures the underlying fabric",62,0.033,"Free (AU,BH,CL,CO,E,IL,JO,KR,MA,OM,P,PA,PE,S,SG)",37.5%
62105022,Other,62,0.062,"Free (AU,BH,CL,CO,E*,IL,JO,KR,MA,OM,P,PA,PE,S,SG)",37.5%
6210502220,"Trousers, breeches and shorts (748)",62,0.0,,
6210502230,Overalls and coveralls (759),62,0.0,,
6210502240,Other (759),62,0.0,,
6210502260,"Trousers, breeches and shorts (348)",62,0.0,,
6210502270,Overalls and coveralls (359),62,0.0,,
6210502290,Other (359),62,0.0,,
6210503500,"Having an outer surface impregnated, coated, covered or laminated with rubber or plastics material which completely obscures the underlying fabric",62,0.038,"Free (AU,BH,CL,CO,IL,JO,KR,MA,OM,P,PA,PE,S,SG)",65%
62105055,Other,62,0.071,"Free (AU,BH,CL,CO,IL,JO,KR,MA,OM,P,PA,PE,S,SG)",65%
6210505531,Ski/snowboard pants (648),62,0.0,,
6210505539,Other (648),62,0.0,,
6210505540,Overalls and coveralls (659),62,0.0,,
6210505555,Other (659),62,0.0,,
6210507500,"Having an outer surface impregnated, coated, covered or laminated with rubber or plastics material which completely obscures the underlying fabric",62,0.033,"Free (AU,BH,CL,CO,E,IL,JO,KR,MA,OM,P,PA,PE,S,SG)",37.5%
62105080,Other,62,0.062,"Free (AU,BH,CL,CO,E*,IL,JO,KR,MA,OM,P,PA,PE,S,SG)",37.5%
6210508020,"Trousers, breeches and shorts (748)",62,0.0,,
6210508030,Overalls and coveralls (759),62,0.0,,
6210508040,Other (759),62,0.0,,
6210508060,"Trousers, breeches and shorts (348)",62,0.0,,
6210508070,Overalls and coveralls (359),62,0.0,,
6210508090,Other (359),62,0.0,,
6211,"Track suits, ski-suits and swimwear; other garments:",62,0.0,,
621111,Men's or boys':,62,0.0,,
62111110,Of man-made fibers,62,0.278,"Free (AU,BH, CL,CO,IL,JO,KR, MA,OM,P, PA,PE,S,SG)",90%
6211111010,Men's (659),62,0.0,,
6211111020,Boys' (659),62,0.0,,
6211114000,Containing 70 percent or more by weight of silk or silk waste (759),62,0.04,"Free (AU,BH, CL,CO,E,IL,JO, KR,MA,OM, P,PA,PE,S,SG)",37.5%
62111180,Other,62,0.075,"Free (AU,BH, CL,CO,E*,IL,JO, KR,MA,OM, P,PA,PE,S,SG)",37.5%
6211118010,Men's (359),62,0.0,,
6211118020,Boys' (359),62,0.0,,
6211118040,Other (859),62,0.0,,
621112,Women's or girls':,62,0.0,,
62111210,Of man-made fibers,62,0.11800000000000001,"Free (AU,BH, CL,CO,IL,JO,KR, MA,OM,P, PA,PE,S,SG)",90%
6211121010,Women's (659),62,0.0,,
6211121020,Girls' (659),62,0.0,,
6211124000,Containing 70 percent or more by weight of silk or silk waste (759),62,0.012,"Free (AU,BH, CL,CO,E,IL,JO, KR,MA,OM, P,PA,PE,S,SG)",37.5%
62111280,Other,62,0.075,"Free (AU,BH, CL,CO,E*,IL,JO, KR,MA,OM, P,PA,PE,S,SG)",37.5%
6211128010,Women's (359),62,0.0,,
6211128020,Girls' (359),62,0.0,,
6211128030,Other (859),62,0.0,,
621120,Ski-suits:,62,0.0,,
62112004,"Anoraks (including ski-jackets), windbreakers and similar articles (including padded, sleeveless   jackets) imported as parts of suits",62,0.006999999999999999,"Free (AU,BH, CL,CO,E*,IL,JO, KR,MA,OM, P,PA,PE,S,SG)",60%
6211200410,Of cotton (353),62,0.0,,
6211200420,Other (653),62,0.0,,
6211200430,Of cotton (354),62,0.0,,
6211200440,Other (654),62,0.0,,
62112008,Other,62,0.044000000000000004,"Free (AU,BH, CL,CO,E*,IL, JO,KR,MA,OM,P, PA,PE,S,SG)",60%
6211200810,Men's or boys',62,0.0,,
6211200820,Women's or girls',62,0.0,,
62112015,Water resistant,62,0.071,"Free (AU,BH, CL,CO,E*,IL,JO, KR,MA,OM, P,PA,PE,S,SG)",65%
6211201510,Of cotton (334),62,0.0,,
6211201515,Other (634),62,0.0,,
6211201520,Of cotton (347),62,0.0,,
6211201525,Other (647),62,0.0,,
6211201530,Of cotton (359),62,0.0,,
6211201535,Other (659),62,0.0,,
6211201540,Of cotton (335),62,0.0,,
6211201545,Other (635),62,0.0,,
6211201550,Of cotton (348),62,0.0,,
6211201555,Other (648),62,0.0,,
6211201560,Of cotton (359),62,0.0,,
6211201565,Other (659),62,0.0,,
6211202400,Of wool or fine animal hair (434),62,0.175,"Free (AU,BH, CL,CO,E*,IL,JO,KR, MA,OM,P, PA,PE,S,SG)",90%
62112028,Other,62,0.27699999999999997,"Free (AU,BH, CL,CO,E*,IL,JO, KR,MA,OM, P,PA,PE,S,SG)",90%
6211202810,Of cotton (334),62,0.0,,
6211202820,Of man-made fibers (634),62,0.0,,
6211202830,Other (834),62,0.0,,
6211203400,Of wool or fine animal hair (447),62,0.175,"Free (AU,BH, CL,CO,E*,IL,JO, KR,MA,OM, P,PA,PE,S,SG)",90%
62112038,Other,62,0.281,"Free (AU,BH, CL,CO,E*,IL,JO, KR,MA,OM, P,PA,PE,S,SG)",90%
6211203810,Of cotton (347),62,0.0,,
6211203820,Of man-made fibers (647),62,0.0,,
6211203830,Other (847),62,0.0,,
6211204400,Of wool or fine animal hair (459),62,0.14,"Free (AU,BH, CL,CO,E*,IL,JO, KR,MA,OM, P,PA,PE,S,SG)",76%
62112048,Other,62,0.149,"Free (AU,BH, CL,CO,E*,IL,JO, KR,MA,OM, P,PA,PE,S,SG)",76%
6211204815,Of cotton (359),62,0.0,,
6211204835,Of man-made fibers (659),62,0.0,,
6211204860,Other (859),62,0.0,,
6211205400,Of wool or fine animal hair (435),62,0.175,"Free (AU,BH, CL,CO,E*,IL,JO, KR,MA,OM, P,PA,PE,S,SG)",90%
62112058,Other,62,0.28,"Free (AU,BH, CL,CO,E*,IL,JO, KR,MA,OM, P,PA,PE,S,SG)",90%
6211205810,Of cotton (335),62,0.0,,
6211205820,Of man-made fibers (635),62,0.0,,
6211205830,Other (835),62,0.0,,
6211206400,Of wool or fine animal hair (448),62,0.175,"Free (AU,BH, CL,CO,E*,IL,JO, KR,MA,OM, P,PA,PE,S,SG)",90%
62112068,Other,62,0.28600000000000003,"Free (AU,BH, CL,CO,E*,IL,JO, KR,MA,OM, P,PA,PE,S,SG)",90%
6211206810,Of cotton (348),62,0.0,,
6211206820,Of man-made fibers (648),62,0.0,,
6211206830,Other (847),62,0.0,,
6211207400,Of wool or fine animal hair (459),62,0.14,"Free (AU,BH, CL,CO,E*,IL,JO, KR,MA,OM, P,PA,PE,S,SG)",76%
62112078,Other,62,0.149,"Free (AU,BH, CL,CO,E*,IL,JO, KR,MA,OM, P,PA,PE,S,SG)",76%
6211207810,Of cotton (359),62,0.0,,
6211207820,Of man-made fibers (659),62,0.0,,
6211207830,Other (859),62,0.0,,
621132,Of cotton:,62,0.0,,
62113250,Recreational performance outerwear,62,0.081,"Free (AU,BH,CL,CO,IL,JO,KR,MA,OM,P,PA,PE,S,SG)",90%
6211325003,Containing 15 percent or more by weight of down and waterfowl plumage and of which down comprises 35 percent or more by weight; containing 10 percent or more by weight of down,62,0.0,,
6211325007,"Other, insulated for cold weather protection (359)",62,0.0,,
6211325010,Men's (359),62,0.0,,
6211325015,Sizes 2-7 (237),62,0.0,,
6211325025,Other (359),62,0.0,,
6211325030,"Washsuits, sunsuits, one-piece piece playsuits and similar apparel for boys (237)",62,0.0,,
6211325040,Trousers (347),62,0.0,,
6211325050,Other (334),62,0.0,,
6211325060,Shirts excluded from heading 6205 (340),62,0.0,,
6211325070,Vests (359),62,0.0,,
6211325075,Jackets and jacket-type garments excluded from heading 6201 (334),62,0.0,,
6211325081,Other (359),62,0.0,,
62113290,Other,62,0.081,"Free (AU,BH,CL,CO,IL,JO,KR,MA,OM,P,PA,PE,S,SG)",90%
6211329003,Containing 15 percent or more by weight of down and waterfowl plumage and of which down comprises 35 percent or more by weight; containing 10 percent or more by weight of down,62,0.0,,
6211329007,"Other, insulated for cold weather protection (359)",62,0.0,,
6211329010,Men's (359),62,0.0,,
6211329015,Sizes 2-7 (237),62,0.0,,
6211329025,Other (359),62,0.0,,
6211329030,"Washsuits, sunsuits, one-piece piece playsuits and similar apparel for boys (237)",62,0.0,,
6211329040,Trousers (347),62,0.0,,
6211329050,Other (334),62,0.0,,
6211329060,Shirts excluded from heading 6205 (340),62,0.0,,
6211329070,Vests (359),62,0.0,,
6211329075,Jackets and jacket-type garments excluded from heading 6201 (334),62,0.0,,
6211329081,Other (359),62,0.0,,
621133,Of man-made fibers:,62,0.0,,
62113350,Recreational performance outerwear,62,0.16,"Free (AU,BH,CL,CO,IL,JO,KR,MA,OM,P,PA,PE,S,SG)",76%
6211335003,Containing 15 percent or more by weight of down and waterfowl plumage and of which down comprises 35 percent or more by weight; containing 10 percent or more by weight of down,62,0.0,,
6211335007,"Other, insulated for cold weather protection (659)",62,0.0,,
6211335010,Men's (659),62,0.0,,
6211335015,Sizes 2-7 (237),62,0.0,,
6211335017,Other (659),62,0.0,,
6211335025,"Washsuits, sunsuits, one-piece playsuits and similar apparel for boys (237)",62,0.0,,
6211335030,Trousers (647),62,0.0,,
6211335035,Other (634),62,0.0,,
6211335040,Shirts excluded from heading 6205 (640),62,0.0,,
6211335052,Containing 36 percent or more by weight of wool or fine animal hair (459),62,0.0,,
6211335054,Other (659),62,0.0,,
6211335058,Jackets and jacket-type garments excluded from heading 6201 (634),62,0.0,,
6211335061,Other (659),62,0.0,,
62113390,Other,62,0.16,"Free (AU,BH,CL,CO,IL,JO,KR,MA,OM,P,PA,PE,S,SG)",76%
6211339003,Containing 15 percent or more by weight of down and waterfowl plumage and of which down comprises 35 percent or more by weight; containing 10 percent or more by weight of down,62,0.0,,
6211339007,"Other, insulated for cold weather protection (659)",62,0.0,,
6211339010,Men's (659),62,0.0,,
6211339015,Sizes 2-7 (237),62,0.0,,
6211339017,Other (659),62,0.0,,
6211339025,"Washsuits, sunsuits, one-piece playsuits and similar apparel for boys (237)",62,0.0,,
6211339030,Trousers (647),62,0.0,,
6211339035,Other (634),62,0.0,,
6211339042,"Designed for use in hospitals, clinics, laboratories or contaminated areas (640)",62,0.0,,
6211339044,Other (640),62,0.0,,
6211339052,Containing 36 percent or more by weight of wool or fine animal hair (459),62,0.0,,
6211339054,Other (659),62,0.0,,
6211339058,Jackets and jacket-type garments excluded from heading 6201 (634),62,0.0,,
6211339061,Other (659),62,0.0,,
621139,Of other textile materials:,62,0.0,,
62113903,Of wool or fine animal hair,62,0.12,"Free (AU,BH,CL,CO,IL,JO,KR,MA,OM,P,PA,PE,S,SG)",58.5%
6211390310,Trousers (447),62,0.0,,
6211390320,Other (434),62,0.0,,
6211390330,Shirts excluded from heading 6205 (440),62,0.0,,
6211390340,Vests (459),62,0.0,,
6211390345,Jackets and jacket-type garments excluded from heading 6201 (434),62,0.0,,
6211390351,Other (459),62,0.0,,
62113907,Containing 70 percent or more by weight of silk or silk waste,62,0.005,"Free (AU, BH, CL, CO, E, IL, JO, KR, MA, OM, P, PA, PE, S, SG)",35%
6211390710,"Coveralls, jumpsuits and similar apparel (759)",62,0.0,,
6211390720,"Washsuits, sunsuits, one-piece playsuits and similar apparel (759)",62,0.0,,
6211390730,Trousers (747),62,0.0,,
6211390740,Other (734),62,0.0,,
6211390750,Shirts excluded from heading 6205 (740),62,0.0,,
6211390760,Vests (759),62,0.0,,
6211390770,Jackets and jacket-type garments excluded from heading 6201 (734),62,0.0,,
6211390790,Other (759),62,0.0,,
62113915,Other,62,0.027999999999999997,"Free (AU, BH, CL, CO, E*, IL, JO, KR, MA, OM, P, PE, S, SG)",35%
6211391510,"Coveralls, jumpsuits and similar apparel (859)",62,0.0,,
6211391520,"Washsuits, sunsuits, one-piece playsuits and similar apparel (859)",62,0.0,,
6211391530,Trousers (847),62,0.0,,
6211391540,Other (834),62,0.0,,
6211391550,Shirts excluded from heading 6205 (840),62,0.0,,
6211391560,Vests (859),62,0.0,,
6211391570,Jackets and jacket-type garments excluded from heading 6201 (834),62,0.0,,
6211391590,Other (859),62,0.0,,
62113930,Of wool or fine animal hair,62,0.12,"Free (AU,BH,CL,CO,IL,JO,KR,MA,OM,P,PA,PE,S,SG)",58.5%
6211393010,Trousers (447),62,0.0,,
6211393020,Other (434),62,0.0,,
6211393030,Shirts excluded from heading 6205 (440),62,0.0,,
6211393040,Vests (459),62,0.0,,
6211393045,Jackets and jacket-type garments excluded from heading 6201 (434),62,0.0,,
6211393051,Other (459),62,0.0,,
62113960,Containing 70 percent or more by weight of silk or silk waste,62,0.005,"Free (AU, BH, CL, CO, E, IL, JO, KR, MA, OM, P, PA, PE, S, SG)",35%
6211396010,"Coveralls, jumpsuits and similar apparel (759)",62,0.0,,
6211396020,"Washsuits, sunsuits, one-piece playsuits and similar apparel (759)",62,0.0,,
6211396030,Trousers (747),62,0.0,,
6211396040,Other (734),62,0.0,,
6211396050,Shirts excluded from heading 6205 (740),62,0.0,,
6211396060,Vests (759),62,0.0,,
6211396070,Jackets and jacket-type garments excluded from heading 6201 (734),62,0.0,,
6211396090,Other (759),62,0.0,,
62113980,Other,62,0.027999999999999997,"Free (AU, BH, CL, CO, E*, IL, JO, KR, MA, OM, P, PE, S, SG)",35%
6211398010,"Coveralls, jumpsuits and similar apparel (859)",62,0.0,,
6211398020,"Washsuits, sunsuits, one-piece playsuits and similar apparel (859)",62,0.0,,
6211398030,Trousers (847),62,0.0,,
6211398040,Other (834),62,0.0,,
6211398050,Shirts excluded from heading 6205 (840),62,0.0,,
6211398060,Vests (859),62,0.0,,
6211398070,Jackets and jacket-type garments excluded from heading 6201 (834),62,0.0,,
6211398090,Other (859),62,0.0,,
621142,Of cotton:,62,0.0,,
62114205,Recreational performance outerwear,62,0.081,"Free (AU,BH,CL,CO,IL,JO,KR,MA,OM,P,PA,PE,S,SG)",90%
6211420503,Containing 15 percent or more by weight of down and waterfowl plumage and of which down comprises 35 percent or more weight; containing 10 percent or more by weight of down,62,0.0,,
6211420507,"Other, insulated for cold weather protection (359)",62,0.0,,
6211420510,Women's (359),62,0.0,,
6211420520,Girls' (237),62,0.0,,
6211420525,"Washsuits, sunsuits, one-piece playsuits and similar apparel (237)",62,0.0,,
6211420530,Trousers (348),62,0.0,,
6211420540,Other (335),62,0.0,,
6211420554,With two or more colors in the warp and/or filling (341),62,0.0,,
6211420556,Other (341),62,0.0,,
6211420560,Jumpers (359),62,0.0,,
6211420570,Vests (359),62,0.0,,
6211420575,Jackets and jacket-type garments excluded from heading 6202 (335),62,0.0,,
6211420581,Other (359),62,0.0,,
62114210,Other,62,0.081,"Free (AU,BH,CL,CO,IL,JO,KR,MA,OM,P,PA,PE,S,SG)",90%
6211421003,Containing 15 percent or more by weight of down and waterfowl plumage and of which down comprises 35 percent or more weight; containing 10 percent or more by weight of down,62,0.0,,
6211421007,"Other, insulated for cold weather protection (359)",62,0.0,,
6211421010,Women's (359),62,0.0,,
6211421020,Girls' (237),62,0.0,,
6211421025,"Washsuits, sunsuits, one-piece playsuits and similar apparel (237)",62,0.0,,
6211421030,Trousers (348),62,0.0,,
6211421040,Other (335),62,0.0,,
6211421054,With two or more colors in the warp and/or filling (341),62,0.0,,
6211421056,Other (341),62,0.0,,
6211421060,Jumpers (359),62,0.0,,
6211421070,Vests (359),62,0.0,,
6211421075,Jackets and jacket-type garments excluded from heading 6202 (335),62,0.0,,
6211421082,Surgical or isolation gowns (359),62,0.0,,
6211421088,Other (359),62,0.0,,
6211421092,Other (359),62,0.0,,
621143,Of man-made fibers:,62,0.0,,
62114305,Recreational performance outerwear,62,0.16,"Free (AU,BH,CL,CO,IL,JO,KR,MA,OM,P,PA,PE,S,SG)",90%
6211430503,Containing 15 percent or more by weight of down and waterfowl plumage and of which down comprises 35 percent or more weight; containing 10 percent or more by weight of down,62,0.0,,
6211430507,"Other, insulated for cold weather protection (659)",62,0.0,,
6211430510,Women's (659),62,0.0,,
6211430520,Girls' (237),62,0.0,,
6211430530,"Washsuits, sunsuits, one-piece playsuits and similar apparel",62,0.0,,
6211430540,Trousers (648),62,0.0,,
6211430550,Other (659),62,0.0,,
6211430560,"Blouses, shirts and shirt-blouses, sleeveless tank styles and similar upper body garments, excluded from heading 6206 (641)",62,0.0,,
6211430564,Containing 36 percent or more by weight of wool or fine animal hair (459),62,0.0,,
6211430566,Other (659),62,0.0,,
6211430574,Containing 36 percent or more by weight of wool or fine animal hair (459),62,0.0,,
6211430576,Other (659),62,0.0,,
6211430578,Jackets and jacket-type garments excluded from heading 6202 (635),62,0.0,,
6211430591,Other (659),62,0.0,,
62114310,Other,62,0.16,"Free (AU,BH,CL,CO,IL,JO,KR,MA,OM,P,PA,PE,S,SG)",90%
6211431003,Containing 15 percent or more by weight of down and waterfowl plumage and of which down comprises 35 percent or more weight; containing 10 percent or more by weight of down,62,0.0,,
6211431007,"Other, insulated for cold weather protection (659)",62,0.0,,
6211431010,Women's (659),62,0.0,,
6211431020,Girls' (237),62,0.0,,
6211431030,"Washsuits, sunsuits, one-piece playsuits and similar apparel (237)",62,0.0,,
6211431040,Trousers (648),62,0.0,,
6211431050,Other (659),62,0.0,,
6211431059,"Designed for use in hospitals, clinics, laboratories or contaminated areas (641)",62,0.0,,
6211431062,Other (641),62,0.0,,
6211431064,Containing 36 percent or more by weight of wool or fine animal hair (459),62,0.0,,
6211431066,Other (659),62,0.0,,
6211431074,Containing 36 percent or more by weight of wool or fine animal hair (459),62,0.0,,
6211431076,Other (659),62,0.0,,
6211431078,Jackets and jacket-type garments excluded from heading 6202 (635),62,0.0,,
6211431082,Surgical or isolation gowns (659),62,0.0,,
6211431088,Other (659),62,0.0,,
6211431092,Other (659),62,0.0,,
621149,Of other textile materials:,62,0.0,,
62114903,Containing 70 percent or more by weight of silk or silk waste,62,0.012,"Free (AU,BH,CL,CO,E,IL,JO,KR,MA,OM,P,PA,PE,S,SG)",35%
6211490310,"Coveralls, jumpsuits and similar apparel:",62,0.0,,
6211490320,"Washsuits, sunsuits, one-piece playsuits and similar apparel (759)",62,0.0,,
6211490330,Trousers (748),62,0.0,,
6211490340,Other (735),62,0.0,,
6211490350,"Blouses, shirts and shirt-blouses, sleeveless tank styles and similar upper body garments, excluded from heading 6206",62,0.0,,
6211490360,Jumpers (759),62,0.0,,
6211490370,Vests (759),62,0.0,,
6211490380,Jackets and jacket-type garments excluded from heading 6202 (735),62,0.0,,
6211490390,Other (759),62,0.0,,
62114915,Of wool or fine animal hair,62,0.12,"Free (AU,BH,CL,CO,IL,JO,KR,MA,OM,P,PA,PE,S,SG)",58.5%
6211491510,Trousers (448),62,0.0,,
6211491520,Other (435),62,0.0,,
6211491530,"Blouses, shirts and shirt-blouses, sleeveless tank styles and similar upper body garments, excluded from heading 6206 (440)",62,0.0,,
6211491540,Jumpers (459),62,0.0,,
6211491550,Vests (459),62,0.0,,
6211491555,Jackets and jacket-type garments excluded from heading 6202 (435),62,0.0,,
6211491561,Other (459),62,0.0,,
62114925,Other,62,0.073,"Free (AU,BH,CL,CO,E,IL,JO,KR,MA,OM,P,PA,PE,S,SG)",35%
6211492510,"Coveralls, jumpsuits and similar apparel (859)",62,0.0,,
6211492520,"Washsuits, sunsuits, one-piece playsuits and similar apparel (859)",62,0.0,,
6211492530,Trousers (847),62,0.0,,
6211492540,Other (835),62,0.0,,
6211492550,"Blouses, shirts and shirt-blouses, sleeveless tank styles and similar upper body garments, excluded from heading 6206 (840)",62,0.0,,
6211492560,Jumpers (859),62,0.0,,
6211492570,Vests (859),62,0.0,,
6211492580,Jackets and jacket-type garments excluded from heading 6202 (835),62,0.0,,
6211492590,Other (859),62,0.0,,
62114950,Containing 70 percent or more by weight of silk or silk waste,62,0.012,"Free (AU,BH,CL,CO,E,IL,JO,KR,MA,OM,P,PA,PE,S,SG)",35%
6211495010,"Coveralls, jumpsuits and similar apparel:",62,0.0,,
6211495020,"Washsuits, sunsuits, one-piece playsuits and similar apparel (759)",62,0.0,,
6211495030,Trousers (748),62,0.0,,
6211495040,Other (735),62,0.0,,
6211495050,"Blouses, shirts and shirt-blouses, sleeveless tank styles and similar upper body garments, excluded from heading 6206",62,0.0,,
6211495060,Jumpers (759),62,0.0,,
6211495070,Vests (759),62,0.0,,
6211495080,Jackets and jacket-type garments excluded from heading 6202 (735),62,0.0,,
6211495090,Other (759),62,0.0,,
62114960,Of wool or fine animal hair,62,0.12,"Free (AU,BH,CL,CO,IL,JO,KR,MA,OM,P,PA,PE,S,SG)",58.5%
6211496010,Trousers (448),62,0.0,,
6211496020,Other (435),62,0.0,,
6211496030,"Blouses, shirts and shirt-blouses, sleeveless tank styles and similar upper body garments, excluded from heading 6206 (440)",62,0.0,,
6211496040,Jumpers (459),62,0.0,,
6211496050,Vests (459),62,0.0,,
6211496055,Jackets and jacket-type garments excluded from heading 6202 (435),62,0.0,,
6211496061,Other (459),62,0.0,,
62114980,Other,62,0.073,"Free (AU,BH,CL,CO,E,IL,JO,KR,MA,OM,P,PA,PE,S,SG)",35%
6211498010,"Coveralls, jumpsuits and similar apparel (859)",62,0.0,,
6211498020,"Washsuits, sunsuits, one-piece playsuits and similar apparel (859)",62,0.0,,
6211498030,Trousers (847),62,0.0,,
6211498040,Other (835),62,0.0,,
6211498050,"Blouses, shirts and shirt-blouses, sleeveless tank styles and similar upper body garments, excluded from heading 6206 (840)",62,0.0,,
6211498060,Jumpers (859),62,0.0,,
6211498070,Vests (859),62,0.0,,
6211498080,Jackets and jacket-type garments excluded from heading 6202 (835),62,0.0,,
6211498090,Other (859),62,0.0,,
6212,"Brassieres, girdles, corsets, braces, suspenders, garters and similar articles and parts thereof,   whether or not knitted or crocheted:",62,0.0,,
621210,Brassieres:,62,0.0,,
6212103000,Containing 70 percent or more by weight of silk or silk waste,62,0.048,"Free (AU,BH, CL,CO,E,IL,JO, KR,MA,OM, P,PA,PE,S,SG)",90%
62121050,Other,62,0.16899999999999998,"Free (AU,BH,CL,CO,E*,IL,JO,KR,MA,OM,P,PA,PE,S,SG)",90%
6212105010,Of cotton (349),62,0.0,,
6212105020,Of man-made fibers (649),62,0.0,,
6212105030,Other (859),62,0.0,,
6212107000,Containing 70 percent or more by weight of silk or silk waste,62,0.027000000000000003,"Free (AU,BH, CL,CO,E,IL,JO, KR,MA,OM, P,PA,PE,S,SG)",75%
62121090,Other,62,0.16899999999999998,"Free (AU,BH,CL,CO,E*,IL,JO,KR,MA,OM,P,PA,PE,S,SG)",75%
6212109010,Of cotton (349),62,0.0,,
6212109020,Of man-made fibers (649),62,0.0,,
6212109040,Other (859),62,0.0,,
62122000,Girdles and panty-girdles,62,0.2,"Free (AU,BH, CL,CO,E*,IL,JO, KR,MA,OM, P,PA,PE,S,SG)",90%
6212200010,Of cotton (349),62,0.0,,
6212200020,Of man-made fibers (649),62,0.0,,
6212200030,Other (859),62,0.0,,
62123000,Corsets,62,0.235,"Free (AU,BH, CL,CO,E*,IL,JO, KR,MA,OM, P,PA,PE,S,SG)",90%
6212300010,Of cotton (349),62,0.0,,
6212300020,Of man-made fibers (649),62,0.0,,
6212300030,Other (859),62,0.0,,
62129000,Other,62,0.066,"Free (AU,BH,CL,CO,E*,IL,JO,KR,MA,OM,P,PA,PE,S,SG)",83.5%
6212900010,Of cotton or cotton and rubber or plastics (359),62,0.0,,
6212900020,Of wool or wool and rubber or plastics (459),62,0.0,,
6212900030,Of man-made fibers or man-made fibers and rubber or plastics (659),62,0.0,,
6212900050,Containing 70 percent or more by weight of silk or silk waste,62,0.0,,
6212900090,Other (859),62,0.0,,
6213,Handkerchiefs:,62,0.0,,
621320,Of cotton:,62,0.0,,
6213201000,"Hemmed, not containing lace or embroidery (330)",62,0.132,"Free (AU,BH, CL,CO,IL,JO,KR, MA,OM, P,PA,PE,S,SG)",58%
6213202000,Other (330),62,0.071,"Free (AU,BH, CL,CO,IL,JO,KR, MA,OM, P,PA,PE,S,SG)",75%
621390,Of other textile materials:,62,0.0,,
6213900500,Containing 70 percent or more by weight of silk or silk waste,62,0.011000000000000001,"Free (A,AU,BH,CL,CO,D,E,IL,JO,KR,MA,OM,P,PA,PE,S,SG)",60%
6213900700,Other (859),62,0.038,"Free (AU,BH, CL,CO,E*,IL,JO, KR,MA,OM, P,PA,PE,S,SG)",60%
6213901000,Of man-made fibers (630),62,0.10800000000000001,"Free (AU,BH, CL,CO,IL,JO,KR, MA,OM, P,PA,PE,S,SG)",68.5%
6213902000,Other (859),62,0.053,"Free (AU,BH, CL,CO,E*,IL,JO, KR,MA,OM, P,PA,PE,S,SG)",51.5%
6214,"Shawls, scarves, mufflers, mantillas, veils and the like:",62,0.0,,
621410,Of silk or silk waste:,62,0.0,,
6214101000,Containing 70 percent or more by weight of silk or silk waste,62,0.012,"Free (A,AU,BH,CL,CO,D,E,IL,JO,KR,MA,NP,OM,P,PA,PE,S,SG)",65%
6214102000,Other (859),62,0.039,"Free (AU,BH, CL,CO,E*,IL,JO, KR,MA,NP,OM, P,PA,PE,S,SG)",65%
6214200000,Of wool or fine animal hair (459),62,0.067,"Free (AU,BH,CL,CO,IL,JO,KR,MA,NP,OM,P,PA,PE,S,SG)",90%
6214300000,Of synthetic fibers (659),62,0.053,"Free (AU,BH, CL,CO,IL,JO,KR, MA,OM,P, PA,PE,S,SG)",90%
6214400000,Of artificial fibers (659),62,0.053,"Free (AU,BH, CL,CO,IL,JO,KR, MA,NP,OM,P, PA,PE,S,SG)",90%
62149000,Of other textile materials,62,0.113,"Free (AU,BH, CL,CO,E*,IL,JO, KR,MA,NP,OM, P,PA,PE,S,SG)",90%
6214900010,Of cotton (359),62,0.0,,
6214900090,Other (859),62,0.0,,
6215,"Ties, bow ties and cravats:",62,0.0,,
62151000,Of silk or silk waste,62,0.07200000000000001,"Free (AU,BH, CL,CO,E*,IL, JO,KR, MA,OM,P, PA,PE,S,SG)",65%
6215100025,Containing 50 percent or more by weight (including any linings and interlinings) of textile materials   other than silk or silk waste (659),62,0.0,,
6215100040,With outer shell containing 70 percent or more by weight of silk or silk waste (758),62,0.0,,
6215100090,Other (858),62,0.0,,
6215200000,Of man-made fibers (659),62,0.127,"Free (AU,BH, CL,CO,IL,JO,KR, MA,OM, P,PA,PE,S,SG)",26.5¢/kg +65%
62159000,Of other textile materials,62,0.05,"Free (AU,BH,CL,CO,E*,IL,JO,KR,MA,OM,P,PA,PE,S,SG)",52%
6215900010,Of wool or fine animal hair (459),62,0.0,,
6215900015,Of cotton (359),62,0.0,,
6215900020,Other (858),62,0.0,,
621600,"Gloves, mittens and mitts:",62,0.0,,
6216000500,Ice hockey gloves and field hockey gloves,62,0.0,,25%
6216000800,"Other gloves, mittens and mitts, all the foregoing specially designed for use in sports, including   ski and snowmobile gloves, mittens and mitts",62,0.008,"Free (A*,AU,BH,CL,CO,D,E,IL,JO,KR,MA,OM,P,PA,PE,S,SG)",25%
6216001300,Containing over 50 percent by weight of plastics or rubber,62,0.125,"Free (AU,BH, CL,CO,E,IL,JO, KR,MA,OM, P,PA,PE,S,SG)",25%
62160017,Other,62,0.235,"Free (AU,BH, CL,CO, IL,JO,KR, MA,OM,P, PA,PE,S,SG) 22.5% (E)",25%
6216001720,Subject to cotton restraints (331),62,0.0,,
6216001730,Subject to man-made fiber restraints (631),62,0.0,,
6216001740,Other (831),62,0.0,,
6216001900,Containing over 50 percent by weight of plastics or rubber,62,0.055,"Free (AU,BH, CL,CO, IL,JO,KR, MA,OM,P, PA,PE,S,SG) 11.1¢/kg + 4.5% (E)",99.2¢/kg + 65%
62160021,Other,62,0.10300000000000001,"Free (AU,BH, CL,CO,IL,JO, KR,MA,OM, P,PA,PE,S,SG) 20.6¢/kg + 8.1% (E)",99.2¢/kg + 65%
6216002110,Subject to cotton restraints (331),62,0.0,,
6216002120,Subject to man-made fiber restraints (631),62,0.0,,
6216002130,Other (831),62,0.0,,
62160024,"Containing 50 per cent or more by weight of cotton, man-made fibers or any combination thereof",62,0.132,"Free (AU,BH, CL,CO,IL,JO,KR, MA,OM,P, PA,PE,S,SG) 10.7% (E)",75%
6216002410,Subject to cotton restraints (331),62,0.0,,
6216002425,Subject to man-made fiber restraints (631),62,0.0,,
6216002430,Other (831),62,0.0,,
6216002600,Other,62,0.07,"Free (AU,BH, CL,CO,IL,JO, KR,MA,OM,P, PA,PE,S,SG) 6% (E)",75%
62160029,"Containing 50 percent or more by weight of cotton, man-made fibers or any combi- nation thereof",62,0.13,"Free (AU,BH, CL,CO,E*,IL,JO, KR,MA,OM, P,PA,PE,S,SG)",25%
6216002910,Subject to cotton restraints (331),62,0.0,,
6216002925,Subject to man-made fiber restraints (631),62,0.0,,
6216002930,Other (831),62,0.0,,
6216003100,Other,62,0.07,"Free (AU,BH, CL,CO,E,IL,JO, KR,MA,OM, P,PA,PE,S,SG)",25%
6216003300,Ice hockey and field hockey gloves,62,0.0,,45%
6216003500,"Other gloves, mittens and mitts, all the fore- going specially designed for use in sports, including   ski and snowmobile gloves, mittens and mitts",62,0.027999999999999997,"Free (A*,AU,BH,CL,CO,D,E,IL,JO,KR,MA,OM,P,PA,PE,S,SG)",45%
6216003800,Without fourchettes (331),62,0.235,"Free (AU,BH, CL,CO,IL,JO, KR,MA,OM, P,PA,PE,S,SG) 22.5% (E)",25%
6216004100,With fourchettes (331),62,0.235,"Free (AU,BH, CL,CO,IL,JO,KR, MA,OM,P, PA,PE,S,SG)",25%
6216004300,Ice hockey and field hockey gloves,62,0.0,,45%
6216004600,"Other gloves, mittens and mitts, all the fore- going specially designed for use in sports, including   ski and snowmobile gloves, mittens and mitts",62,0.027999999999999997,"Free (A*,AU,BH,CL,CO,D,E,IL,JO,KR,MA,OM,P,PA,PE,S,SG)",45%
62160054,Without fourchettes,62,0.10400000000000001,"Free (AU,BH, CL,CO, IL,JO,KR, MA,OM,P, PA,PE,S,SG) 20.7¢/kg + 8.2% (E)",99.2¢/kg + 65%
6216005410,Containing 36 percent or more by weight of wool or fine animal hair (431),62,0.0,,
6216005420,Other (631),62,0.0,,
62160058,With fourchettes,62,0.10400000000000001,"Free (AU,BH, CL,CO,IL,JO,KR, MA,OM,P, PA,PE,S,SG)",99.2¢/kg + 65%
6216005810,Containing 36 percent or more by weight of wool or fine animal hair (431),62,0.0,,
6216005820,Other (631),62,0.0,,
6216008000,Of wool or fine animal hair (431),62,0.035,"Free (AU,BH, CL,CO,IL,JO,KR, MA,NP,OM,P, PA,PE,S,SG)",25%
6216009000,Other (831),62,0.038,"Free (AU,BH, CL,CO,E*,IL,JO, KR,MA,OM, P,PA,PE,S,SG)",40%
6217,"Other made up clothing accessories; parts of garments or of clothing accessories, other than those of   heading 6212:",62,0.0,,
621710,Accessories:,62,0.0,,
62171010,Containing 70 percent or more by weight of silk or silk waste,62,0.023,"Free (AU,BH, CL,CO,E,IL,JO, KR,MA,OM, P,PA,PE,S,SG)",90%
6217101010,"Headbands, ponytail holders and similar articles",62,0.0,,
6217101090,Other (759),62,0.0,,
6217108500,"Headbands, ponytail holders and similar articles",62,0.146,"Free (A*,AU,BH,CL,CO,D,E*,IL,JO,KR,MA,NP,OM,P,PA,PE,S,SG)",90%
62171095,Other,62,0.146,"Free (AU,BH, CL,CO,E*,IL,JO, KR,MA,OM, P,PA,PE,S,SG)",90%
6217109510,Of cotton (359),62,0.0,,
6217109520,Of wool or fine animal hair (459),62,0.0,,
6217109530,Of man-made fibers (659),62,0.0,,
6217109550,Other (859),62,0.0,,
621790,Parts:,62,0.0,,
62179010,Containing 70 percent or more by weight of silk or silk waste,62,0.023,"Free (AU,BH, CL,CO,E,IL,JO, KR,MA,OM, P,PA,PE,S,SG)",90%
6217901010,Of blouses and shirts (741),62,0.0,,
6217901020,Of coats and jackets (735),62,0.0,,
6217901030,Of trousers and breeches (748),62,0.0,,
6217901060,Other (759),62,0.0,,
62179090,Other,62,0.146,"Free (AU,BH, CL,CO,E*,IL,JO, KR,MA,OM, P,PA,PE,S,SG)",90%
6217909003,Of cotton (341),62,0.0,,
6217909005,Of wool or fine animal hair (440),62,0.0,,
6217909010,Of man-made fibers (641),62,0.0,,
6217909020,Other (840),62,0.0,,
6217909025,Of cotton (335),62,0.0,,
6217909030,Of wool or fine animal hair (435),62,0.0,,
6217909035,Of man-made fibers (635),62,0.0,,
6217909045,Other (835),62,0.0,,
6217909050,Of cotton (348),62,0.0,,
6217909055,Of wool or fine animal hair (448),62,0.0,,
6217909060,Of man-made fibers (648),62,0.0,,
6217909070,Other (847),62,0.0,,
6217909075,Of cotton (359),62,0.0,,
6217909080,Of wool or fine animal hair (459),62,0.0,,
6217909085,Of man-made fibers (659),62,0.0,,
6217909095,Other (859),62,0.0,,
8401,"Nuclear reactors; fuel elements (cartridges), non-irradiated, for nuclear reactors; machinery and apparatus for isotopic separation; parts thereof:",84,0.0,,
8401100000,Nuclear reactors,84,0.033,"Free (A,AU,BH,CL,CO,D,E,IL,JO,KR,MA,OM,P,PA,PE,S,SG)",45%
8401200000,"Machinery and apparatus for isotopic separation, and parts thereof",84,0.026000000000000002,"Free (A,AU,BH,CL,CO,D,E,IL,JO,KR,MA,OM,P,PA,PE,S,SG)",35%
8401300000,"Fuel elements (cartridges), non-irradiated, and parts thereof",84,0.033,"Free (A,AU,BH,CL,CO,D,E,IL,JO,KR,MA,OM,P,PA,PE,S,SG)",45%
8401400000,Parts of nuclear reactors,84,0.033,"Free (A,AU,BH,CL,CO,D,E,IL,JO,KR,MA,OM,P,PA,PE,S,SG)",45%
8402,Steam or other vapor generating boilers (other than central heating hot water boilers capable also of producing low pressure steam); super-heated water boilers; parts thereof:,84,0.0,,
8402110000,Watertube boilers with a steam production exceeding 45 t per hour,84,0.052000000000000005,"Free (A,AU,BH,CL,CO,D,E,IL,JO,KR,MA,OM,P,PA,PE,S,SG)",45%
8402120000,Watertube boilers with a steam production not exceeding 45 t per hour,84,0.043,"Free (A*,AU,BH,CL,CO,D,E,IL,JO,KR,MA,OM,P,PA,PE,S,SG)",45%
8402190000,"Other vapor generating boilers, including hybrid boilers",84,0.052000000000000005,"Free (A,AU,BH,CL,CO,D,E,IL,JO,KR,MA,OM,P,PA,PE,S,SG)",45%
8402200000,Super-heated water boilers,84,0.033,"Free (A*,AU,BH,CL,CO,D,E,IL,JO,KR,MA,OM,P,PA,PE,S,SG)",45%
84029000,Parts,84,0.043,"Free (A,AU,BH,CL,CO,D,E,IL,JO,KR,MA,OM,P,PA,PE,S,SG)",45%
8402900010,Heat exchangers,84,0.0,,
8402900090,Other,84,0.0,,
8403,Central heating boilers (other than those of heading 8402) and parts thereof:,84,0.0,,
8403100000,Boilers,84,0.0,,45%
8403900000,Parts,84,0.0,,45%
8404,"Auxiliary plant for use with boilers of heading 8402 or 8403 (for example, economizers, super-heaters, soot removers, gas recoverers); condensers for steam or other vapor power units; parts thereof:",84,0.0,,
84041000,Auxiliary plant for use with boilers of heading 8402 or 8403,84,0.035,"Free (A*,AU,BH,CL,CO,D,E,IL,JO,KR,MA,OM,P,PA,PE,S,SG)",45%
8404100010,Economizers,84,0.0,,
8404100050,Other,84,0.0,,
8404200000,Condensers for steam or other vapor power units,84,0.05,"Free (A*,AU,BH,CL,CO,D,E,IL,JO,KR,MA,OM,P,PA,PE,S,SG)",45%
8404900000,Parts,84,0.035,"Free (A*,AU,BH,CL,CO,D,E,IL,JO,KR,MA,OM,P,PA,PE,S,SG)",45%
8405,"Producer gas or water gas generators, with or without their purifiers; acetylene gas generators and similar water process gas generators, with or without their purifiers; parts thereof:",84,0.0,,
8405100000,"Producer gas or water gas generators, with or without their purifiers; acetylene gas generators and similar water process gas generators, with or without their purifiers",84,0.0,,45%
8405900000,Parts,84,0.0,,45%
8406,"Steam turbines and other vapor turbines, and parts thereof:",84,0.0,,
840610,Turbines for marine propulsion:,84,0.0,,
8406101000,Steam turbines,84,0.067,"Free (A,AU,BH,CL,CO,D,E,IL,JO,KR,MA,OM,P,PA,PE,S,SG)",20%
8406109000,Other,84,0.0,,27.5%
840681,Of an output exceeding 40 MW:,84,0.0,,
84068110,Steam turbines,84,0.067,"Free (A,AU,BH,CL,CO,D,E,IL,JO,KR,MA,OM,P,PA,PE,S,SG) 3.35% (JP)",20%
8406811020,"Stationary steam turbines, condensing type",84,0.0,,
8406811070,Other,84,0.0,,
8406819000,Other,84,0.0,,27.5%
840682,Of an output not exceeding 40 MW:,84,0.0,,
84068210,Steam turbines,84,0.067,"Free (A,AU,BH,CL,CO,D,E,IL,JO,KR,MA,OM,P,PA,PE,S,SG)",20%
8406821010,"Not exceeding <il>7,460 kW</il>",84,0.0,,
8406821020,"Exceeding <il>7,460 kW</il>",84,0.0,,
8406821050,"Not exceeding <il>7,460 kW</il>",84,0.0,,
8406821070,"Exceeding <il>7,460 kW</il>",84,0.0,,
8406829000,Other,84,0.0,,27.5%
840690,Parts:,84,0.0,,
8406902000,"Rotors, finished for final assembly",84,0.05,"Free (A,AU,BH,CL,CO,D,E,IL,JO,KR,MA,OM,P,PA,PE,S,SG)",20%
8406903000,"Rotors, not further advanced than cleaned or machined for removal of fins, gates, sprues, and risers, or to permit location in finishing machinery",84,0.05,"Free (A,AU,BH,CL,CO,D,E,IL,JO,JP,KR,MA,OM,P,PA,PE,S,SG)",20%
8406904000,"Blades, rotating or stationary",84,0.05,"Free (A,AU,BH,CL,CO,D,E,IL,JO,JP,KR,MA,OM,P,PA,PE,S,SG)",20%
84069045,Other,84,0.05,"Free (A,AU,BH,CL,CO,D,E,IL,JO,JP,KR,MA,OM,P,PA,PE,S,SG)",20%
8406904540,Rotors or spindles and rotor or spindle assemblies,84,0.0,,
8406904580,Other,84,0.0,,
8406905000,"Rotors, finished for final assembly",84,0.0,,27.5%
8406906000,"Rotors, not further advanced than cleaned or machined for removal of fins, gates, sprues, and risers, or to permit location in finishing machinery",84,0.0,,27.5%
8406907000,"Blades, rotating or stationary",84,0.0,,27.5%
8406907500,Other,84,0.0,,27.5%
8407,Spark-ignition reciprocating or rotary internal combustion piston engines:,84,0.0,,
84071000,Aircraft engines,84,0.0,,35%
8407100020,Less than <il>373 kW</il>,84,0.0,,
8407100040,<il>373 kW</il> or over,84,0.0,,
8407100060,Used or rebuilt,84,0.0,,
8407100090,Other,84,0.0,,
84072100,Outboard motors,84,0.0,,35%
8407210040,Less than <il>22.38 kW</il>,84,0.0,,
8407210080,Other,84,0.0,,
84072900,Other,84,0.0,,35%
8407290010,Inboard engines with outboard drive,84,0.0,,
8407290020,Less than <il>746 W</il>,84,0.0,,
8407290030,"<il>746 W</il> or greater, but not exceeding <il>18.65 kW</il>",84,0.0,,
8407290040,Exceeding <il>18.65 kW</il>,84,0.0,,
84073100,Of a cylinder capacity not exceeding <il>50 cc</il>,84,0.0,,35%
8407310040,Less than <il>746 W</il>,84,0.0,,
8407310080,Other,84,0.0,,
840732,Of a cylinder capacity exceeding <il>50 cc</il> but not exceeding <il>250 cc</il>:,84,0.0,,
8407321000,To be installed in tractors suitable for agricultural use,84,0.0,,Free
84073220,"To be installed in vehicles of subheading 8701.21, 8701.22, 8701.23, 8701.24 or 8701.29, or heading 8702, 8703 or 8704",84,0.0,,35%
8407322040,Used or rebuilt,84,0.0,,
8407322080,Other,84,0.0,,
84073290,Other,84,0.0,,35%
8407329040,Not exceeding <il>18.65 kW</il>,84,0.0,,
8407329080,Exceeding <il>18.65 kW</il>,84,0.0,,
840733,"Of a cylinder capacity exceeding <il>250 cc</il> but not exceeding <il>1,000 cc</il>:",84,0.0,,
84073310,To be installed in tractors suitable for agricultural use,84,0.0,,Free
8407331030,Not exceeding <il>37.3 kW</il>,84,0.0,,
8407331060,Air-cooled,84,0.0,,
8407331090,Other,84,0.0,,
84073330,"To be installed in vehicles specially designed for traveling on snow, golf carts, non-amphibious all-terrain vehicles and burden carriers",84,0.0,,35%
8407333040,Used or rebuilt,84,0.0,,
8407333080,Other,84,0.0,,
84073360,Other,84,0.025,"Free (A,AU,B,BH,CL,CO,D,E,IL,JO,KR,MA,OM,P,PA,PE,S,SG)",35%
8407336040,Used or rebuilt,84,0.0,,
8407336080,Other,84,0.0,,
84073390,Other,84,0.0,,35%
8407339040,Not exceeding <il>18.65 kW</il>,84,0.0,,
8407339080,Exceeding <il>18.65 kW</il>,84,0.0,,
840734,"Of a cylinder capacity exceeding <il>1,000 cc</il>:",84,0.0,,
84073405,To be installed in tractors suitable for agricultural use,84,0.0,,Free
8407340530,Not exceeding <il>37.3 kW</il>,84,0.0,,
8407340560,Air-cooled,84,0.0,,
8407340590,Other,84,0.0,,
8407341400,Used or rebuilt,84,0.025,"Free (A,AU,B,BH,CL,CO,D,E,IL,JO,KR,MA,OM,P,PA,PE,S,SG)",35%
8407341800,Other,84,0.025,"Free (A,AU,B,BH,CL,CO,D,E,IL,JO,KR,MA,OM,P,PA,PE,S,SG)",35%
8407342500,Other,84,0.0,,35%
84073435,To be installed in tractors suitable for agricultural use,84,0.0,,Free
8407343530,Not exceeding <il>37.3 kW</il>,84,0.0,,
8407343560,Air-cooled,84,0.0,,
8407343590,Other,84,0.0,,
8407344400,Used or rebuilt,84,0.025,"Free (A,AU,B,BH,CL,CO,D,E,IL,JO,KR,MA,OM,P,PA,PE,S,SG)",35%
8407344800,Other,84,0.025,"Free (A,AU,B,BH,CL,CO,D,E,IL,JO,KR,MA,OM,P,PA,PE,S,SG)",35%
8407345500,Other,84,0.0,,35%
840790,Other engines:,84,0.0,,
84079010,To be installed in agricultural or horticultural machinery or equipment,84,0.0,,Free
8407901010,"Less than 4,476 W",84,0.0,,
8407901020,Other,84,0.0,,
8407901060,Air-cooled,84,0.0,,
8407901080,Other,84,0.0,,
84079090,Other,84,0.0,,35%
8407909010,Gas (natural or liquid propane (LP)) engines,84,0.0,,
8407909020,Less than <il>746 W</il>,84,0.0,,
8407909040,"<il>746 W</il> or greater but less than <il>4,476 W</il>",84,0.0,,
8407909060,"<il>4,476 W</il> or greater but not exceeding <il>18.65 kW</il>",84,0.0,,
8407909080,Exceeding <il>18.65 kW</il>,84,0.0,,
8408,Compression-ignition internal combustion piston engines (diesel or semi-diesel engines):,84,0.0,,
84081000,Marine propulsion engines,84,0.025,"Free (A,AU,BH,CL,CO,D,E,IL,JO,KR,MA,OM,P,PA,PE,S,SG)",35%
8408100005,Not exceeding <il>111.9 kW</il>,84,0.0,,
8408100015,Exceeding <il>111.9 kW</il> but not exceeding <il>149.2 kW</il>,84,0.0,,
8408100020,Exceeding <il>149.2 kW</il> but not exceeding <il>223.8 kW</il>,84,0.0,,
8408100030,Exceeding <il>223.8 kW</il> but not exceeding <il>373 kW</il>,84,0.0,,
8408100040,Exceeding <il>373 kW</il> but not exceeding <il>746 kW</il>,84,0.0,,
8408100050,Exceeding <il>746 kW</il>,84,0.0,,
840820,Engines of a kind used for the propulsion of vehicles of chapter 87:,84,0.0,,
84082010,To be installed in tractors suitable for agricultural use,84,0.0,,Free
8408201040,Not exceeding <il>37.3 kW</il>,84,0.0,,
8408201080,Exceeding <il>37.3 kW</il>,84,0.0,,
8408202000,"To be installed in vehicles of subheading 8701.21, 8701.22, 8701.23, 8701.24 or 8701.29, or heading 8702, 8703 or 8704",84,0.025,"Free (A*,AU,B,BH,CL,CO,D,E,IL,JO,KR,MA,OM,P,PA,PE,S,SG)",35%
8408209000,Other,84,0.025,"Free (A*,AU,BH,CL,CO,D,E,IL,JO,KR,MA,OM,P,PA,PE,S,SG)",35%
840890,Other engines:,84,0.0,,
84089010,To be installed in agricultural or horticultural machinery or equipment,84,0.0,,Free
8408901040,Not exceeding <il>37.3 kW</il>,84,0.0,,
8408901080,Exceeding <il>37.3 kW</il>,84,0.0,,
84089090,Other,84,0.0,,35%
8408909010,Not exceeding <il>149.2 kW</il>,84,0.0,,
8408909020,Exceeding <il>149.2 kW</il> but not exceeding <il>373 kW</il>,84,0.0,,
8408909030,Exceeding <il>373 kW </il>but not exceeding <il>746 kW</il>,84,0.0,,
8408909040,"Exceeding <il>746 kW</il> but not exceeding <il>1,119 kW</il>",84,0.0,,
8408909050,"Exceeding <il>1,119 kW</il>",84,0.0,,
8409,Parts suitable for use solely or principally with the engines of heading 8407 or 8408:,84,0.0,,
84091000,For aircraft engines,84,0.0,,35%
8409100040,For use in civil aircraft,84,0.0,,
8409100080,Other,84,0.0,,
840991,Suitable for use solely or principally with spark-ignition internal combustion piston engines (including rotary engines):,84,0.0,,
84099110,"Cast-iron parts, not advanced beyond cleaning, and machined only for the removal of fins, gates, sprues and risers or to permit location in finishing machinery",84,0.0,,10%
8409911040,"For vehicles of subheading 8701.21, 8701.22, 8701.23, 8701.24 or 8701.29, or heading 8702, 8703 or 8704",84,0.0,,
8409911060,For marine propulsion engines,84,0.0,,
8409911080,Other,84,0.0,,
8409913000,Aluminum cylinder heads,84,0.025,"Free (A,AU,B,BH,CL,CO,D,E,IL,JO,KR,MA,OM,P,PA,PE,S,SG)",35%
84099150,Other,84,0.025,"Free (A*,AU,B,BH,CL,CO,D,E,IL,JO,KR,MA,OM,P,PA,PE,S,SG)",35%
8409915010,Connecting rods,84,0.0,,
8409915081,Steel forgings,84,0.0,,
8409915085,Other,84,0.0,,
84099192,For marine propulsion engines,84,0.025,"Free (A,AU,BH,CL,CO,D,E,IL,JO,KR,MA,OM,P,PA,PE,S,SG)",35%
8409919210,Connecting rods,84,0.0,,
8409919290,Other,84,0.0,,
84099199,Other,84,0.025,"Free (A*,AU,BH,CL,CO,D,E,IL,JO,KR,MA,OM,P,PA,PE,S,SG)",35%
8409919910,Connecting rods,84,0.0,,
8409919990,Other,84,0.0,,
840999,Other:,84,0.0,,
84099910,"Cast-iron parts, not advanced beyond cleaning, and machined only for the removal of fins, gates, sprues and risers or to permit location in finishing machinery",84,0.0,,10%
8409991040,"For vehicles of subheading 8701.21, 8701.22, 8701.23, 8701.24 or 8701.29, or heading 8702, 8703 or 8704",84,0.0,,
8409991060,For marine propulsion engines,84,0.0,,
8409991080,Other,84,0.0,,
84099991,"To be installed in vehicles of subheading 8701.21, 8701.22, 8701.23, 8701.24 or 8701.29, or heading 8702, 8703 or 8704",84,0.025,"Free (A*,AU,B,BH,CL,CO,D,E,IL,JO,KR,MA,OM,P,PA,PE,S,SG)",35%
8409999110,Connecting rods,84,0.0,,
8409999190,Other,84,0.0,,
84099992,For marine propulsion engines,84,0.025,"Free (A,AU,BH,CL,CO,D,E,IL,JO,KR,MA,OM,P,PA,PE,S,SG)",35%
8409999210,Connecting rods,84,0.0,,
8409999290,Other,84,0.0,,
84099999,Other,84,0.0,,35%
8409999910,Connecting rods,84,0.0,,
8409999990,Other,84,0.0,,
8410,"Hydraulic turbines, water wheels and regulators therefor; parts thereof:",84,0.0,,
8410110000,"Of a power not exceeding <il>1,000 kW</il>",84,0.038,"Free (A,AU,BH,CL,CO,D,E,IL,JO,KR,MA,OM,P,PA,PE,S,SG)",27.5%
8410120000,"Of a power exceeding <il>1,000 kW</il> but not exceeding <il>10,000 kW</il>",84,0.038,"Free (A,AU,BH,CL,CO,D,E,IL,JO,KR,MA,OM,P,PA,PE,S,SG)",27.5%
8410130000,"Of a power exceeding <il>10,000 kW</il>",84,0.038,"Free (A*,AU,BH,CL,CO,D,E,IL,JO,KR,MA,OM,P,PA,PE,S,SG)",27.5%
8410900000,"Parts, including regulators",84,0.038,"Free (A,AU,BH,CL,CO,D,E,IL,JO,KR,MA,OM,P,PA,PE,S,SG)",27.5%
8411,"Turbojets, turbopropellers and other gas turbines, and parts thereof:",84,0.0,,
841111,Of a thrust not exceeding 25 kN:,84,0.0,,
8411114000,Aircraft turbines,84,0.0,,35%
8411118000,Other,84,0.0,,35%
841112,Of a thrust exceeding 25 kN:,84,0.0,,
8411124000,Aircraft turbines,84,0.0,,35%
8411128000,Other,84,0.0,,35%
841121,"Of a power not exceeding <il>1,100 kW</il>:",84,0.0,,
8411214000,Aircraft turbines,84,0.0,,35%
8411218000,Other,84,0.0,,35%
841122,"Of a power exceeding <il>1,100 kW</il>:",84,0.0,,
8411224000,Aircraft turbines,84,0.0,,35%
8411228000,Other,84,0.0,,35%
841181,"Of a power not exceeding <il>5,000 kW</il>:",84,0.0,,
8411814000,Aircraft turbines,84,0.0,,35%
84118180,Other,84,0.025,"Free (A*,AU,BH,CL,CO,D,E,IL,JO,KR,MA,OM,P,PA,PE,S,SG)",35%
8411818010,Industrial turbines of a kind described in statistical note 1 of this chapter,84,0.0,,
8411818090,Other,84,0.0,,
841182,"Of a power exceeding <il>5,000 kW</il>:",84,0.0,,
8411824000,Aircraft turbines,84,0.0,,35%
84118280,Other,84,0.025,"Free (A*,AU,BH,CL,CO,D,E,IL,JO,KR,MA,OM,P,PA,PE,S,SG)",35%
8411828010,Industrial turbines of a kind described in statistical note 1 to this chapter,84,0.0,,
8411828090,Other,84,0.0,,
841191,Of turbojets or turbopropellers:,84,0.0,,
84119110,"Cast-iron parts, not advanced beyond cleaning, and machined only for the removal of fins, gates, sprues and risers or to permit location in finishing machinery",84,0.0,,10%
8411911040,Parts of nonaircraft turbines,84,0.0,,
8411911060,For use in civil aircraft,84,0.0,,
8411911090,Other,84,0.0,,
84119190,Other,84,0.0,,35%
8411919040,Parts of nonaircraft turbines,84,0.0,,
8411919081,Steel forgings,84,0.0,,
8411919085,Other,84,0.0,,
841199,Other:,84,0.0,,
84119910,"Cast-iron parts, not advanced beyond cleaning, and machined only for the removal of fins, gates, sprues and risers or to permit location in finishing machinery",84,0.0,,10%
8411991010,Parts of nonaircraft gas turbines,84,0.0,,
8411991040,For use in civil aircraft,84,0.0,,
8411991080,Other,84,0.0,,
84119990,Other,84,0.024,"Free (A*,AU,BH,C,CL,CO,D,E,IL,JO,JP,KR,MA,OM,P,PA,PE,S,SG)",35%
8411999030,Rotors or spindles and rotor or spindle assemblies,84,0.0,,
8411999081,Steel forgings,84,0.0,,
8411999085,Other,84,0.0,,
8411999090,Parts of aircraft gas turbines,84,0.0,,
8412,"Other engines and motors, and parts thereof:",84,0.0,,
84121000,Reaction engines other than turbojets,84,0.0,,35%
8412100010,Missile and rocket engines,84,0.0,,
8412100090,Other,84,0.0,,
84122100,Linear acting (cylinders),84,0.0,,27.5%
8412210015,Tie-rod type,84,0.0,,
8412210030,Weld fused type,84,0.0,,
8412210045,Telescoping,84,0.0,,
8412210060,Rodless,84,0.0,,
8412210075,Other,84,0.0,,
841229,Other:,84,0.0,,
8412294000,Hydrojet engines for marine propulsion,84,0.0,,30%
84122980,Other,84,0.0,,27.5%
8412298015,Gear type,84,0.0,,
8412298030,Radial piston type,84,0.0,,
8412298045,Axial piston type,84,0.0,,
8412298060,Other,84,0.0,,
8412298075,Other,84,0.0,,
84123100,Linear acting (cylinders),84,0.0,,27.5%
8412310040,Tie-rod type,84,0.0,,
8412310080,Other,84,0.0,,
84123900,Other,84,0.0,,27.5%
8412390040,Unlimited rotary acting,84,0.0,,
8412390080,Other,84,0.0,,
841280,Other engines and motors:,84,0.0,,
8412801000,Spring-operated and weight-operated motors,84,0.0,,35%
8412809000,Other,84,0.0,,27.5%
841290,Parts:,84,0.0,,
8412901000,Of hydrojet engines for marine propulsion,84,0.0,,30%
84129090,Other,84,0.0,,27.5%
8412909005,Of linear acting engines and motors,84,0.0,,
8412909015,Other,84,0.0,,
8412909025,Of linear acting engines and motors,84,0.0,,
8412909035,Other,84,0.0,,
8412909050,Of reaction engines other than turbojets,84,0.0,,
8412909070,"Wind turbine blades, imported in accordance with statistical note 2 of this chapter",84,0.0,,
8412909075,Wind turbine hubs,84,0.0,,
8412909085,Other,84,0.0,,
8413,"Pumps for liquids, whether or not fitted with a measuring device; liquid elevators; part thereof:",84,0.0,,
8413110000,"Pumps for dispensing fuel or lubricants, of the type used in filling-stations or in garages",84,0.0,,35%
8413190000,Other,84,0.0,,35%
8413200000,"Hand pumps, other than those of subheading 8413.11 or 8413.19",84,0.0,,35%
841330,"Fuel, lubricating or cooling medium pumps for internal combustion piston engines:",84,0.0,,
8413301000,Fuel-injection pumps for compression-ignition engines,84,0.025,"Free (A*,AU,B,BH,C,CL,CO,D,E,IL,JO,KR,MA,OM,P,PA,PE,S,SG)",35%
84133090,Other,84,0.025,"Free (A*,AU,B,BH,C,CL,CO,D,E,IL,JO,KR,MA,OM,P,PA,PE,S,SG)",35%
8413309030,Fuel pumps,84,0.0,,
8413309060,Lubricating pumps,84,0.0,,
8413309090,Other,84,0.0,,
8413400000,Concrete pumps,84,0.0,,35%
84135000,Other reciprocating positive displacement pumps,84,0.0,,35%
8413500010,Oil well and oil field pumps,84,0.0,,
8413500050,Diaphragm pumps,84,0.0,,
8413500070,Radial piston type,84,0.0,,
8413500080,Other,84,0.0,,
8413500090,Other,84,0.0,,
84136000,Other rotary positive displacement pumps,84,0.0,,35%
8413600020,Vane type,84,0.0,,
8413600030,Gear type,84,0.0,,
8413600040,Other,84,0.0,,
8413600050,Oil well and oil field pumps,84,0.0,,
8413600070,Roller pumps,84,0.0,,
8413600090,Other,84,0.0,,
841370,Other centrifugal pumps:,84,0.0,,
8413701000,"Stock pumps imported for use with machines for making cellulosic pulp, paper or paperboard",84,0.0,,35%
84137020,Other,84,0.0,,35%
8413702004,Submersible pumps,84,0.0,,
8413702005,With discharge outlet under <il>5.08 cm</il> in diameter,84,0.0,,
8413702015,With discharge outlet <il>5.08 cm</il> or over in diameter,84,0.0,,
8413702022,With discharge outlet under <il>7.6 cm</il> in diameter,84,0.0,,
8413702025,With discharge outlet <il>7.6 cm</il> or over in diameter,84,0.0,,
8413702030,"Single-stage, double-suction",84,0.0,,
8413702040,"Multi-stage, single- or double-suction",84,0.0,,
8413702090,Other,84,0.0,,
84138100,Pumps,84,0.0,,35%
8413810020,Turbine pumps,84,0.0,,
8413810030,"Household water systems, self-contained; and windmill pumps",84,0.0,,
8413810040,Other,84,0.0,,
8413820000,Liquid elevators,84,0.0,,35%
841391,Of pumps:,84,0.0,,
8413911000,Of fuel-injection pumps for compression-ignition engines,84,0.025,"Free (A*,AU,B,BH,C,CL,CO,D,E,IL,JO,KR,MA,OM,P,PA,PE,S,SG)",35%
8413912000,"Of stock pumps imported for use with machines for making cellulosic pulp, paper or paperboard",84,0.0,,35%
84139190,Other,84,0.0,,35%
8413919015,Of subheading 8413.30.90,84,0.0,,
8413919020,Fluid end blocks,84,0.0,,
8413919029,Other,84,0.0,,
8413919031,Sucker rods of a kind described in statistical note 3 to this chapter,84,0.0,,
8413919039,Other,84,0.0,,
8413919041,Of subheading 8413.30.90,84,0.0,,
8413919044,Of hydraulic fluid power pumps,84,0.0,,
8413919046,Of subheading 8413.50.00,84,0.0,,
8413919059,Other,84,0.0,,
8413919099,Other,84,0.0,,
8413920000,Of liquid elevators,84,0.0,,35%
8414,"Air or vacuum pumps, air or other gas compressors and fans; ventilating or recycling hoods incorporating a fan, whether or not fitted with filters; gas-tight biological safety cabinets, whether or not fitted with filters; parts thereof:",84,0.0,,
8414100000,Vacuum pumps,84,0.025,"Free (A,AU,B,BH,C,CL,CO,D,E,IL,JO,JP,KR,MA,OM,P,PA,PE,S,SG)",35%
8414200000,Hand- or foot-operated air pumps,84,0.037000000000000005,"Free (A,AU,B,BH,C,CL,CO,D,E,IL,JO,KR,MA,OM,P,PA,PE,S,SG)",35%
841430,Compressors of a kind used in refrigerating equipment (including air conditioning):,84,0.0,,
8414304000,Not exceeding 1/4 horsepower,84,0.0,,35%
84143080,Other,84,0.0,,35%
8414308010,Not exceeding 200 horsepower,84,0.0,,
8414308020,Exceeding 200 horsepower,84,0.0,,
8414308030,For motor vehicles,84,0.0,,
8414308050,Exceeding 1/4 horsepower but not exceeding 1 horsepower,84,0.0,,
8414308060,Exceeding 1 horsepower but not exceeding 3 horsepower,84,0.0,,
8414308070,Exceeding 3 horsepower but not exceeding 10 horsepower,84,0.0,,
8414308080,Exceeding 10 horsepower,84,0.0,,
8414308090,For ammonia,84,0.0,,
8414400000,Air compressors mounted on a wheeled chassis for towing,84,0.027000000000000003,"Free (A,AU,BH,CL,CO,D,E,IL,JO,KR,MA,OM,P,PA,PE,S,SG)",35%
841451,"Table, floor, wall, window, ceiling or roof fans, with a self-contained electric motor of an output not exceeding 125 W:",84,0.0,,
8414513000,Ceiling fans for permanent installation,84,0.047,"Free (A,AU,BH,C,CL,CO,D,E,IL,JO,KR,MA,OM,P,PA,PE,S,SG)",35%
84145190,Other,84,0.047,"Free (A,AU,BH,C,CL,CO,D,E,IL,JO,KR,MA,OM,P,PA,PE,S,SG)",35%
8414519060,For permanent installation,84,0.0,,
8414519090,Other,84,0.0,,
841459,Other:,84,0.0,,
8414591000,Blowers for pipe organs,84,0.0,,35%
8414591500,"Fans of a kind used solely or principally for cooling microprocessors, telecommunications apparatus, automatic data processing machines or units of automatic data processing machines",84,0.0,,35%
8414593000,Turbochargers and superchargers,84,0.023,"Free (A*,AU,B,BH,C,CL,CO,D,E,IL,JO,KR,MA,OM,P,PA,PE,S,SG)",35%
84145965,Other,84,0.023,"Free (A*,AU,B,BH,C,CL,CO,D,E,IL,JO,KR,MA,OM,P,PA,PE,S,SG)",35%
8414596540,Suitable for use with motor vehicles,84,0.0,,
8414596560,Centrifugal,84,0.0,,
8414596590,Axial,84,0.0,,
8414596595,Other,84,0.0,,
8414600000,Hoods having a maximum horizontal side not exceeding <il>120 cm</il>,84,0.0,,35%
8414700000,Gas-tight biological safety cabinets,84,0.0,,35%
841480,"Other, except parts:",84,0.0,,
8414800500,Turbochargers and superchargers,84,0.0,,35%
84148016,Other,84,0.0,,35%
8414801605,Not exceeding <il>746 W</il>,84,0.0,,
8414801615,Exceeding <il>746 W</il> but not exceeding <il>4.48 kW</il>,84,0.0,,
8414801625,Exceeding <il>4.48 kW</il> but not exceeding <il>8.21 kW</il>,84,0.0,,
8414801635,Exceeding <il>8.21 kW</il> but not exceeding <il>11.19 kW</il>,84,0.0,,
8414801640,Exceeding <il>11.19 kW</il> but not exceeding <il>19.4 kW</il>,84,0.0,,
8414801645,Exceeding <il>19.4 kW</il> but not exceeding <il>74.6 kW</il>,84,0.0,,
8414801655,Exceeding <il>74.6 kW</il>,84,0.0,,
8414801660,Not exceeding <il>11.19 kW</il>,84,0.0,,
8414801665,Exceeding <il>11.19 kW</il> but under <il>22.38 kW</il>,84,0.0,,
8414801670,<il>22.38 kW</il> and over but not exceeding <il>74.6 kW</il>,84,0.0,,
8414801675,Exceeding <il>74.6 kW</il>,84,0.0,,
8414801680,Other,84,0.0,,
8414801685,Under <il>0.57 cubic</il> meters per minute,84,0.0,,
8414801690,Other,84,0.0,,
84148020,Other compressors,84,0.0,,35%
8414802005,Refrigerant recovery units,84,0.0,,
8414802015,Centrifugal and axial,84,0.0,,
8414802055,Not exceeding <il>186.5 kW</il>,84,0.0,,
8414802065,Exceeding <il>186.5 kW</il> but not exceeding <il>746 kW</il>,84,0.0,,
8414802075,Exceeding <il>746 kW</il>,84,0.0,,
8414809000,Other,84,0.037000000000000005,"Free (A*,AU,B,BH,C,CL,CO,D,E,IL,JO,KR,MA,OM,P,PA,PE,S,SG)",35%
841490,Parts:,84,0.0,,
84149010,Of fans (including blowers) and ventilating or recycling hoods,84,0.047,"Free (A*,AU,B,BH,C,CL,CO,D,E,IL,JO,KR,MA,OM,P,PA,PE,S,SG)",35%
8414901040,Of fans of subheading 8414.51,84,0.0,,
8414901080,Other,84,0.0,,
8414903000,Stators and rotors of goods of subheading 8414.30,84,0.0,,35%
84149041,Other,84,0.0,,35%
8414904120,Compressor housings,84,0.0,,
8414904140,Other,84,0.0,,
8414904145,Compressor housings,84,0.0,,
8414904155,Other,84,0.0,,
8414904165,Compressor housings,84,0.0,,
8414904180,Impeller covers and hubs,84,0.0,,
8414904190,Other,84,0.0,,
84149091,Other,84,0.0,,35%
8414909140,Of vacuum pumps,84,0.0,,
8414909180,Other,84,0.0,,
8415,"Air conditioning machines, comprising a motor-driven fan and elements for changing the temperature and humidity, including those machines in which the humidity cannot be separately regulated; parts thereof:",84,0.0,,
841510,"Of a kind designed to be fixed to a window, wall, ceiling or floor, self-contained or “split system”:",84,0.0,,
84151030,Self-contained,84,0.0,,35%
8415103040,Less than <il>2.93 kW</il> per hour,84,0.0,,
8415103060,<il>2.93 kW</il> per hour or greater but less than <il>4.98 kW</il> per hour,84,0.0,,
8415103080,<il>4.98 kW</il> per hour or greater,84,0.0,,
8415106000,Incorporating a refrigerating unit and a valve for reversal of the cooling/heat cycle (reversible heat pumps),84,0.01,"Free (A,AU,B,BH,C,CL,CO,D,E,IL,JO,KR,MA,OM,P,PA,PE,S,SG)",35%
8415109000,Other,84,0.022000000000000002,"Free (A,AU,B,BH,C,CL,CO,D,E,IL,JO,KR,MA,OM,P,PA,PE,S,SG)",35%
8415200000,"Of a kind used for persons, in motor vehicles",84,0.013999999999999999,"Free (A,AU,B,BH,CL,CO,D,E,IL,JO,KR,MA,OM,P,PA,PE,S,SG)",35%
84158101,Incorporating a refrigerating unit and a valve for reversal of the cooling/heat cycle (reversible heat pumps),84,0.01,"Free (A,AU,B,BH,C,CL,CO,D,E,IL,JO,KR,MA,OM,P,PA,PE,S,SG)",35%
8415810110,Not exceeding <il>17.58 kW</il> per hour,84,0.0,,
8415810120,Exceeding <il>17.58 kW</il> per hour,84,0.0,,
8415810130,Other,84,0.0,,
84158201,"Other, incorporating a refrigerating unit",84,0.022000000000000002,"Free (A,AU,B,BH,C,CL,CO,D,E,IL,JO,KR,MA,OM,P,PA,PE,S,SG)",35%
8415820105,Not exceeding <il>17.58 kW</il> per hour,84,0.0,,
8415820110,Exceeding <il>17.58 kW</il> per hour,84,0.0,,
8415820115,Not exceeding <il>17.58 kW</il> per hour,84,0.0,,
8415820120,Exceeding <il>17.58 kW</il> per hour,84,0.0,,
8415820130,Room fan coil units,84,0.0,,
8415820135,Central station air handlers,84,0.0,,
8415820140,Other,84,0.0,,
8415820155,With a rated water removal capacity of less than <il>35 liters</il> over a 24 hour period,84,0.0,,
8415820160,Other,84,0.0,,
8415820170,Other air conditioning machines incorporating a refrigerating unit,84,0.0,,
84158300,Not incorporating a refrigerating unit,84,0.013999999999999999,"Free (A,AU,B,BH,C,CL,CO,D,E,IL,JO,KR,MA,OM,P,PA,PE,S,SG)",35%
8415830050,Not exceeding <il>17.58 kW</il> per hour,84,0.0,,
8415830060,Exceeding <il>17.58 kW</il> per hour,84,0.0,,
8415830070,Other,84,0.0,,
8415830090,Other air conditioning machines not incorporating a refrigerating unit,84,0.0,,
841590,Parts:,84,0.0,,
8415904000,"Chassis, chassis bases and outer cabinets",84,0.013999999999999999,"Free (A,AU,B,BH,C,CL,CO,D,E,IL,JO,KR,MA,OM,P,PA,PE,S,SG)",35%
84159080,Other,84,0.013999999999999999,"Free (A,AU,B,BH,C,CL,CO,D,E,IL,JO,KR,MA,OM,P,PA,PE,S,SG) See 9921.01.01, 9921.01.02 (JP)",35%
8415908010,Of copper or copper alloys,84,0.0,,
8415908020,Other,84,0.0,,
8415908045,Of automotive air conditioners,84,0.0,,
8415908050,Of copper or copper alloys,84,0.0,,
8415908070,Other,84,0.0,,
8415908085,Other,84,0.0,,
8416,"Furnace burners for liquid fuel, for pulverized solid fuel or for gas; mechanical stokers, including their mechanical grates, mechanical ash dischargers and similar appliances; parts thereof:",84,0.0,,
8416100000,Furnace burners for liquid fuel,84,0.0,,27.5%
84162000,"Other furnace burners, including combination burners",84,0.0,,27.5%
8416200040,Gas burners,84,0.0,,
8416200080,Other,84,0.0,,
8416300000,"Mechanical stokers, including their mechanical grates, mechanical ash dischargers and similar appliances",84,0.0,,27.5%
8416900000,Parts,84,0.0,,27.5%
8417,"Industrial or laboratory furnaces and ovens, including incinerators, nonelectric, and parts thereof:",84,0.0,,
8417100000,"Furnaces and ovens for the roasting, melting or other heat treatment of ores, pyrites or of metals",84,0.028999999999999998,"Free (A,AU,BH,CL,CO,D,E,IL,JO,KR,MA,OM,P,PA,PE,S,SG)",45%
8417200000,"Bakery ovens, including biscuit ovens",84,0.035,"Free (A,AU,BH,CL,CO,D,E,IL,JO,KR,MA,OM,P,PA,PE,S,SG)",45%
8417800000,"Other, except parts",84,0.039,"Free (A,AU,BH,CL,CO,D,E,IL,JO,KR,MA,OM,P,PA,PE,S,SG)",45%
8417900000,Parts,84,0.039,"Free (A*,AU,BH,CL,CO,D,E,IL,JO,KR,MA,OM,P,PA,PE,S,SG)",45%
8418,"Refrigerators, freezers and other refrigerating or freezing equipment, electric or other; heat pumps, other than the air conditioning machines of heading 8415; parts thereof:",84,0.0,,
84181000,"Combined refrigerator-freezers, fitted with separate external doors or drawers, or combinations thereof",84,0.0,,35%
8418100010,Having a refrigerated volume of under <il>184 liters</il>,84,0.0,,
8418100020,Having a refrigerated volume of <il>184 liters</il> and over but under <il>269 liters</il>,84,0.0,,
8418100030,Having a refrigerated volume of <il>269 liters</il> and over but under <il>382 liters</il>,84,0.0,,
8418100045,Having an external depth (excluding door handles) not exceeding <il>73 centimeters</il>,84,0.0,,
8418100055,Other,84,0.0,,
8418100065,Other,84,0.0,,
8418100080,Refrigerators with a top freezer compartment,84,0.0,,
8418100085,Other,84,0.0,,
8418100090,Other,84,0.0,,
84182100,Compression type,84,0.0,,35%
8418210010,Having a refrigerated volume of under <il>184 liters</il>,84,0.0,,
8418210020,Having a refrigerated volume of <il>184 liters</il> and over but under <il>269 liters</il>,84,0.0,,
8418210030,Having a refrigerated volume of <il>269 liters</il> and over but under <il>382 liters</il>,84,0.0,,
8418210090,Having a refrigerated volume of <il>382 liters</il> and over,84,0.0,,
841829,Other:,84,0.0,,
8418291000,"Absorption type, electrical",84,0.01,"Free (A,AU,BH,CL,CO,D,E,IL,JO,KR,MA,OM,P,PA,PE,S,SG)",35%
8418292000,Other,84,0.019,"Free (A,AU,BH,CL,CO,D,E,IL,JO,KR,MA,OM,P,PA,PE,S,SG)",35%
8418300000,"Freezers of the chest type, not exceeding <il>800 liters</il> capacity",84,0.0,,35%
8418400000,"Freezers of the upright type, not exceeding <il>900 liters</il> capacity",84,0.0,,35%
84185000,"Other furniture (chests, cabinets, display counters, show-cases and the like) for storage and display, incorporating refrigerating or freezing equipment",84,0.0,,35%
8418500040,Freezing,84,0.0,,
8418500080,Other,84,0.0,,
8418610100,Heat pumps other than air conditioning machines of heading 8415,84,0.0,,35%
84186901,Other,84,0.0,,35%
8418690110,Icemaking machines,84,0.0,,
8418690120,"Drinking water coolers, self-contained",84,0.0,,
8418690130,Soda fountain and beer dispensing equipment,84,0.0,,
8418690140,Centrifugal liquid chilling refrigerating units,84,0.0,,
8418690150,Reciprocating liquid chilling refrigerating units,84,0.0,,
8418690160,Absorption liquid chilling units,84,0.0,,
8418690180,Other refrigerating or freezing equipment,84,0.0,,
8418910000,Furniture designed to receive refrigerating or freezing equipment,84,0.0,,35%
841899,Other:,84,0.0,,
8418994000,Door assemblies incorporating more than one of the following: inner panel; outer panel; insulation; hinges; handles,84,0.0,,35%
84189980,Other,84,0.0,,35%
8418998005,Not exceeding <il>746 W</il>,84,0.0,,
8418998010,Exceeding <il>746 W</il> but not exceeding <il>2.2 kW</il>,84,0.0,,
8418998015,Exceeding <il>2.2 kW</il> but not exceeding <il>7.5 kW</il>,84,0.0,,
8418998020,Exceeding <il>7.5 kW</il> but not exceeding <il>22.3 kW</il>,84,0.0,,
8418998025,Exceeding <il>22.3 kW</il>,84,0.0,,
8418998050,Parts of combined refrigerator-freezers fitted with separate external doors and parts of household type refrigerators,84,0.0,,
8418998060,Other,84,0.0,,
8419,"Machinery, plant or laboratory equipment, whether or not electrically heated (excluding furnaces, ovens and other equipment of heading 8514), for the treatment of materials by a process involving a change of temperature such as heating, cooking, roasting, distilling, rectifying, sterilizing, pasteurizing, steaming, drying, evaporating, vaporizing, condensing or cooling, other than machinery or plant of a kind used for domestic purposes; instantaneous or storage water heaters, nonelectric; parts thereof:",84,0.0,,
8419110000,Instantaneous gas water heaters,84,0.0,,45%
8419120000,Solar water heaters,84,0.0,,45%
84191901,Other,84,0.0,,45%
8419190120,Instantaneous water heaters,84,0.0,,
8419190160,Other,84,0.0,,
84192000,"Medical, surgical or laboratory sterilizers",84,0.0,,35%
8419200010,Medical or surgical sterilizers,84,0.0,,
8419200020,Laboratory sterilizers,84,0.0,,
841933,"Lyophilisation apparatus, freeze drying units and spray dryers:",84,0.0,,
8419331000,For agricultural products,84,0.0,,35%
8419335000,Other,84,0.0,,35%
8419340000,"Other, for agricultural products",84,0.0,,35%
841935,"Other, for wood, paper pulp, paper or paperboard",84,0.0,,
8419351000,For wood,84,0.0,,35%
8419355000,Other,84,0.0,,35%
84193902,Other,84,0.0,,35%
8419390270,For foods and beverages,84,0.0,,
8419390280,Other,84,0.0,,
84194000,Distilling or rectifying plant,84,0.0,,35%
8419400010,Rotary evaporators,84,0.0,,
8419400090,Other,84,0.0,,
841950,Heat exchange units:,84,0.0,,
8419501000,Brazed aluminum plate-fin heat exchangers,84,0.042,"Free (A,AU,BH,C,CL,CO,D,E,IL,JO,JP,KR,MA,OM,P,PA,PE,S,SG)",35%
8419505000,Other,84,0.0,,35%
841960,Machinery for liquefying air or other gases:,84,0.0,,
8419601000,Machinery containing brazed aluminum plate-fin heat exchangers,84,0.042,"Free (A*,AU,BH,CL,CO,D,E,IL,JO,KR,MA,OM,P,PA,PE,S,SG)",35%
8419605000,Other,84,0.0,,35%
841981,For making hot drinks or for cooking or heating food:,84,0.0,,
84198150,"Cooking stoves, ranges and ovens",84,0.0,,35%
8419815040,For use in civil aircraft,84,0.0,,
8419815080,Other,84,0.0,,
84198190,Other,84,0.0,,35%
8419819040,"Of a type used in restaurants, hotels or similar locations",84,0.0,,
8419819080,Other,84,0.0,,
841989,Other:,84,0.0,,
8419891000,"For making paper pulp, paper or paperboard",84,0.0,,35%
8419896000,Molten-salt-cooled acrylic acid reactors,84,0.0,,35%
84198995,Other,84,0.042,"Free (A,AU,BH,CL,CO,D,E,IL,JO,KR,MA,OM,P,PA,PE,S,SG)",35%
8419899510,Heating mantles; drum heaters and heating belts for heating containers,84,0.0,,
8419899520,For food and beverages,84,0.0,,
8419899540,Other,84,0.0,,
8419899550,For food and beverages,84,0.0,,
8419899570,For rubber and plastics,84,0.0,,
8419899590,For other materials,84,0.0,,
841990,Parts:,84,0.0,,
8419901000,Of instantaneous or storage water heaters,84,0.0,,45%
8419902000,"Of machinery and plant for making paper pulp, paper or paperboard",84,0.0,,35%
8419903000,Of heat exchange units,84,0.0,,35%
84199050,"Of molten-salt-cooled acrylic acid reactors; of medical, surgical or laboratory sterilizers",84,0.0,,35%
8419905040,"Of medical, surgical or laboratory sterilizers",84,0.0,,
8419905080,Other,84,0.0,,
8419908500,Of electromechanical tools for working in the hand with self-contained electric motor,84,0.0,,35%
84199095,Other,84,0.04,"Free (A*,AU,BH,CL,CO,D,E,IL,JO,KR,MA,OM,P,PA,PE,S,SG)",35%
8419909520,"Of an apparatus of a type used in restaurants, hotels or similar locations",84,0.0,,
8419909580,Other,84,0.0,,
8420,"Calendering or other rolling machines, other than for metals or glass, and cylinders therefor; parts thereof:",84,0.0,,
842010,Calendering or other rolling machines:,84,0.0,,
8420101000,Textile calendering or rolling machines,84,0.035,"Free (A,AU,BH,CL,CO,D,E,IL,JO,KR,MA,OM,P,PA,PE,S,SG)",40%
8420102000,"Calendering or similar rolling machines for making paper pulp, paper or paperboard",84,0.0,,35%
84201090,Other,84,0.0,,35%
8420109040,Calendering or other rolling machines for rubber and plastics,84,0.0,,
8420109080,Other,84,0.0,,
842091,Cylinders:,84,0.0,,
8420911000,For textile calendering or rolling machines,84,0.026000000000000002,"Free (A,AU,BH,CL,CO,D,E,IL,JO,KR,MA,OM,P,PA,PE,S,SG)",40%
8420912000,"For calendering or other rolling machines for machines for making paper pulp, paper or paperboard",84,0.0,,35%
8420919000,Other,84,0.0,,35%
842099,Other:,84,0.0,,
8420991000,Of machines for processing textiles,84,0.035,"Free (A,AU,BH,CL,CO,D,E,IL,JO,KR,MA,OM,P,PA,PE,S,SG)",40%
8420992000,"Of machines for making paper pulp, paper or paperboard",84,0.0,,35%
8420999000,Other,84,0.0,,35%
8421,"Centrifuges, including centrifugal dryers; filtering or purifying machinery and apparatus, for liquids or gases; parts thereof:",84,0.0,,
8421110000,Cream separators,84,0.0,,25%
8421120000,Clothes-dryers,84,0.0,,25%
8421190000,Other,84,0.013000000000000001,"Free (A,AU,BH,C,CL,CO,D,E,IL,JO,KR,MA,OM,P,PA,PE,S,SG)",25%
8421210000,For filtering or purifying water,84,0.0,,35%
8421220000,For filtering or purifying beverages other than water,84,0.0,,35%
8421230000,Oil or fuel filters for internal combustion engines,84,0.025,"Free (A,AU,B,BH,C,CL,CO,D,E,IL,JO,KR,MA,OM,P,PA,PE,S,SG)",35%
84212900,Other,84,0.0,,35%
8421290005,Refrigerant recovery and recycling units,84,0.0,,
8421290015,Oil-separation equipment,84,0.0,,
8421290040,"Hydraulic fluid power filters, rated at <il>1,000 kPa</il> or greater",84,0.0,,
8421290065,Other,84,0.0,,
8421310000,Intake air filters for internal combustion engines,84,0.025,"Free (A,AU,B,BH,C,CL,CO,D,E,IL,JO,KR,MA,OM,P,PA,PE,S,SG)",35%
8421320000,"Catalytic converters or particulate filters, whether or not combined, for purifying or filtering exhaust gases from internal combustion engines",84,0.0,,35%
84213901,Other,84,0.0,,35%
8421390105,"For machine tools of headings 8456 through 8465, inclusive",84,0.0,,
8421390115,Other,84,0.0,,
8421390120,Electrostatic precipitators,84,0.0,,
8421390130,Other,84,0.0,,
8421390140,Gas separation equipment,84,0.0,,
8421390160,"Pneumatic fluid power filters, rated at <il>550 kPa</il> or greater",84,0.0,,
8421390190,Other,84,0.0,,
842191,"Of centrifuges, including centrifugal dryers:",84,0.0,,
8421912000,Drying chambers for the clothes-dryers of subheading 8421.12 and other parts of clothes-dryers incorporating drying chambers,84,0.0,,25%
8421914000,Furniture designed to receive the clothes-dryers of subheading 8421.12,84,0.0,,25%
8421916000,Other,84,0.0,,25%
84219901,Other,84,0.0,,35%
8421990140,Parts of machinery and apparatus for filtering or purifying water,84,0.0,,
8421990180,Other,84,0.0,,
8422,"Dishwashing machines; machinery for cleaning or drying bottles or other containers; machinery for filling, closing, sealing or labeling bottles, cans, boxes, bags or other containers; machinery for capsuling bottles, jars, tubes and similar containers; other packing or wrapping machinery (including heat-shrink wrapping machinery); machinery for aerating beverages; parts thereof:",84,0.0,,
8422110000,Of the household type,84,0.024,"Free (A*,AU,BH,CL,CO,D,E,IL,JO,KR,MA,OM,P,PA,PE,S,SG)",35%
8422190000,Other,84,0.0,,35%
8422200000,Machinery for cleaning or drying bottles or other containers,84,0.0,,35%
842230,"Machinery for filling, closing, sealing or labeling bottles, cans, boxes, bags or other containers; machinery for capsuling bottles, jars, tubes and similar containers; machinery for aerating beverages:",84,0.0,,
8422301100,Can-sealing machines,84,0.0,,30%
84223091,Other,84,0.0,,35%
8422309110,Machines for aerating beverages,84,0.0,,
8422309120,Labeling machines,84,0.0,,
8422309130,Vacuum or gas packaging,84,0.0,,
8422309140,Other,84,0.0,,
8422309150,Vacuum or gas packaging,84,0.0,,
8422309160,Other,84,0.0,,
8422309170,Other,84,0.0,,
8422309180,"Machines for opening, filling and closing bags",84,0.0,,
8422309185,"Machines for forming, filling and sealing bags/pouches",84,0.0,,
8422309186,"Machines for opening, filling and closing boxes",84,0.0,,
8422309187,Machines for skin and blister packaging,84,0.0,,
8422309191,Other,84,0.0,,
842240,Other packing or wrapping machinery (including heat-shrink wrapping machinery):,84,0.0,,
84224011,Machines for packaging pipe tobacco; machines for wrapping candy; machines for wrapping cigarette packages; and combination candy cutting and wrapping machines,84,0.0,,35%
8422401110,Machines for wrapping candy,84,0.0,,
8422401190,Other,84,0.0,,
84224091,Other,84,0.0,,35%
8422409140,Strapping machines,84,0.0,,
8422409150,"Machines for case and tray forming, packing, unpacking, closing and sealing",84,0.0,,
8422409160,Machines for shrink film and heat sealing,84,0.0,,
8422409170,Machines for wrapping,84,0.0,,
8422409181,Other,84,0.0,,
842290,Parts:,84,0.0,,
8422900200,Water containment chambers for the dishwashing machines of subheading 8422.11 and other parts of dishwashing machines of the household type incorporating water containment chambers,84,0.0,,35%
8422900400,Door assemblies for the dishwashing machines of subheading 8422.11,84,0.0,,35%
84229006,Other,84,0.0,,35%
8422900640,Of the household type,84,0.0,,
8422900680,Other,84,0.0,,
8422901100,Of can-sealing machines,84,0.0,,30%
8422902100,"Of machines for packaging pipe tobacco, wrapping candy or wrapping cigarette packages, and of combination candy cutting and wrapping machines",84,0.0,,35%
84229091,Other,84,0.0,,35%
8422909120,Of machinery for cleaning or drying bottles or other containers,84,0.0,,
8422909130,Of strapping machines,84,0.0,,
8422909160,Of other wrapping and packaging machines,84,0.0,,
8422909195,Other,84,0.0,,
8423,"Weighing machinery (excluding balances of a sensitivity of 5 cg or better), including weight-operated counting or checking machines; weighing machine weights of all kinds; parts of weighing machinery:",84,0.0,,
84231000,"Personal weighing machines, including baby scales; household scales",84,0.0,,45%
8423100010,Digital electronic type,84,0.0,,
8423100030,Of a kind suitable for carrying on the person,84,0.0,,
8423100060,Other,84,0.0,,
842320,Scales for continuous weighing of goods on conveyors:,84,0.0,,
8423201000,Using electronic means for gauging weights,84,0.0,,45%
8423209000,Other,84,0.028999999999999998,"Free (A,AU,BH,CL,CO,D,E,IL,JO,KR,MA,OM,P,PA,PE,S,SG)",45%
8423300000,"Constant-weight scales and scales for discharging a predetermined weight of material into a bag or container, including hopper scales",84,0.0,,45%
84238100,Having a maximum weighing capacity not exceeding <il>30 kg</il>,84,0.0,,45%
8423810010,Counting scales,84,0.0,,
8423810020,"Retail scales, non-computing",84,0.0,,
8423810030,"Retail scales, computing",84,0.0,,
8423810040,Other,84,0.0,,
8423810050,Other,84,0.0,,
84238200,"Having a maximum weighing capacity exceeding <il>30 kg</il> but not exceeding <il>5,000 kg</il>",84,0.0,,45%
8423820010,Digital electronic type,84,0.0,,
8423820050,Other,84,0.0,,
842389,Other:,84,0.0,,
8423891000,Using electronic means for gauging,84,0.0,,45%
8423899000,Other,84,0.028999999999999998,"Free (A,AU,BH,CL,CO,D,E,IL,JO,KR,MA,OM,P,PA,PE,S,SG)",45%
842390,Weighing machine weights of all kinds; parts of weighing machinery:,84,0.0,,
8423901000,"Parts of weighing machinery using electronic means for gauging weight, excluding parts of machines for weighing motor vehicles",84,0.0,,45%
8423909000,Other,84,0.027999999999999997,"Free (A,AU,BH,CL,CO,D,E,IL,JO,JP,KR,MA,OM,P,PA,PE,S,SG)",45%
8424,"Mechanical appliances (whether or not hand operated) for projecting, dispersing or spraying liquids or powders; fire extinguishers, whether or not charged; spray guns and similar appliances; steam or sand blasting machines and similar jet projecting machines; parts thereof:",84,0.0,,
8424100000,"Fire extinguishers, whether or not charged",84,0.0,,35%
842420,Spray guns and similar appliances:,84,0.0,,
8424201000,Simple piston pump sprays and powder bellows,84,0.028999999999999998,"Free (A,AU,B,BH,CL,CO,D,E,IL,JO,KR,MA,OM,P,PA,PE,S,SG)",45%
8424209000,Other,84,0.0,,35%
842430,Steam or sand blasting machines and similar jet projecting machines:,84,0.0,,
8424301000,Sand blasting machines,84,0.0,,Free
84243090,Other,84,0.0,,35%
8424309010,Powered by a gasoline-fueled internal combustion engine,84,0.0,,
8424309090,Other,84,0.0,,
842441,Portable sprayers:,84,0.0,,
8424411000,"Sprayers (except sprayers, self-contained, having a capacity not over 20 liters)",84,0.0,,Free
8424419000,Other,84,0.024,"Free (A*,AU,BH,CL,CO,D,E,IL,JO,KR,MA,OM,P,PA,PE,S,SG)",35%
8424490000,Other,84,0.024,"Free (A,AU,BH,CL,CO,D,E,IL,JO,KR,MA,OM,P,PA,PE,S,SG)",35%
84248200,Agricultural or horticultural,84,0.024,"Free (A,AU,BH,CL,CO,D,E,IL,JO,KR,MA,OM,P,PA,PE,S,SG)",35%
8424820010,"Self-propelled, center pivot",84,0.0,,
8424820020,Other,84,0.0,,
8424820090,Other,84,0.0,,
8424891000,"Mechanical appliances for projecting, dispersing or spraying, of a kind used solely or principally for the manufacture of printed circuits or printed circuit assemblies",84,0.0,,35%
8424899000,Other,84,0.018000000000000002,"Free (A*,AU,BH,CL,CO,D,E,IL,JO,JP,KR,MA,OM,P,PA,PE,S,SG)",35%
842490,Parts:,84,0.0,,
8424900500,Of fire extinguishers,84,0.0,,35%
8424901000,Of simple piston pump sprays and powder bellows,84,0.028999999999999998,"Free (A,AU,B,BH,CL,CO,D,E,IL,JO,JP,KR,MA,OM,P,PA,PE,S,SG)",45%
8424902000,Of sand blasting machines,84,0.0,,Free
84249090,Other,84,0.0,,35%
8424909010,Powered by a gasoline-fueled internal combustion engine,84,0.0,,
8424909020,Other,84,0.0,,
8424909080,Other,84,0.0,,
8425,Pulley tackle and hoists other than skip hoists; winches and capstans; jacks:,84,0.0,,
8425110000,Powered by electric motor,84,0.0,,35%
8425190000,Other,84,0.0,,35%
8425310100,Powered by electric motor,84,0.0,,35%
8425390100,Other,84,0.0,,35%
8425410000,Built-in jacking systems of a type used in garages,84,0.0,,35%
8425420000,"Other jacks and hoists, hydraulic",84,0.0,,35%
8425490000,Other,84,0.0,,35%
8426,"Ships' derricks; cranes, including cable cranes; mobile lifting frames, straddle carriers and works trucks fitted with a crane:",84,0.0,,
8426110000,Overhead traveling cranes on fixed support,84,0.0,,35%
8426120000,Mobile lifting frames on tires and straddle carriers,84,0.0,,35%
8426190000,Other,84,0.0,,35%
8426200000,Tower cranes,84,0.0,,35%
8426300000,Portal or pedestal jib cranes,84,0.0,,35%
84264100,On tires,84,0.0,,35%
8426410005,Works trucks fitted with a crane,84,0.0,,
8426410010,Cable operated,84,0.0,,
8426410090,Other,84,0.0,,
84264900,Other,84,0.0,,35%
8426490010,Cable operated,84,0.0,,
8426490090,Other,84,0.0,,
8426910000,Designed for mounting on road vehicles,84,0.0,,35%
8426990000,Other,84,0.0,,35%
8427,Fork-lift trucks; other works trucks fitted with lifting or handling equipment:,84,0.0,,
842710,Self-propelled trucks powered by an electric motor:,84,0.0,,
84271040,"Rider-type, counterbalanced fork-lift trucks",84,0.0,,35%
8427104010,Powered by at least one hydrogen fuel cell,84,0.0,,
8427104090,Other,84,0.0,,
84271080,Other,84,0.0,,35%
8427108020,Aerial work platforms of a kind described in statistical note 5 to this chapter,84,0.0,,
8427108030,Other,84,0.0,,
8427108040,Aerial work platforms of a kind described in statistical note 5 to this chapter,84,0.0,,
8427108050,Other,84,0.0,,
8427108070,Aerial work platforms of a kind described in statistical note 5 to this chapter,84,0.0,,
8427108095,Other,84,0.0,,
842720,Other self-propelled trucks:,84,0.0,,
8427204000,"Rider-type, counterbalanced fork-lift trucks",84,0.0,,35%
84272080,Other,84,0.0,,35%
8427208020,Aerial work platforms of a kind described in statistical note 5 to this chapter,84,0.0,,
8427208090,Other,84,0.0,,
84279000,Other trucks,84,0.0,,35%
8427900020,Aerial work platforms of a kind described in statistical note 5 to this chapter,84,0.0,,
8427900090,Other,84,0.0,,
8428,"Other lifting, handling, loading or unloading machinery (for example, elevators, escalators, conveyors, teleferics):",84,0.0,,
8428100000,Passenger or freight elevators other than continuous action; skip hoists,84,0.0,,35%
84282000,Pneumatic elevators and conveyors,84,0.0,,35%
8428200010,Conveyors,84,0.0,,
8428200050,Elevators,84,0.0,,
8428310000,Specially designed for underground use,84,0.0,,35%
8428320000,"Other, bucket type",84,0.0,,35%
8428330000,"Other, belt type",84,0.0,,35%
8428390000,Other,84,0.0,,35%
8428400000,Escalators and moving walkways,84,0.0,,35%
8428600000,"Teleferics, chair lifts, ski draglines; traction mechanisms for funiculars",84,0.0,,35%
8428700000,Industrial robots,84,0.0,,35%
84289003,Other machinery,84,0.0,,35%
8428900310,Woodland log handling equipment (other than skidders),84,0.0,,
8428900390,Other,84,0.0,,
8429,"Self-propelled bulldozers, angledozers, graders, levelers, scrapers, mechanical shovels, excavators, shovel loaders, tamping machines and road rollers:",84,0.0,,
84291100,Track laying,84,0.0,,35%
8429110010,New,84,0.0,,
8429110090,Used or rebuilt,84,0.0,,
84291900,Other,84,0.0,,35%
8429190010,New,84,0.0,,
8429190090,Used or rebuilt,84,0.0,,
8429200000,Graders and levelers,84,0.0,,35%
84293000,Scrapers,84,0.0,,35%
8429300020,Not exceeding <il>13.7 m<sup>3</sup></il>,84,0.0,,
8429300040,Exceeding <il>13.7 m<sup>3</sup></il>,84,0.0,,
8429300060,Used or rebuilt,84,0.0,,
84294000,Tamping machines and road rollers,84,0.0,,35%
8429400020,Vibratory,84,0.0,,
8429400040,Other,84,0.0,,
8429400060,Used or rebuilt,84,0.0,,
842951,Front-end shovel loaders:,84,0.0,,
84295110,Wheel-type,84,0.0,,35%
8429511005,2 wheel drive,84,0.0,,
8429511015,Under <il>1.5 m<sup>3</sup></il>,84,0.0,,
8429511025,At least <il>1.5 m<sup>3</sup></il> but under <il>2.2 m<sup>3</sup></il>,84,0.0,,
8429511030,At least <il>2.2 m<sup>3</sup></il> but under <il>2.9 m<sup>3</sup></il>,84,0.0,,
8429511035,At least <il>2.9 m<sup>3</sup></il> but under <il>3.8 m<sup>3</sup></il>,84,0.0,,
8429511040,At least <il>3.8 m<sup>3</sup></il> but under <il>5.2 m<sup>3</sup></il>,84,0.0,,
8429511045,At least <il>5.2 m<sup>3</sup></il> but under <il>7.6 m<sup>3</sup></il>,84,0.0,,
8429511050,At least <il>7.6 m<sup>3</sup></il> but under <il>11.4 m<sup>3</sup></il>,84,0.0,,
8429511055,<il>11.4 m<sup>3</sup></il> and over,84,0.0,,
8429511060,Other,84,0.0,,
8429511065,Used or rebuilt,84,0.0,,
84295150,Other,84,0.0,,35%
8429515010,Less than <il>44.7 kW</il>,84,0.0,,
8429515020,At least <il>44.7 kW</il> but under <il>67.1 kW</il>,84,0.0,,
8429515030,At least <il>67.1 kW</il> but under <il>93.2 kW</il>,84,0.0,,
8429515040,At least <il>93.2 kW</il> but under <il>119.3 kW</il>,84,0.0,,
8429515050,<il>119.3 kW</il> and over,84,0.0,,
8429515060,Used or rebuilt,84,0.0,,
842952,Machinery with a 360˚ revolving superstructure:,84,0.0,,
84295210,"Backhoes, shovels, clamshells and draglines",84,0.0,,35%
8429521010,Hydraulic,84,0.0,,
8429521020,Other,84,0.0,,
8429521030,Hydraulic,84,0.0,,
8429521040,Other,84,0.0,,
8429521050,Used or rebuilt,84,0.0,,
84295250,Other,84,0.0,,35%
8429525010,New,84,0.0,,
8429525090,Used or rebuilt,84,0.0,,
842959,Other:,84,0.0,,
84295910,"Backhoes, shovels, clamshells and draglines",84,0.0,,35%
8429591030,Backhoes,84,0.0,,
8429591060,Other,84,0.0,,
8429591090,Used or rebuilt,84,0.0,,
84295950,Other,84,0.0,,35%
8429595020,Ladder type,84,0.0,,
8429595040,Other,84,0.0,,
8429595060,Other,84,0.0,,
8429595080,Used or rebuilt,84,0.0,,
8430,"Other moving, grading, leveling, scraping, excavating, tamping, compacting, extracting or boring machinery, for earth, minerals or ores; pile-drivers and pile-extractors; snowplows and snowblowers:",84,0.0,,
8430100000,Pile-drivers and pile-extractors,84,0.0,,35%
84302000,Snowplows and snowblowers,84,0.0,,35%
8430200030,Attachment type,84,0.0,,
8430200060,Other,84,0.0,,
8430200090,Other,84,0.0,,
84303100,Self-propelled,84,0.0,,35%
8430310040,Rock breaking machines,84,0.0,,
8430310080,Other,84,0.0,,
84303900,Other,84,0.0,,35%
8430390040,Rock breaking machines,84,0.0,,
8430390080,Other,84,0.0,,
8430410000,Self-propelled,84,0.0,,35%
843049,Other:,84,0.0,,
8430494000,Offshore oil and natural gas drilling and production platforms,84,0.0,,45%
84304980,Other,84,0.0,,35%
8430498010,Rotary,84,0.0,,
8430498020,Other,84,0.0,,
8430498030,Rotary,84,0.0,,
8430498040,Other,84,0.0,,
8430498050,Other,84,0.0,,
843050,"Other machinery, self-propelled:",84,0.0,,
8430501000,Peat excavators,84,0.0,,35%
8430505000,Other,84,0.0,,35%
8430610000,Tamping or compacting machinery,84,0.0,,35%
8430690100,Other,84,0.0,,35%
8431,Parts suitable for use solely or principally with the machinery of headings 8425 to 8430:,84,0.0,,
84311000,Of machinery of heading 8425,84,0.0,,35%
8431100010,Of machinery of subheading 8425.11 or 8425.19,84,0.0,,
8431100090,Other,84,0.0,,
8431200000,Of machinery of heading 8427,84,0.0,,35%
84313100,"Of passenger or freight elevators other than continuous action, skip hoists or escalators",84,0.0,,35%
8431310020,Of skip hoists,84,0.0,,
8431310040,Of escalators,84,0.0,,
8431310060,Other,84,0.0,,
84313900,Other,84,0.0,,35%
8431390010,Of elevators and conveyors,84,0.0,,
8431390050,Of oil and gas field machinery,84,0.0,,
8431390070,Of the woodland log handling equipment of statistical reporting number 8428.90.0310,84,0.0,,
8431390080,Other,84,0.0,,
84314100,"Buckets, shovels, grabs and grips",84,0.0,,35%
8431410020,Shovel attachments,84,0.0,,
8431410040,Clamshell (grappler) attachments,84,0.0,,
8431410060,Dragline buckets,84,0.0,,
8431410080,Other,84,0.0,,
8431420000,Bulldozer or angledozer blades,84,0.0,,35%
843143,Parts for boring or sinking machinery of subheading 8430.41 or 8430.49:,84,0.0,,
8431434000,Of offshore oil and natural gas drilling and production platforms,84,0.0,,45%
84314380,Other,84,0.0,,35%
8431438020,"Tool joints, whether or not forged",84,0.0,,
8431438040,Drill pipe fitted with tool joints,84,0.0,,
8431438060,Other,84,0.0,,
8431438090,Of other boring or sinking machinery,84,0.0,,
843149,Other:,84,0.0,,
84314910,Of machinery of heading 8426,84,0.0,,35%
8431491010,"Of machinery of subheadings 8426.11, 8426.19 and 8426.30",84,0.0,,
8431491060,"Of mobile lifting frames, straddle carriers and works trucks fitted with a crane",84,0.0,,
8431491070,Of copper or copper alloys,84,0.0,,
8431491080,Other,84,0.0,,
84314990,Other,84,0.0,,35%
8431499005,Backhoe attachments,84,0.0,,
8431499010,Front-end loader attachments,84,0.0,,
8431499015,Rippers and rooters,84,0.0,,
8431499020,Other,84,0.0,,
8431499025,Cast axle housings,84,0.0,,
8431499032,Of copper or copper alloys,84,0.0,,
8431499034,Other,84,0.0,,
8431499035,Cast axle housings,84,0.0,,
8431499036,Road wheels,84,0.0,,
8431499038,Wheel and tire assemblies,84,0.0,,
8431499039,Of copper or copper alloys,84,0.0,,
8431499041,Other,84,0.0,,
8431499045,Scraper bowls for scrapers of subheadings 8429.30 and 8430.69.01,84,0.0,,
8431499050,Track links,84,0.0,,
8431499055,Cast axle housings,84,0.0,,
8431499081,Steel forgings,84,0.0,,
8431499084,Road wheels,84,0.0,,
8431499090,Wheel and tire assemblies,84,0.0,,
8431499092,Of copper or copper alloys,84,0.0,,
8431499094,Other,84,0.0,,
8432,"Agricultural, horticultural or forestry machinery for soil preparation or cultivation; lawn or sports ground rollers; parts thereof:",84,0.0,,
84321000,Plows,84,0.0,,Free
8432100020,Moldboard plows except listers,84,0.0,,
8432100040,Disc plows,84,0.0,,
8432100060,Other,84,0.0,,
8432210000,Disc harrows,84,0.0,,Free
84322900,Other,84,0.0,,Free
8432290040,"Cultivators, tractor drawn or for tractor mounting",84,0.0,,
8432290060,Walk behind rotary tillers,84,0.0,,
8432290080,Other,84,0.0,,
8432290090,Other,84,0.0,,
84323100,"No-till direct seeders, planters and transplanters",84,0.0,,Free
8432310010,Planters and transplanters,84,0.0,,
8432310090,Seeders,84,0.0,,
84323900,Other,84,0.0,,Free
8432390010,Planters and transplanters,84,0.0,,
8432390090,Seeders,84,0.0,,
8432410000,Manure spreaders,84,0.0,,Free
8432420000,Fertilizer distributors,84,0.0,,Free
84328000,Other machinery,84,0.0,,Free
8432800010,"Tow behind spreaders, aerators, and de- thatchers",84,0.0,,
8432800080,Other,84,0.0,,
84329000,Parts,84,0.0,,Free
8432900010,Road wheels without tires,84,0.0,,
8432900020,Wheel and tire assemblies,84,0.0,,
8432900040,Of plows,84,0.0,,
8432900050,"Of harrows, scarifiers, cultivators, weeders and hoes",84,0.0,,
8432900060,"Of seeders, planters, transplanters, manure spreaders and fertilizer distributors",84,0.0,,
8432900081,Of other machinery,84,0.0,,
8433,"Harvesting or threshing machinery, including straw or fodder balers; grass or hay mowers; machines for cleaning, sorting or grading eggs, fruit or other agricultural produce, other than machinery of heading 8437; parts thereof:",84,0.0,,
84331100,"Powered, with the cutting device rotating in a horizontal plane",84,0.0,,30%
8433110010,"Electric mowers, including battery operated",84,0.0,,
8433110020,Under <il>5.2 kW</il>,84,0.0,,
8433110030,<il>5.2 kW</il> and over but under <il>7.46 kW</il>,84,0.0,,
8433110040,<il>7.46 kW</il> and over,84,0.0,,
8433110050,Under <il>3.7 kW</il>,84,0.0,,
8433110060,<il>3.7 kW</il> and over,84,0.0,,
84331900,Other,84,0.0,,30%
8433190010,Greens mowers,84,0.0,,
8433190020,Gang cutting units,84,0.0,,
8433190030,Other riding mowers,84,0.0,,
8433190040,Gasoline powered,84,0.0,,
8433190050,Other,84,0.0,,
84332000,"Other mowers, including cutter bars for tractor mounting",84,0.0,,Free
8433200020,Rotary cutter type,84,0.0,,
8433200040,Other,84,0.0,,
8433200060,Other,84,0.0,,
8433300000,Other haymaking machinery,84,0.0,,Free
8433400000,"Straw or fodder balers, including pick-up balers",84,0.0,,Free
84335100,Combine harvester-threshers,84,0.0,,Free
8433510010,Self-propelled,84,0.0,,
8433510090,Other,84,0.0,,
8433520000,Other threshing machinery,84,0.0,,Free
8433530000,Root or tuber harvesting machines,84,0.0,,Free
84335900,Other,84,0.0,,Free
8433590010,Field forage harvesters,84,0.0,,
8433590090,Other,84,0.0,,
84336000,"Machines for cleaning, sorting or grading eggs, fruit or other agricultural produce",84,0.0,,Free
8433600010,"Machines for cleaning, sorting or grading eggs",84,0.0,,
8433600090,Other,84,0.0,,
843390,Parts:,84,0.0,,
84339010,"Of mowers for lawns, parks or sports grounds",84,0.0,,30%
8433901010,Wheel and tire assemblies,84,0.0,,
8433901090,Other,84,0.0,,
84339050,Other,84,0.0,,Free
8433905010,Road wheels,84,0.0,,
8433905025,Of haying machines and balers,84,0.0,,
8433905045,Other,84,0.0,,
8433905060,"Of machines for cleaning, sorting or grading eggs",84,0.0,,
8433905080,"Of machines for cleaning, sorting or grading fruit or other agricultural produce",84,0.0,,
8434,"Milking machines and dairy machinery, and parts thereof:",84,0.0,,
8434100000,Milking machines,84,0.0,,Free
8434200000,Dairy machinery,84,0.0,,Free
8434900000,Parts,84,0.0,,Free
8435,"Presses, crushers and similar machinery, used in the manufacture of wine, cider, fruit juices or similar beverages; parts thereof:",84,0.0,,
8435100000,Machinery,84,0.0,,40%
8435900000,Parts,84,0.0,,40%
8436,"Other agricultural, horticultural, forestry, poultry-keeping or bee-keeping machinery, including germination plant fitted with mechanical or thermal equipment; poultry incubators and brooders; parts thereof:",84,0.0,,
8436100000,Machinery for preparing animal feeds,84,0.0,,Free
8436210000,Poultry incubators and brooders,84,0.0,,Free
8436290000,Other,84,0.0,,Free
84368000,Other machinery,84,0.0,,Free
8436800020,Forestry machinery,84,0.0,,
8436800040,Barn and barnyard machines,84,0.0,,
8436800060,Machines for preparing crops for market or for use,84,0.0,,
8436800070,Bee-keeping machinery,84,0.0,,
8436800090,Other,84,0.0,,
84369100,Of poultry-keeping machinery or poultry incubators and brooders,84,0.0,,Free
8436910040,Of poultry incubators and brooders,84,0.0,,
8436910080,Other,84,0.0,,
84369900,Other,84,0.0,,Free
8436990020,Of forestry machinery,84,0.0,,
8436990030,Of bee-keeping machinery,84,0.0,,
8436990035,Of machinery for preparing animal feeds,84,0.0,,
8436990040,Of barn or barnyard machines,84,0.0,,
8436990070,Of machines for preparing crops for market or for use,84,0.0,,
8436990090,Other,84,0.0,,
8437,"Machines for cleaning, sorting or grading seed, grain or dried leguminous vegetables, and parts thereof; machinery used in the milling industry or for the working of cereals or dried leguminous vegetables, other than farm type machinery; parts thereof:",84,0.0,,
8437100000,"Machines for cleaning, sorting or grading seed, grain or dried leguminous vegetables",84,0.0,,35%
84378000,Other machinery,84,0.0,,35%
8437800010,Flour mill and grain mill machines,84,0.0,,
8437800090,Other,84,0.0,,
84379000,Parts,84,0.0,,35%
8437900010,Of flour mill or grain mill machines,84,0.0,,
8437900090,Other,84,0.0,,
8438,"Machinery, not specified or included elsewhere in this chapter, for the industrial preparation or manufacture of food or drink, other than machinery for the extraction or preparation of animal or fixed vegetable or microbial fats or oils; parts thereof:",84,0.0,,
84381000,"Bakery machinery and machinery for the manufacture of macaroni, spaghetti or similar products",84,0.0,,35%
8438100010,Bakery machinery,84,0.0,,
8438100090,Other,84,0.0,,
8438200000,"Machinery for the manufacture of confectionery, cocoa or chocolate",84,0.0,,35%
8438300000,Machinery for sugar manufacture,84,0.0,,Free
8438400000,Brewery machinery,84,0.023,"Free (A,AU,BH,CL,CO,D,E,IL,JO,KR,MA,OM,P,PA,PE,S,SG)",35%
84385000,Machinery for the preparation of meat or poultry,84,0.027999999999999997,"Free (A,AU,BH,CL,CO,D,E,IL,JO,KR,MA,OM,P,PA,PE,S,SG)",35%
8438500010,Meat- and poultry-packing plant machinery,84,0.0,,
8438500090,Other,84,0.0,,
8438600000,"Machinery for the preparation of fruits, nuts or vegetables",84,0.0,,35%
8438800000,Other machinery,84,0.0,,40%
843890,Parts:,84,0.0,,
8438901000,Of machinery for sugar manufacture,84,0.0,,Free
84389090,Other,84,0.027999999999999997,"Free (A,AU,BH,CL,CO,D,E,IL,JO,KR,MA,OM,P,PA,PE,S,SG)",35%
8438909015,"Of bakery machinery and machinery for the manufacture of macaroni, spaghetti or similar products",84,0.0,,
8438909030,"Of machinery for the manufacture of confectionery, cocoa or chocolate",84,0.0,,
8438909060,Of machinery for the preparation of meat or poultry,84,0.0,,
8438909090,Other,84,0.0,,
8439,Machinery for making pulp of fibrous cellulosic material or for making or finishing paper or paperboard (other than the machinery of heading 8419); parts thereof:,84,0.0,,
84391000,Machinery for making pulp of fibrous cellulosic material,84,0.0,,35%
8439100010,New,84,0.0,,
8439100090,Used or rebuilt,84,0.0,,
84392000,Machinery for making paper or paperboard,84,0.0,,35%
8439200010,New,84,0.0,,
8439200090,Used or rebuilt,84,0.0,,
8439300000,Machinery for finishing paper or paperboard,84,0.0,,35%
843991,Of machinery for making pulp of fibrous cellulosic materials:,84,0.0,,
8439911000,"Bed plates, roll bars and other stock-treating parts",84,0.0,,20%
8439919000,Other,84,0.0,,35%
843999,Other:,84,0.0,,
8439991000,Of machinery for making paper or paperboard,84,0.0,,35%
8439995000,Of machinery for finishing paper or paperboard,84,0.0,,35%
8440,"Bookbinding machinery, including book-sewing machines, and parts thereof:",84,0.0,,
8440100000,Machinery,84,0.0,,25%
8440900000,Parts,84,0.0,,25%
8441,"Other machinery for making up paper pulp, paper or paperboard, including cutting machines of all kinds, and parts thereof:",84,0.0,,
8441100000,Cutting machines,84,0.0,,35%
8441200000,"Machines for making bags, sacks or envelopes",84,0.0,,35%
8441300000,"Machines for making cartons, boxes, cases, tubes, drums or similar containers, other than by molding",84,0.0,,35%
8441400000,"Machines for molding articles in paper pulp, paper or paperboard",84,0.0,,35%
8441800000,Other machinery,84,0.0,,35%
8441900000,Parts,84,0.0,,35%
8442,"Machinery, apparatus and equipment (other than the machines of headings 8456 to 8465), for preparing or making plates, cylinders or other printing components; plates, cylinders and other printing components; plates, cylinders and lithographic stones, prepared for printing purposes (for example, planed, grained or polished); parts thereof:",84,0.0,,
84423001,"Machinery, apparatus and equipment",84,0.0,,Free
8442300110,Phototypesetting and composing machines,84,0.0,,
8442300150,"Other machinery, apparatus and equipment",84,0.0,,
8442400000,"Parts of the foregoing machinery, apparatus or equipment",84,0.0,,Free
844250,"Plates, cylinders and other printing components; plates, cylinders and lithographic stones, prepared for printing purposes (for example, planed, grained or polished):",84,0.0,,
8442501000,Plates,84,0.0,,25%
8442509000,Other,84,0.0,,60%
8443,"Printing machinery used for printing by means of plates, cylinders and other printing components of heading 8442; other printers, copying machines and facsimile machines, whether or not combined; parts and accessories thereof:",84,0.0,,
844311,"Offset printing machinery, reel-fed:",84,0.0,,
8443111000,Double-width newspaper printing presses,84,0.033,"Free (A*,AU,BH,CL,CO,D,E,IL,JO,KR,MA,OM,P,PA,PE,S,SG)",25%
8443115000,Other,84,0.0,,25%
8443120000,"Offset printing machinery, sheet-fed, office type (using sheets with one side not exceeding <il>22 cm</il> and the other side not exceeding <il>36 cm</il> in the unfolded state)",84,0.0,,25%
8443130000,Other offset printing machinery,84,0.0,,25%
8443140000,"Letterpress printing machinery, reel fed, excluding flexographic printing",84,0.022000000000000002,"Free (A,AU,BH,CL,CO,D,E,IL,JO,KR,MA,OM,P,PA,PE,S,SG)",25%
8443150000,"Letterpress printing machinery, other than reel fed, excluding flexographic printing",84,0.0,,25%
8443160000,Flexographic printing machinery,84,0.022000000000000002,"Free (A*,AU,BH,CL,CO,D,E,IL,JO,KR,MA,OM,P,PA,PE,S,SG)",25%
8443170000,Gravure printing machinery,84,0.022000000000000002,"Free (A,AU,BH,CL,CO,D,E,IL,JO,KR,MA,OM,P,PA,PE,S,SG)",25%
844319,Other:,84,0.0,,
8443192000,Textile printing machinery,84,0.026000000000000002,"Free (A,AU,BH,CL,CO,D,E,IL,JO,KR,MA,OM,P,PA,PE,S,SG)",40%
8443193000,Other,84,0.0,,25%
8443310000,"Machines which perform two or more of the functions of printing, copying or facsimile transmission, capable of connecting to an automatic data processing machine or to a network",84,0.0,,35%
844332,"Other, capable of connecting to an automatic data processing machine or to a network:",84,0.0,,
84433210,Printer units,84,0.0,,35%
8443321010,Capable of producing more than 20 pages per minute,84,0.0,,
8443321020,Other,84,0.0,,
8443321030,Light bar electronic type,84,0.0,,
8443321040,Ink jet,84,0.0,,
8443321050,Thermal transfer,84,0.0,,
8443321060,Ionographic,84,0.0,,
8443321070,Daisy wheel,84,0.0,,
8443321080,Dot matrix,84,0.0,,
8443321090,Other,84,0.0,,
8443325000,Other,84,0.0,,35%
844339,Other:,84,0.0,,
8443391000,Operating by reproducing the original image directly onto the copy (direct process),84,0.0,,35%
8443392000,Operating by reproducing the original image via an intermediate onto the copy (indirect process),84,0.0,,35%
8443393000,Incorporating an optical system,84,0.0,,35%
8443394000,Of the contact type,84,0.0,,35%
8443395000,Thermocopying apparatus,84,0.0,,35%
8443396000,Other,84,0.0,,35%
8443399000,Other,84,0.0,,35%
844391,"Parts and accessories of printing machinery used for printing by means of plates, cylinders and other printing components of heading 8442:",84,0.0,,
8443911000,Machines for uses ancillary to printing,84,0.0,,25%
8443912000,Parts for textile printing machinery,84,0.0,,40%
8443913000,Other,84,0.0,,25%
844399,Other:,84,0.0,,
8443991000,Accessory and auxiliary machines which are intended for attachment to an electrostatic photocopier and which do not operate independently of such photocopier,84,0.0,,35%
84439920,Parts of printer units of subheading 8443.32.10 specified in additional U.S. note 2 to this chapter,84,0.0,,35%
8443992010,Ink cartridges,84,0.0,,
8443992050,Other,84,0.0,,
84439925,Other,84,0.0,,35%
8443992510,Ink cartridges,84,0.0,,
8443992550,Other,84,0.0,,
8443993000,Parts of facsimile machines specified in additional U.S. note 3 to this chapter,84,0.0,,35%
8443993500,Other,84,0.0,,35%
8443994000,Parts of photocopying apparatus of subheading 8443.39.20 specified in additional U.S. note 4 to this chapter,84,0.0,,35%
8443994500,Other,84,0.0,,35%
84439950,Other,84,0.0,,35%
8443995011,Ink cartridges,84,0.0,,
8443995015,Other,84,0.0,,
8443995050,Other,84,0.0,,
84440000,"Machines for extruding, drawing, texturing or cutting man-made textile materials",84,0.0,,40%
8444000010,Texturing machines,84,0.0,,
8444000090,Other,84,0.0,,
8445,"Machines for preparing textile fibers; spinning, doubling or twisting machines and other machinery for producing textile yarns; textile reeling or winding (including weft winding) machines and machines for preparing textile yarns for use on the machines of heading 8446 or 8447:",84,0.0,,
8445110000,Carding machines,84,0.0,,40%
8445120000,Combing machines,84,0.0,,40%
8445130000,Drawing or roving machines,84,0.0,,40%
84451900,Other,84,0.033,"Free (A,AU,BH,CL,CO,D,E,IL,JO,KR,MA,OM,P,PA,PE,S,SG)",40%
8445190040,Cotton gins,84,0.0,,
8445190080,Other,84,0.0,,
8445200000,Textile spinning machines,84,0.0,,40%
84453000,Textile doubling or twisting machines,84,0.0,,40%
8445300010,Textile twisting machines,84,0.0,,
8445300090,Other,84,0.0,,
8445400000,Textile winding (including weft winding) or reeling machines,84,0.037000000000000005,"Free (A,AU,BH,CL,CO,D,E,IL,JO,KR,MA,OM,P,PA,PE,S,SG)",40%
8445900000,Other,84,0.037000000000000005,"Free (A,AU,BH,CL,CO,D,E,IL,JO,KR,MA,OM,P,PA,PE,S,SG)",40%
8446,Weaving machines (looms):,84,0.0,,
84461000,For weaving fabrics of a width not exceeding <il>30 cm</il>,84,0.0,,40%
8446100010,Power looms,84,0.0,,
8446100090,Other,84,0.0,,
844621,Power looms:,84,0.0,,
8446211000,For weaving fabrics of a width exceeding 4.9 m,84,0.0,,40%
8446215000,Other,84,0.037000000000000005,"Free (A,AU,BH,CL,CO,D,E,IL,JO,KR,MA,OM,P,PA,PE,S,SG)",40%
8446290000,Other,84,0.0,,40%
844630,"For weaving fabrics of a width exceeding <il>30 cm</il>, shuttleless type:",84,0.0,,
84463010,Power looms for weaving fabrics of a width exceeding <il>4.9 m</il>,84,0.0,,40%
8446301010,Rapier type,84,0.0,,
8446301020,Jet type,84,0.0,,
8446301030,Other,84,0.0,,
84463050,Other,84,0.037000000000000005,"Free (A,AU,BH,CL,CO,D,E,IL,JO,KR,MA,OM,P,PA,PE,S,SG)",40%
8446305010,Rapier type,84,0.0,,
8446305020,Jet type,84,0.0,,
8446305030,Other,84,0.0,,
8447,"Knitting machines, stitch-bonding machines and machines for making gimped yarn, tulle, lace, embroidery, trimmings, braid or net and machines for tufting:",84,0.0,,
844711,With cylinder diameter not exceeding <il>165 mm:</il>,84,0.0,,
8447111000,For knitting hosiery,84,0.0,,40%
84471190,Other,84,0.0,,40%
8447119010,Open-top cylinder machines,84,0.0,,
8447119020,Cylinder and dial machines,84,0.0,,
8447119090,Other,84,0.0,,
844712,With cylinder diameter exceeding <il>165 mm:</il>,84,0.0,,
8447121000,For knitting hosiery,84,0.0,,40%
84471290,Other,84,0.0,,40%
8447129010,Open-top cylinder machines,84,0.0,,
8447129020,Cylinder and dial machines,84,0.0,,
8447129090,Other,84,0.0,,
844720,Flat knitting machines; stitch-bonding machines:,84,0.0,,
8447202000,Power driven flat knitting machines over <il>50.8 cm</il> in width,84,0.0,,40%
8447203000,Other,84,0.026000000000000002,"Free (A,AU,BH,CL,CO,D,E,IL,JO,KR,MA,OM,P,PA,PE,S,SG)",40%
8447204000,Warp knitting machines,84,0.0,,40%
8447206000,Other,84,0.0,,40%
844790,Other:,84,0.0,,
8447901000,Braiding and lace-braiding machines,84,0.0,,40%
8447905000,Embroidery machines,84,0.0,,30%
8447909000,Other,84,0.0,,40%
8448,"Auxiliary machinery for use with machines of heading 8444, 8445, 8446 or 8447 (for example, dobbies, Jacquards, automatic stop motions and shuttle changing mechanisms); parts and accessories suitable for use solely or principally with the machines of this heading or of heading 8444, 8445, 8446 or 8447 (for example, spindles and spindle flyers, card clothing, combs, extruding nipples, shuttles, healds and heald-frames, hosiery needles):",84,0.0,,
8448110000,"Dobbies and Jacquards; card reducing, copying, punching or assembling machines for use therewith",84,0.0,,40%
8448190000,Other,84,0.0,,40%
844820,Parts and accessories of machines of heading 8444 or of their auxiliary machinery:,84,0.0,,
8448201000,Of machines for extruding or drawing man-made textile filaments,84,0.037000000000000005,"Free (A,AU,BH,CL,CO,D,E,IL,JO,KR,MA,OM,P,PA,PE,S,SG)",40%
84482050,Other,84,0.033,"Free (A,AU,BH,CL,CO,D,E,IL,JO,KR,MA,OM,P,PA,PE,S,SG)",40%
8448205010,Of texturing machines,84,0.0,,
8448205090,Other,84,0.0,,
8448310000,Card clothing,84,0.033,"Free (A*,AU,BH,CL,CO,D,E,IL,JO,KR,MA,OM,P,PA,PE,S,SG)",45%
84483200,"Of machines for preparing textile fibers, other than card clothing",84,0.0,,40%
8448320010,Of cotton gins,84,0.0,,
8448320090,Other,84,0.0,,
8448330000,"Spindles, spindle flyers, spinning rings and ring travellers",84,0.033,"Free (A,AU,BH,CL,CO,D,E,IL,JO,KR,MA,OM,P,PA,PE,S,SG)",40%
844839,Other:,84,0.0,,
8448391000,"Parts of spinning, doubling or twisting machines",84,0.0,,40%
8448395000,Parts of winding or reeling machines,84,0.037000000000000005,"Free (A,AU,BH,CL,CO,D,E,IL,JO,KR,MA,OM,P,PA,PE,S,SG)",40%
8448399000,Other,84,0.0,,40%
8448420000,"Reeds for looms, healds and heald-frames",84,0.037000000000000005,"Free (A,AU,BH,CL,CO,D,E,IL,JO,KR,MA,OM,P,PA,PE,S,SG)",40%
844849,Other:,84,0.0,,
8448491000,Shuttles,84,0.037000000000000005,"Free (A,AU,BH,CL,CO,D,E,IL,JO,KR,MA,OM,P,PA,PE,S,SG)",40%
8448492000,Other,84,0.0,,40%
844851,"Sinkers, needles and other articles used in forming stitches:",84,0.0,,
8448511000,Latch needles,84,0.0,,"$2/1,000 + 60%"
8448512000,Spring-beard needles,84,0.0,,"$1.50/1,000 + 50%"
8448513000,Other,84,0.0,,"$1.15/1,000 + 40%"
8448515000,Other,84,0.0,,40%
844859,Other:,84,0.0,,
8448591000,Parts of knitting machines,84,0.0,,40%
8448595000,Other,84,0.0,,40%
844900,"Machinery for the manufacture or finishing of felt or nonwovens in the piece or in shapes, including machinery for making felt hats; blocks for making hats; parts thereof:",84,0.0,,
8449001000,Finishing machinery and parts thereof,84,0.026000000000000002,"Free (A,AU,BH,CL,CO,D,E,IL,JO,KR,MA,OM,P,PA,PE,S,SG)",40%
8449005000,Other,84,0.0,,40%
8450,"Household- or laundry-type washing machines, including machines which both wash and dry; parts thereof:",84,0.0,,
84501100,Fully automatic machines,84,0.013999999999999999,"Free (A,AU,BH,CL,CO,D,E,IL,JO,KR,MA,OM,P,PA,PE,S,SG)",35%
8450110010,Coin operated,84,0.0,,
8450110040,Top Loading,84,0.0,,
8450110080,Other,84,0.0,,
8450120000,Other machines with built-in centrifugal dryer,84,0.026000000000000002,"Free (A*,AU,BH,CL,CO,D,E,IL,JO,KR,MA,OM,P,PA,PE,S,SG)",40%
8450190000,Other,84,0.018000000000000002,"Free (A,AU,BH,CL,CO,D,E,IL,JO,KR,MA,OM,P,PA,PE,S,SG)",35%
84502000,"Machines, each of a dry linen capacity exceeding <il>10 kg</il>",84,0.01,"Free (A*,AU,BH,CL,CO,D,E,IL,JO,KR,MA,OM,P,PA,PE,S,SG)",35%
8450200010,Coin operated,84,0.0,,
8450200040,Top Loading,84,0.0,,
8450200080,Other,84,0.0,,
845090,Parts:,84,0.0,,
8450902000,Tubs and tub assemblies,84,0.026000000000000002,"Free (A*,AU,BH,CL,CO,D,E,IL,JO,KR,MA,OM,P,PA,PE,S,SG)",40%
8450904000,"Furniture designed to receive the machines of subheadings 8450.11 through 8450.20, inclusive",84,0.026000000000000002,"Free (A*,AU,BH,CL,CO,D,E,IL,JO,KR,MA,OM,P,PA,PE,S,SG)",40%
8450906000,Other,84,0.026000000000000002,"Free (A*,AU,BH,CL,CO,D,E,IL,JO,KR,MA,OM,P,PA,PE,S,SG)",40%
8451,"Machinery (other than machines of heading 8450) for washing, cleaning, wringing, drying, ironing, pressing (including fusing presses), bleaching, dyeing, dressing, finishing, coating or impregnating textile yarns, fabrics or made up textile articles and machines for applying the paste to the base fabric or other support used in the manufacture of floor coverings such as linoleum; machines for reeling, unreeling, folding, cutting or pinking textile fabrics; parts thereof:",84,0.0,,
8451100000,Dry-cleaning machines,84,0.0,,35%
84512100,Each of a dry linen capacity not exceeding <il>10 kg</il>,84,0.034,"Free (A,AU,BH,CL,CO,D,E,IL,JO,KR,MA,OM,P,PA,PE,S,SG)",40%
8451210010,Coin operated,84,0.0,,
8451210090,Other,84,0.0,,
84512900,Other,84,0.026000000000000002,"Free (A*,AU,BH,CL,CO,D,E,IL,JO,KR,MA,OM,P,PA,PE,S,SG)",40%
8451290010,For drying made up articles,84,0.0,,
8451290090,Other,84,0.0,,
8451300000,Ironing machines and presses (including fusing presses),84,0.0,,35%
8451400000,"Washing, bleaching or dyeing machines",84,0.035,"Free (A*,AU,BH,CL,CO,D,E,IL,JO,KR,MA,OM,P,PA,PE,S,SG)",40%
8451500000,"Machines for reeling, unreeling, folding, cutting or pinking textile fabrics",84,0.0,,40%
8451800000,Other machinery,84,0.035,"Free (A,AU,BH,CL,CO,D,E,IL,JO,KR,MA,OM,P,PA,PE,S,SG)",40%
845190,Parts:,84,0.0,,
8451903000,"Drying chambers for the drying machines of subheading 8451.21 or 8451.29, and other parts of drying machines incorporating drying chambers",84,0.035,"Free (A,AU,BH,CL,CO,D,E,IL,JO,KR,MA,OM,P,PA,PE,S,SG)",40%
8451906000,Furniture designed to receive the drying machines of subheading 8451.21 or 8451.29,84,0.035,"Free (A,AU,BH,CL,CO,D,E,IL,JO,KR,MA,OM,P,PA,PE,S,SG)",40%
84519090,Other,84,0.035,"Free (A,AU,BH,CL,CO,D,E,IL,JO,KR,MA,OM,P,PA,PE,S,SG)",40%
8451909010,"Of machines for washing, dry-cleaning, ironing, pressing or drying made up textile articles or of other household or laundry type machines",84,0.0,,
8451909020,"Of machines for bleaching, dyeing, washing or cleaning",84,0.0,,
8451909090,Other,84,0.0,,
8452,"Sewing machines, other than book-sewing machines of heading 8440; furniture, bases and covers specially designed for sewing machines; sewing machine needles; parts thereof:",84,0.0,,
84521000,Sewing machines of the household type,84,0.0,,30%
8452100010,Valued not over $20 each,84,0.0,,
8452100090,Other,84,0.0,,
845221,Automatic units:,84,0.0,,
8452211000,Specially designed to join footwear soles to uppers,84,0.0,,Free
8452219000,Other,84,0.0,,30%
845229,Other:,84,0.0,,
8452291000,Specially designed to join footwear soles to uppers,84,0.0,,Free
8452299000,Other,84,0.0,,30%
8452300000,Sewing machine needles,84,0.0,,42%
845290,"Furniture, bases and covers for sewing machines, and parts thereof; other parts of sewing machines:",84,0.0,,
8452901000,"Furniture, bases and covers for sewing machines, and parts thereof",84,0.025,"Free (A,AU,BH,CL,CO,D,E,IL,JO,KR,MA,OM,P,PA,PE,S,SG)",20%
84529020,Other parts of sewing machines,84,0.0,,30%
8452902010,Of household machines,84,0.0,,
8452902090,Other,84,0.0,,
8453,"Machinery for preparing, tanning or working hides, skins or leather or for making or repairing footwear or other articles of hides, skins or leather, other than sewing machines; parts thereof:",84,0.0,,
8453100000,"Machinery for preparing, tanning or working hides, skins or leather",84,0.0,,35%
8453200000,Machinery for making or repairing footwear,84,0.0,,Free
8453800000,Other machinery,84,0.0,,35%
845390,Parts:,84,0.0,,
8453901000,Of machinery for making or repairing footwear,84,0.0,,Free
8453905000,Other,84,0.0,,35%
8454,"Converters, ladles, ingot molds and casting machines, of a kind used in metallurgy or in metal foundries, and parts thereof:",84,0.0,,
8454100000,Converters,84,0.0,,35%
84542000,Ingot molds and ladles,84,0.0,,35%
8454200010,For steel ingots,84,0.0,,
8454200060,Other,84,0.0,,
8454200080,Ladles,84,0.0,,
84543000,Casting machines,84,0.0,,35%
8454300010,Die casting machines,84,0.0,,
8454300090,Other,84,0.0,,
84549000,Parts,84,0.0,,35%
8454900030,Of die casting machines,84,0.0,,
8454900060,Other,84,0.0,,
8454900070,Of ingot molds,84,0.0,,
8454900080,Other,84,0.0,,
8455,Metal-rolling mills and rolls therefor; parts thereof:,84,0.0,,
8455100000,Tube mills,84,0.0,,30%
8455210000,Hot or combination hot and cold,84,0.0,,30%
8455220000,Cold,84,0.0,,30%
84553000,Rolls for rolling mills,84,0.0,,30%
8455300005,"Not exceeding <il>2,268 kg</il>",84,0.0,,
8455300015,"Exceeding <il>2,268 kg</il> but not exceeding <il>6,803.9 kg</il>",84,0.0,,
8455300025,"Exceeding <il>6,803.9 kg</il>",84,0.0,,
8455300035,"Not exceeding <il>2,268 kg</il>",84,0.0,,
8455300045,"Exceeding <il>2,268 kg</il> but not exceeding <il>6,803.9 kg</il>",84,0.0,,
8455300055,"Exceeding <il>6,803.9 kg</il>",84,0.0,,
8455300065,"Not exceeding <il>2,268 kg</il>",84,0.0,,
8455300075,"Exceeding <il>2,268 kg</il> but not exceeding <il>6,803.9 kg</il>",84,0.0,,
8455300085,"Exceeding <il>6,803.9 kg</il>",84,0.0,,
845590,Other parts:,84,0.0,,
8455904000,"Castings or weldments, individually weighing less than <il>90 tons</il>, for the machines of heading 8455",84,0.0,,30%
8455908000,Other,84,0.0,,30%
8456,"Machine tools for working any material by removal of material, by laser or other light or photon beam, ultrasonic, electro-discharge, electro-chemical, electron-beam, ionic-beam or plasma arc processes; water-jet cutting machines:",84,0.0,,
845611,Operated by laser:,84,0.0,,
84561110,For working metal,84,0.035,"Free (A*,AU,BH,CL,CO,D,E,IL,JO,JP,KR,MA,OM,P,PA,PE,S,SG)",30%
8456111010,Numerically controlled,84,0.0,,
8456111050,Other,84,0.0,,
8456117000,"Of a kind used solely or principally for the manufacture of printed circuits, printed circuit assemblies, parts of heading 8517 or parts of automatic data processing units",84,0.0,,30%
8456119000,Other,84,0.024,"Free (A*,AU,BH,CL,CO,D,E,IL,JO,KR,MA,OM,P,PA,PE,S,SG)",35%
845612,Operated by other light or photon beam processes:,84,0.0,,
84561210,For working metal,84,0.035,"Free (A,AU,BH,CL,CO,D,E,IL,JO,KR,MA,OM,P,PA,PE,S,SG)",30%
8456121010,Numerically controlled,84,0.0,,
8456121050,Other,84,0.0,,
8456127000,"Of a kind used solely or principally for the manufacture of printed circuits, printed circuit assemblies, parts of heading 8517 or parts of automatic data processing",84,0.0,,30%
8456129000,Other,84,0.024,"Free (A*,AU,BH,CL,CO,D,E,IL,JO,KR,MA,OM,P,PA,PE,S,SG)",30%
845620,Operated by ultrasonic processes:,84,0.0,,
84562010,For working metal,84,0.035,"Free (A,AU,BH,CL,CO,D,E,IL,JO,KR,MA,OM,P,PA,PE,S,SG)",30%
8456201010,Numerically controlled,84,0.0,,
8456201050,Other,84,0.0,,
8456205000,Other,84,0.024,"Free (A,AU,BH,CL,CO,D,E,IL,JO,KR,MA,OM,P,PA,PE,S,SG)",35%
845630,Operated by electro-discharge processes:,84,0.0,,
84563010,For working metal,84,0.035,"Free (A,AU,BH,CL,CO,D,E,IL,JO,KR,MA,OM,P,PA,PE,S,SG)",30%
8456301020,Traveling wire (wire-cut) type,84,0.0,,
8456301050,Numerically controlled,84,0.0,,
8456301070,Other,84,0.0,,
8456305000,Other,84,0.024,"Free (A,AU,BH,CL,CO,D,E,IL,JO,KR,MA,OM,P,PA,PE,S,SG)",35%
845640,Operated by plasma arc process:,84,0.0,,
84564010,For working metal,84,0.035,"Free (A,AU,BH,CL,CO,D,E,IL,JO,KR,MA,OM,P,PA,PE,S,SG)",30%
8456401010,Numerically controlled,84,0.0,,
8456401090,Other,84,0.0,,
8456409000,Other,84,0.022000000000000002,"Free (A,AU,BH,CL,CO,D,E,IL,JO,KR,MA,OM,P,PA,PE,S,SG)",35%
8456500000,Water-jet cutting machines,84,0.025,"Free (A,AU,BH,CL,CO,D,E,IL,JO,KR,MA,OM,P,PA,PE,S,SG)",35%
845690,Other:,84,0.0,,
8456903100,For working metal,84,0.035,"Free (A,AU,BH,CL,CO,D,E,IL,JO,JP,KR,MA,OM,P,PA,PE,S,SG)",30%
8456907100,Other,84,0.022000000000000002,"Free (A,AU,BH,CL,CO,D,E,IL,JO,KR,MA,OM,P,PA,PE,S,SG)",35%
8457,"Machining centers, unit construction machines (single station) and multistation transfer machines, for working metal:",84,0.0,,
84571000,Machining centers,84,0.042,"Free (A*,AU,BH,CL,CO,D,E,IL,JO,JP,KR,MA,OM,P,PA,PE,S,SG)",30%
8457100005,Used or rebuilt,84,0.0,,
8457100015,Not over <il>660 mm</il>,84,0.0,,
8457100025,Over <il>660 mm</il>,84,0.0,,
8457100055,Not over <il>685 mm</il>,84,0.0,,
8457100060,"Over <il>685 mm</il> but not over <il>1,016 mm</il>",84,0.0,,
8457100065,"Over <il>1,016 mm</il>",84,0.0,,
8457100070,Other,84,0.0,,
8457100075,Other,84,0.0,,
84572000,Unit construction machines (single station),84,0.033,"Free (A,AU,BH,CL,CO,D,E,IL,JO,KR,MA,OM,P,PA,PE,S,SG)",30%
8457200010,Numerically controlled,84,0.0,,
8457200090,Other,84,0.0,,
84573000,Multistation transfer machines,84,0.033,"Free (A,AU,BH,CL,CO,D,E,IL,JO,JP,KR,MA,OM,P,PA,PE,S,SG)",30%
8457300010,Numerically controlled,84,0.0,,
8457300090,Other,84,0.0,,
8458,Lathes (including turning centers) for removing metal:,84,0.0,,
84581100,Numerically controlled,84,0.044000000000000004,"Free (A*,AU,BH,CL,CO,D,E,IL,JO,JP,KR,MA,OM,P,PA,PE,S,SG)",30%
8458110005,Used or rebuilt,84,0.0,,
8458110010,Multiple spindle,84,0.0,,
8458110030,With a power rating of less than <il>18.65 kW</il>,84,0.0,,
8458110050,With a power rating of <il>18.65 kW</il> or greater but not exceeding <il>37.3 kW</il>,84,0.0,,
8458110090,With a power rating exceeding <il>37.3 kW</il>,84,0.0,,
84581900,Other,84,0.044000000000000004,"Free (A,AU,BH,CL,CO,D,E,IL,JO,KR,MA,OM,P,PA,PE,S,SG)",30%
8458190010,Used or rebuilt,84,0.0,,
8458190020,"Other, valued under $3,025 each",84,0.0,,
8458190030,Engine or toolroom lathes,84,0.0,,
8458190050,Single spindle,84,0.0,,
8458190070,Multiple spindle,84,0.0,,
8458190090,Other,84,0.0,,
845891,Numerically controlled:,84,0.0,,
84589110,Vertical turret lathes,84,0.042,"Free (A*,AU,BH,CL,CO,D,E,IL,JO,JP,KR,MA,OM,P,PA,PE,S,SG)",30%
8458911040,Used or rebuilt,84,0.0,,
8458911060,Multiple spindle,84,0.0,,
8458911080,Other,84,0.0,,
84589150,Other,84,0.044000000000000004,"Free (A*,AU,BH,CL,CO,D,E,IL,JO,JP,KR,MA,OM,P,PA,PE,S,SG)",30%
8458915040,Used or rebuilt,84,0.0,,
8458915050,Multiple spindle,84,0.0,,
8458915070,Other,84,0.0,,
845899,Other:,84,0.0,,
84589910,Vertical turret lathes,84,0.042,"Free (A,AU,BH,CL,CO,D,E,IL,JO,KR,MA,OM,P,PA,PE,S,SG)",30%
8458991010,Used or rebuilt,84,0.0,,
8458991050,Other,84,0.0,,
84589950,Other,84,0.044000000000000004,"Free (A,AU,BH,CL,CO,D,E,IL,JO,KR,MA,OM,P,PA,PE,S,SG)",30%
8458995030,Used or rebuilt,84,0.0,,
8458995060,"Other, valued under $3,025 each",84,0.0,,
8458995090,Other,84,0.0,,
8459,"Machine tools (including way-type unit head machines) for drilling, boring, milling, threading or tapping by removing metal, other than lathes (including turning centers) of heading 8458:",84,0.0,,
8459100000,Way-type unit head machines,84,0.033,"Free (A,AU,BH,CL,CO,D,E,IL,JO,KR,MA,OM,P,PA,PE,S,SG)",30%
84592100,Numerically controlled,84,0.042,"Free (A,AU,BH,CL,CO,D,E,IL,JO,KR,MA,OM,P,PA,PE,S,SG)",30%
8459210040,Used or rebuilt,84,0.0,,
8459210080,Other,84,0.0,,
84592900,Other,84,0.042,"Free (A,AU,BH,CL,CO,D,E,IL,JO,KR,MA,OM,P,PA,PE,S,SG)",30%
8459290010,Used or rebuilt,84,0.0,,
8459290020,"Other, valued under $3,025 each",84,0.0,,
8459290040,Multiple spindle,84,0.0,,
8459290050,Radial,84,0.0,,
8459290070,"Upright, excluding sensitive (hand- directed), turret and deep-hole machines",84,0.0,,
8459290090,Other,84,0.0,,
84593100,Numerically controlled,84,0.042,"Free (A,AU,BH,CL,CO,D,E,IL,JO,JP,KR,MA,OM,P,PA,PE,S,SG)",30%
8459310005,Used or rebuilt,84,0.0,,
8459310010,"Table type, excluding planer type",84,0.0,,
8459310040,Other,84,0.0,,
8459310070,Other,84,0.0,,
84593900,Other,84,0.042,"Free (A,AU,BH,CL,CO,D,E,IL,JO,KR,MA,OM,P,PA,PE,S,SG)",30%
8459390010,Used or rebuilt,84,0.0,,
8459390020,"Other, valued under $3,025 each",84,0.0,,
8459390040,Horizontal spindle,84,0.0,,
8459390050,Other,84,0.0,,
84594100,Numerically controlled,84,0.042,"Free (A,AU,BH,CL,CO,D,E,IL,JO,KR,MA,OM,P,PA,PE,S,SG)",30%
8459410010,Used or rebuilt,84,0.0,,
8459410020,"Other, valued under $3,025 each",84,0.0,,
8459410030,Vertical,84,0.0,,
8459410090,Other,84,0.0,,
84594900,Other,84,0.042,"Free (A,AU,BH,CL,CO,D,E,IL,JO,KR,MA,OM,P,PA,PE,S,SG)",30%
8459490010,Used or rebuilt,84,0.0,,
8459490020,"Other, valued under $3,025 each",84,0.0,,
8459490030,Vertical,84,0.0,,
8459490090,Other,84,0.0,,
84595100,Numerically controlled,84,0.042,"Free (A,AU,BH,CL,CO,D,E,IL,JO,KR,MA,OM,P,PA,PE,S,SG)",30%
8459510040,Used or rebuilt,84,0.0,,
8459510080,Other,84,0.0,,
84595900,Other,84,0.042,"Free (A,AU,BH,CL,CO,D,E,IL,JO,KR,MA,OM,P,PA,PE,S,SG)",30%
8459590010,Used or rebuilt,84,0.0,,
8459590020,"Other, valued under $3,025 each",84,0.0,,
8459590030,Other,84,0.0,,
84596100,Numerically controlled,84,0.042,"Free (A,AU,BH,CL,CO,D,E,IL,JO,JP,KR,MA,OM,P,PA,PE,S,SG)",30%
8459610040,Used or rebuilt,84,0.0,,
8459610080,Other,84,0.0,,
84596900,Other,84,0.042,"Free (A,AU,BH,CL,CO,D,E,IL,JO,KR,MA,OM,P,PA,PE,S,SG)",30%
8459690010,Used or rebuilt,84,0.0,,
8459690020,"Other, valued under $3,025 each",84,0.0,,
8459690050,"Profile, duplicating or die sinking",84,0.0,,
8459690070,Bed type,84,0.0,,
8459690090,Other,84,0.0,,
845970,Other threading or tapping machines:,84,0.0,,
8459704000,Numerically controlled,84,0.042,"Free (A,AU,BH,CL,CO,D,E,IL,JO,KR,MA,OM,P,PA,PE,S,SG)",30%
84597080,Other,84,0.042,"Free (A,AU,BH,CL,CO,D,E,IL,JO,KR,MA,OM,P,PA,PE,S,SG)",30%
8459708040,Used or rebuilt,84,0.0,,
8459708060,"Other, valued under $3,025 each",84,0.0,,
8459708080,Other,84,0.0,,
8460,"Machine tools for deburring, sharpening, grinding, honing, lapping, polishing or otherwise finishing metal or cermets by means of grinding stones, abrasives or polishing products, other than gear cutting, gear grinding or gear finishing machines of heading 8461:",84,0.0,,
84601200,Numerically controlled,84,0.044000000000000004,"Free (A*,AU,BH,CL,CO,D,E,IL,JO,KR,MA,OM,P,PA,PE,S,SG)",30%
8460120040,Used or rebuilt,84,0.0,,
8460120080,Other,84,0.0,,
84601901,Other,84,0.044000000000000004,"Free (A,AU,BH,CL,CO,D,E,IL,JO,KR,MA,OM,P,PA,PE,S,SG)",30%
8460190105,Used or rebuilt,84,0.0,,
8460190110,Reciprocating-table type,84,0.0,,
8460190150,Other,84,0.0,,
84602200,"Centerless grinding machines, numerically controlled",84,0.044000000000000004,"Free (A,AU,BH,CL,CO,D,E,IL,JO,KR,MA,OM,P,PA,PE,S,SG)",30%
8460220040,Used or rebuilt,84,0.0,,
8460220080,Other,84,0.0,,
84602300,"Other cylindrical grinding machines, numerically controlled",84,0.044000000000000004,"Free (A,AU,BH,CO,D,E,IL,JO,KR,MA,OM,P,PA,PE,S,SG)",30%
8460230040,Used or rebuilt,84,0.0,,
8460230055,"External cylindrical, including universal",84,0.0,,
8460230065,Internal cylindrical,84,0.0,,
8460230075,Other,84,0.0,,
84602400,"Other, numerically controlled",84,0.044000000000000004,"Free (A,AU,BH,CL,CO,D,E,IL,JO,KR,MA,OM,P,PA,PE,S,SG)",30%
8460240005,Used or rebuilt,84,0.0,,
8460240080,Other,84,0.0,,
84602901,Other,84,0.044000000000000004,"Free (A,AU,BH,CL,CO,D,E,IL,JO,JP,KR,MA,OM,P,PA,PE,S,SG)",30%
8460290105,Used or rebuilt,84,0.0,,
8460290110,"External cylindrical, including universal",84,0.0,,
8460290130,Internal cylindrical,84,0.0,,
8460290150,Other,84,0.0,,
84603100,Numerically controlled,84,0.044000000000000004,"Free (A,AU,BH,CL,CO,D,E,IL,JO,KR,MA,OM,P,PA,PE,S,SG)",30%
8460310040,Used or rebuilt,84,0.0,,
8460310080,Other,84,0.0,,
84603900,Other,84,0.044000000000000004,"Free (A*,AU,BH,CL,CO,D,E,IL,JO,KR,MA,OM,P,PA,PE,S,SG)",30%
8460390010,Used or rebuilt,84,0.0,,
8460390020,"Other, valued under $3,025 each",84,0.0,,
8460390050,Other,84,0.0,,
846040,Honing or lapping machines:,84,0.0,,
84604040,Numerically controlled,84,0.044000000000000004,"Free (A,AU,BH,CL,CO,D,E,IL,JO,KR,MA,OM,P,PA,PE,S,SG)",30%
8460404010,Used or rebuilt,84,0.0,,
8460404060,Other,84,0.0,,
84604080,Other,84,0.044000000000000004,"Free (A,AU,BH,CL,CO,D,E,IL,JO,KR,MA,OM,P,PA,PE,S,SG)",30%
8460408010,Used or rebuilt,84,0.0,,
8460408020,"Other, valued under $3,025 each",84,0.0,,
8460408080,Other,84,0.0,,
846090,Other:,84,0.0,,
84609040,Numerically controlled,84,0.044000000000000004,"Free (A,AU,BH,CL,CO,D,E,IL,JO,JP,KR,MA,OM,P,PA,PE,S,SG)",30%
8460904010,Used or rebuilt,84,0.0,,
8460904060,Other,84,0.0,,
84609080,Other,84,0.044000000000000004,"Free (A,AU,BH,CL,CO,D,E,IL,JO,KR,MA,OM,P,PA,PE,S,SG)",30%
8460908010,Used or rebuilt,84,0.0,,
8460908020,"Other, valued under $3,025 each",84,0.0,,
8460908080,Other,84,0.0,,
8461,"Machine tools for planing, shaping, slotting, broaching, gear cutting, gear grinding or gear finishing, sawing, cutting-off and other machine tools working by removing metal or cermets, not elsewhere specified or included:",84,0.0,,
846120,Shaping or slotting machines:,84,0.0,,
8461204000,Numerically controlled,84,0.044000000000000004,"Free (A,AU,BH,CL,CO,D,E,IL,JO,KR,MA,OM,P,PA,PE,S,SG)",30%
84612080,Other,84,0.044000000000000004,"Free (A,AU,BH,CL,CO,D,E,IL,JO,KR,MA,OM,P,PA,PE,S,SG)",30%
8461208030,Used or rebuilt,84,0.0,,
8461208070,"Other, valued under $3,025 each",84,0.0,,
8461208090,Other,84,0.0,,
846130,Broaching machines:,84,0.0,,
84613040,Numerically controlled,84,0.044000000000000004,"Free (A,AU,BH,CL,CO,D,E,IL,JO,KR,MA,OM,P,PA,PE,S,SG)",30%
8461304020,Used or rebuilt,84,0.0,,
8461304060,Other,84,0.0,,
84613080,Other,84,0.044000000000000004,"Free (A,AU,BH,CL,CO,D,E,IL,JO,KR,MA,OM,P,PA,PE,S,SG)",30%
8461308020,Used or rebuilt,84,0.0,,
8461308040,"Other, valued under $3,025 each",84,0.0,,
8461308080,Other,84,0.0,,
846140,"Gear cutting, gear grinding or gear finishing machines:",84,0.0,,
84614010,Gear cutting machines,84,0.057999999999999996,"Free (A,AU,BH,CL,CO,D,E,IL,JO,KR,MA,OM,P,PA,PE,S,SG)2.9% (JP)",40%
8461401010,Used or rebuilt,84,0.0,,
8461401020,For bevel gears,84,0.0,,
8461401030,Gear hobbers,84,0.0,,
8461401040,Gear shapers,84,0.0,,
8461401060,Other,84,0.0,,
84614050,Gear grinding or finishing machines,84,0.044000000000000004,"Free (A,AU,BH,CL,CO,D,E,IL,JO,KR,MA,OM,P,PA,PE,S,SG)",30%
8461405020,Used or rebuilt,84,0.0,,
8461405040,"Other, valued under $3,025 each",84,0.0,,
8461405050,For bevel gears,84,0.0,,
8461405070,Other,84,0.0,,
846150,Sawing or cutting-off machines:,84,0.0,,
84615040,Numerically controlled,84,0.044000000000000004,"Free (A*,AU,BH,CL,CO,D,E,IL,JO,KR,MA,OM,P,PA,PE,S,SG)",30%
8461504010,Used or rebuilt,84,0.0,,
8461504050,Other,84,0.0,,
84615080,Other,84,0.044000000000000004,"Free (A*,AU,BH,CL,CO,D,E,IL,JO,JP,KR,MA,OM,P,PA,PE,S,SG)",30%
8461508010,Used or rebuilt,84,0.0,,
8461508020,"Other, valued under $3,025 each",84,0.0,,
8461508090,Other,84,0.0,,
846190,Other:,84,0.0,,
84619030,Numerically controlled,84,0.044000000000000004,"Free (A,AU,BH,CL,CO,D,E,IL,JO,KR,MA,OM,P,PA,PE,S,SG)",30%
8461903020,Used or rebuilt,84,0.0,,
8461903040,Other,84,0.0,,
8461903060,Used or rebuilt,84,0.0,,
8461903080,Other,84,0.0,,
84619060,Other,84,0.044000000000000004,"Free (A,AU,BH,CL,CO,D,E,IL,JO,KR,MA,OM,P,PA,PE,S,SG)",30%
8461906010,Used or rebuilt,84,0.0,,
8461906020,"Other, valued under $3,025 each",84,0.0,,
8461906030,Other,84,0.0,,
8461906040,Used or rebuilt,84,0.0,,
8461906050,"Other, valued under $3,025 each",84,0.0,,
8461906090,Other,84,0.0,,
8462,"Machine tools (including presses) for working metal by forging, hammering or die forging (excluding rolling mills); machine tools (including presses, slitting lines and cut-to-length lines) for working metal by bending, folding, straightening, flattening, shearing, punching, notching or nibbling (excluding drawbenches); presses for working metal or metal carbides, not specified above:",84,0.0,,
84621100,Closed die forging machines,84,0.044000000000000004,"Free (A,AU,BH,CL,CO,D,E,IL,JO,JP,KR,MA,OM,P,PA,PE,S,SG)",30%
8462110010,Used or rebuilt,84,0.0,,
8462110030,Headers and upsetters,84,0.0,,
8462110035,Mechanical transfer presses,84,0.0,,
8462110055,Other,84,0.0,,
84621900,Other,84,0.044000000000000004,"Free (A,AU,BH,CL,CO,D,E,IL,JO,JP,KR,MA,OM,P,PA,PE,S,SG)",30%
8462190010,Used or rebuilt,84,0.0,,
8462190030,Headers and upsetters,84,0.0,,
8462190035,Mechanical transfer presses,84,0.0,,
8462190055,Other,84,0.0,,
84622200,Profile forming machines,84,0.044000000000000004,"Free (A,AU,BH,CL,CO,D,E,IL,JO,JP,KR,MA,OM,P,PA,PE,S,SG)",30%
8462220010,Used or rebuilt,84,0.0,,
8462220020,"Other, valued under $3,025 each",84,0.0,,
8462220050,Other,84,0.0,,
84622300,Numerically controlled press brakes,84,0.044000000000000004,"Free (A,AU,BH,CL,CO,D,E,IL,JO,JP,KR,MA,OM,P,PA,PE,S,SG)",30%
8462230010,Used or rebuilt,84,0.0,,
8462230020,"Other, valued under $3,025 each",84,0.0,,
8462230050,Other,84,0.0,,
84622400,Numerically controlled panel benders,84,0.044000000000000004,"Free (A,AU,BH,CL,CO,D,E,IL,JO,JP,KR,MA,OM,P,PA,PE,S,SG)",30%
8462240010,Used or rebuilt,84,0.0,,
8462240020,"Other, valued under $3,025 each",84,0.0,,
8462240050,Other,84,0.0,,
84622500,Numerically controlled roll forming machines,84,0.044000000000000004,"Free (A,AU,BH,CL,CO,D,E,IL,JO,JP,KR,MA,OM,P,PA,PE,S,SG)",30%
8462250010,Used or rebuilt,84,0.0,,
8462250020,"Other, valued under $3,025 each",84,0.0,,
8462250050,Other,84,0.0,,
84622600,"Other numerically controlled bending, folding, straightening or flattening machines",84,0.044000000000000004,"Free (A,AU,BH,CL,CO,D,E,IL,JO,JP,KR,MA,OM,P,PA,PE,S,SG)",30%
8462260010,Used or rebuilt,84,0.0,,
8462260020,"Other, valued under $3,025 each",84,0.0,,
8462260050,Other,84,0.0,,
84622900,Other,84,0.044000000000000004,"Free (A,AU,BH,CL,CO,D,E,IL,JO,JP,KR,MA,OM,P,PA,PE,S,SG)",30%
8462290010,Used or rebuilt,84,0.0,,
8462290020,"Other, valued under $3,025 each",84,0.0,,
8462290030,Press brakes,84,0.0,,
8462290040,Bending rolls,84,0.0,,
8462290050,Other,84,0.0,,
846232,Slitting lines and cut-to-length lines:,84,0.0,,
84623210,Numerically controlled,84,0.044000000000000004,"Free (A*,AU,BH,CL,CO,D,E,IL,JO,KR,MA,OM,P,PA,PE,S,SG)",30%
8462321040,Used or rebuilt,84,0.0,,
8462321080,Other,84,0.0,,
84623250,Other,84,0.044000000000000004,"Free (A*,AU,BH,CL,CO,D,E,IL,JO,KR,MA,OM,P,PA,PE,S,SG)",30%
8462325010,Used or rebuilt,84,0.0,,
8462325020,"Other, valued under $3,025 each",84,0.0,,
8462325050,Other,84,0.0,,
84623300,Numerically controlled shearing machines,84,0.044000000000000004,"Free (A*,AU,BH,CL,CO,D,E,IL,JO,KR,MA,OM,P,PA,PE,S,SG)",30%
8462330040,Used or rebuilt,84,0.0,,
8462330080,Other,84,0.0,,
84623900,Other,84,0.044000000000000004,"Free (A*,AU,BH,CL,CO,D,E,IL,JO,KR,MA,OM,P,PA,PE,S,SG)",30%
8462390010,Used or rebuilt,84,0.0,,
8462390020,"Other, valued under $3,025 each",84,0.0,,
8462390050,Other,84,0.0,,
84624200,Numerically controlled,84,0.044000000000000004,"Free (A*,AU,BH,CL,CO,D,E,IL,JO,JP,KR,MA,OM,P,PA,PE,S,SG)",30%
8462420040,Used or rebuilt,84,0.0,,
8462420080,Other,84,0.0,,
84624900,Other,84,0.044000000000000004,"Free (A,AU,BH,CL,CO,D,E,IL,JO,KR,MA,OM,P,PA,PE,S,SG)",30%
8462490010,Used or rebuilt,84,0.0,,
8462490020,"Other, valued under $3,025 each",84,0.0,,
8462490050,Other,84,0.0,,
84625100,Numerically controlled,84,0.044000000000000004,"Free (A*,AU,BH,CL,CO,D,E,IL,JO,JP,KR,MA,OM,P,PA,PE,S,SG)",30%
8462510040,Used or rebuilt,84,0.0,,
8462510080,Other,84,0.0,,
84625900,Other,84,0.044000000000000004,"Free (A,AU,BH,CL,CO,D,E,IL,JO,KR,MA,OM,P,PA,PE,S,SG)",30%
8462590010,Used or rebuilt,84,0.0,,
8462590020,"Other, valued under $3,025 each",84,0.0,,
8462590050,Other,84,0.0,,
846261,Hydraulic presses:,84,0.0,,
84626140,Numerically controlled,84,0.044000000000000004,"Free (A,AU,BH,CL,CO,D,E,IL,JO,KR,MA,OM,P,PA,PE,S,SG)",30%
8462614030,Used or rebuilt,84,0.0,,
8462614060,Other,84,0.0,,
84626180,Other,84,0.044000000000000004,"Free (A,AU,BH,CL,CO,D,E,IL,JO,KR,MA,OM,P,PA,PE,S,SG)",30%
8462618030,Used or rebuilt,84,0.0,,
8462618090,Other,84,0.0,,
846262,Mechanical presses:,84,0.0,,
84626240,Numerically controlled,84,0.044000000000000004,"Free (A,AU,BH,CL,CO,D,E,IL,JO,KR,MA,OM,P,PA,PE,S,SG)",30%
8462624010,Used or rebuilt,84,0.0,,
8462624030,Other,84,0.0,,
84626250,Other,84,0.044000000000000004,"Free (A,AU,BH,CL,CO,D,E,IL,JO,JP,KR,MA,OM,P,PA,PE,S,SG)",30%
8462625030,Used or rebuilt,84,0.0,,
8462625090,Other,84,0.0,,
846263,Servo-presses:,84,0.0,,
84626340,Numerically controlled,84,0.044000000000000004,"Free (A,AU,BH,CL,CO,D,E,IL,JO,KR,MA,OM,P,PA,PE,S,SG)",30%
8462634010,Used or rebuilt,84,0.0,,
8462634030,Other,84,0.0,,
84626380,Other,84,0.044000000000000004,"Free (A,AU,BH,CL,CO,D,E,IL,JO,JP,KR,MA,OM,P,PA,PE,S,SG)",30%
8462638010,Used or rebuilt,84,0.0,,
8462638020,"Other, valued under $3,025 each",84,0.0,,
8462638060,Other,84,0.0,,
846269,Other:,84,0.0,,
84626940,Numerically controlled,84,0.044000000000000004,"Free (A,AU,BH,CL,CO,D,E,IL,JO,KR,MA,OM,P,PA,PE,S,SG)",30%
8462694010,Used or rebuilt,84,0.0,,
8462694030,Other,84,0.0,,
84626980,Other,84,0.044000000000000004,"Free (A,AU,BH,CL,CO,D,E,IL,JO,JP,KR,MA,OM,P,PA,PE,S,SG)",30%
8462698010,Used or rebuilt,84,0.0,,
8462698020,"Other, valued under $3,025 each",84,0.0,,
8462698060,Other,84,0.0,,
846290,Other:,84,0.0,,
84629040,Numerically controlled,84,0.044000000000000004,"Free (A,AU,BH,CL,CO,D,E,IL,JO,KR,MA,OM,P,PA,PE,S,SG)",30%
8462904010,Used or rebuilt,84,0.0,,
8462904030,Other,84,0.0,,
84629080,Other,84,0.044000000000000004,"Free (A,AU,BH,CL,CO,D,E,IL,JO,JP,KR,MA,OM,P,PA,PE,S,SG)",30%
8462908010,Used or rebuilt,84,0.0,,
8462908020,"Other, valued under $3,025 each",84,0.0,,
8462908060,Other,84,0.0,,
8463,"Other machine tools for working metal or cermets, without removing material:",84,0.0,,
84631000,"Drawbenches for bars, tubes, profiles, wire or the like",84,0.044000000000000004,"Free (A,AU,BH,CL,CO,D,E,IL,JO,KR,MA,OM,P,PA,PE,S,SG)",30%
8463100040,Used or rebuilt,84,0.0,,
8463100060,"Other, valued under $3,025 each",84,0.0,,
8463100080,Other,84,0.0,,
84632000,Thread rolling machines,84,0.044000000000000004,"Free (A,AU,BH,CL,CO,D,E,IL,JO,KR,MA,OM,P,PA,PE,S,SG)",30%
8463200040,Used or rebuilt,84,0.0,,
8463200060,"Other, valued under $3,025 each",84,0.0,,
8463200080,Other,84,0.0,,
84633000,Machines for working wire,84,0.044000000000000004,"Free (A,AU,BH,CL,CO,D,E,IL,JO,JP,KR,MA,OM,P,PA,PE,S,SG)",30%
8463300040,Used or rebuilt,84,0.0,,
8463300060,"Other, valued under $3,025 each",84,0.0,,
8463300080,Other,84,0.0,,
84639000,Other,84,0.044000000000000004,"Free (A,AU,BH,CL,CO,D,E,IL,JO,JP,KR,MA,OM,P,PA,PE,S,SG)",30%
8463900040,Used or rebuilt,84,0.0,,
8463900060,"Other, valued under $3,025 each",84,0.0,,
8463900080,Other,84,0.0,,
8464,"Machine tools for working stone, ceramics, concrete, asbestos-cement or like mineral materials or for cold working glass:",84,0.0,,
8464100100,Sawing machines,84,0.0,,35%
84642001,Grinding or polishing machines,84,0.02,"Free (A,AU,BH,CL,CO,D,E,IL,JO,KR,MA,OM,P,PA,PE,S,SG)",35%
8464200110,Glass-working machines,84,0.0,,
8464200120,Other,84,0.0,,
84649001,Other,84,0.02,"Free (A,AU,BH,CL,CO,D,E,IL,JO,KR,MA,OM,P,PA,PE,S,SG)",35%
8464900110,Glass-working machines,84,0.0,,
8464900120,Other,84,0.0,,
8465,"Machine tools (including machines for nailing, stapling, glueing or otherwise assembling) for working wood, cork, bone, hard rubber, hard plastics or similar hard materials:",84,0.0,,
84651000,Machines which can carry out different types of machining operations without tool change between such operations,84,0.024,"Free (A,AU,BH,CL,CO,D,E,IL,JO,KR,MA,OM,P,PA,PE,S,SG)",35%
8465100005,Tenoners,84,0.0,,
8465100015,Other,84,0.0,,
8465100025,Numerically controlled,84,0.0,,
8465100035,Other,84,0.0,,
8465100045,Other,84,0.0,,
8465100050,Other,84,0.0,,
846520,Machining centers:,84,0.0,,
8465201000,"For sawing, planing, milling, molding, grinding, sanding, polishing, drilling or mortising",84,0.03,"Free (A,AU,BH,CL,CO,D,E,IL,JO,KR,MA,OM,P,PA,PE,S,SG)",35%
8465205000,For bending or assembling,84,0.028999999999999998,"Free (A,AU,BH,CL,CO,D,E,IL,JO,KR,MA,OM,P,PA,PE,S,SG)",35%
8465208000,Other,84,0.024,"Free (A,AU,BH,CL,CO,D,E,IL,JO,KR,MA,OM,P,PA,PE,S,SG)",35%
84659100,Sawing machines,84,0.03,"Free (A,AU,BH,CL,CO,D,E,IL,JO,KR,MA,OM,P,PA,PE,S,SG)",35%
8465910002,Rip saws,84,0.0,,
8465910006,Panel saws,84,0.0,,
8465910012,Band saws,84,0.0,,
8465910016,Cross-cut and optimizing saws,84,0.0,,
8465910022,Other,84,0.0,,
8465910027,Sawmill machines,84,0.0,,
8465910032,Radial arm saws,84,0.0,,
8465910036,Tilting arbor table saws,84,0.0,,
8465910041,Rip saws,84,0.0,,
8465910047,Miter saws,84,0.0,,
8465910049,Scroll saws,84,0.0,,
8465910053,"Valued under $3,000 each",84,0.0,,
8465910058,Other,84,0.0,,
8465910064,"Valued under $1,000 each",84,0.0,,
8465910068,Other,84,0.0,,
8465910074,Cross-cut and optimizing saws,84,0.0,,
8465910078,Other,84,0.0,,
8465910091,Other,84,0.0,,
84659200,"Planing, milling or molding (by cutting) machines",84,0.03,"Free (A,AU,BH,CL,CO,D,E,IL,JO,JP,KR,MA,OM,P,PA,PE,S,SG)",35%
8465920003,Moulders,84,0.0,,
8465920006,Routers,84,0.0,,
8465920016,Other,84,0.0,,
8465920026,"Valued under $3,000 each",84,0.0,,
8465920029,Other,84,0.0,,
8465920031,Moulders,84,0.0,,
8465920034,"Valued under $1,000 each",84,0.0,,
8465920037,Other,84,0.0,,
8465920042,"Valued under $1,000 each",84,0.0,,
8465920046,Other,84,0.0,,
8465920051,"Valued under $3,000 each",84,0.0,,
8465920055,Numerically controlled,84,0.0,,
8465920058,Other,84,0.0,,
8465920062,"Valued under $1,000 each",84,0.0,,
8465920066,Other,84,0.0,,
8465920072,Other,84,0.0,,
8465920091,Other,84,0.0,,
84659300,"Grinding, sanding or polishing machines",84,0.03,"Free (A,AU,BH,CL,CO,D,E,IL,JO,JP,KR,MA,OM,P,PA,PE,S,SG)",35%
8465930004,"Belt sanders, for a belt width <il>60 cm</il> or wider",84,0.0,,
8465930012,Other,84,0.0,,
8465930030,"Valued under $1,000 each",84,0.0,,
8465930045,"Valued $1,000 or over but under $3,000 each",84,0.0,,
8465930055,Other,84,0.0,,
8465930065,"Belt sanders, for a belt width <il>60 cm</il> or wider",84,0.0,,
8465930075,Other,84,0.0,,
8465930091,Other,84,0.0,,
84659400,Bending or assembling machines,84,0.028999999999999998,"Free (A,AU,BH,CL,CO,D,E,IL,JO,KR,MA,OM,P,PA,PE,S,SG)",35%
8465940005,Used or rebuilt,84,0.0,,
8465940015,Doweling machines,84,0.0,,
8465940025,Edgebanding machines,84,0.0,,
8465940035,Laminating machines,84,0.0,,
8465940045,Cold,84,0.0,,
8465940055,Other,84,0.0,,
8465940065,Other,84,0.0,,
8465940091,Other,84,0.0,,
84659500,Drilling or mortising machines,84,0.03,"Free (A,AU,BH,CL,CO,D,E,IL,JO,KR,MA,OM,P,PA,PE,S,SG)",35%
8465950005,Numerically controlled boring machines,84,0.0,,
8465950010,Other,84,0.0,,
8465950020,Numerically controlled,84,0.0,,
8465950035,"Valued under $3,000 each",84,0.0,,
8465950045,Other,84,0.0,,
8465950055,"Valued under $1,000 each",84,0.0,,
8465950060,Other,84,0.0,,
8465950065,Other,84,0.0,,
8465950091,Other,84,0.0,,
84659600,"Splitting, slicing or paring machines",84,0.024,"Free (A,AU,BH,CL,CO,D,E,IL,JO,KR,MA,OM,P,PA,PE,S,SG)",35%
8465960015,Log splitters,84,0.0,,
8465960025,Chippers,84,0.0,,
8465960030,Hogs,84,0.0,,
8465960040,Other,84,0.0,,
8465960051,Other,84,0.0,,
84659902,Other,84,0.024,"Free (A,AU,BH,CL,CO,D,E,IL,JO,KR,MA,OM,P,PA,PE,S,SG)",35%
8465990210,Debarkers,84,0.0,,
8465990220,Lathes,84,0.0,,
8465990230,Other,84,0.0,,
8465990250,Other,84,0.0,,
8466,"Parts and accessories suitable for use solely or principally with the machines of headings 8456 to 8465, including work or tool holders, self-opening dieheads, dividing heads and other special attachments for the machines; tool holders for any type of tool for working in the hand:",84,0.0,,
84661001,Tool holders and self-opening dieheads,84,0.039,"Free (A*,AU,BH,CL,CO,D,E,IL,JO,JP,KR,MA,OM,P,PA,PE,S,SG)",45%
8466100110,Tool holders for forming-type or cutting-type dies,84,0.0,,
8466100130,Holders for replaceable cutting or drill inserts,84,0.0,,
8466100175,Other,84,0.0,,
846620,Work holders:,84,0.0,,
84662010,For machine tools used in cutting gears,84,0.046,"Free (A*,AU,BH,CL,CO,D,E,IL,JO,KR,MA,OM,P,PA,PE,S,SG)",45%
8466201010,Jigs and fixtures,84,0.0,,
8466201090,Other,84,0.0,,
84662080,Other,84,0.037000000000000005,"Free (A*,AU,BH,CL,CO,D,E,IL,JO,JP,KR,MA,OM,P,PA,PE,S,SG)",35%
8466208020,Jigs and fixtures,84,0.0,,
8466208035,Other,84,0.0,,
8466208040,Jigs and fixtures,84,0.0,,
8466208065,Other,84,0.0,,
846630,Dividing heads and other special attachments for machines:,84,0.0,,
8466301000,Dividing heads,84,0.037000000000000005,"Free (A,AU,BH,CL,CO,D,E,IL,JO,KR,MA,OM,P,PA,PE,S,SG)",35%
84663060,Machines,84,0.028999999999999998,"Free (A,AU,BH,CL,CO,D,E,IL,JO,KR,MA,OM,P,PA,PE,S,SG)",35%
8466306040,For woodworking machines,84,0.0,,
8466306085,Other,84,0.0,,
8466308000,Other,84,0.08,"Free (A,AU,BH,CL,CO,D,E,IL,JO,KR,MA,OM,P,PA,PE,S,SG)",45%
846691,For machines of heading 8464:,84,0.0,,
8466911000,"Cast-iron parts not advanced beyond cleaning, and machined only for the removal of fins, gates, sprues and risers or to permit location in finishing machinery",84,0.0,,10%
8466915000,Other,84,0.0,,35%
846692,For machines of heading 8465:,84,0.0,,
8466921000,"Cast-iron parts not advanced beyond cleaning, and machined only for the removal of fins, gates, sprues and risers or to permit location in finishing machinery",84,0.0,,10%
84669250,Other,84,0.047,"Free (A*,AU,BH,CL,CO,D,E,IL,JO,JP,KR,MA,OM,P,PA,PE,S,SG)",35%
8466925010,Of woodworking machines,84,0.0,,
8466925090,Other,84,0.0,,
846693,For machines of headings 8456 to 8461:,84,0.0,,
8466931100,For water-jet cutting machines,84,0.0,,35%
84669315,"Cast-iron parts not advanced beyond cleaning, and machined only for the removal of fins, gates, sprues and risers or to permit location in finishing machinery",84,0.0,,10%
8466931530,"For metalworking machine tools for cutting, grinding or finishing gears",84,0.0,,
8466931560,Other,84,0.0,,
8466933000,Of metalworking machine tools for cutting gears,84,0.057999999999999996,"Free (A*,AU,BH,CL,CO,D,E,IL,JO,KR,MA,OM,P,PA,PE,S,SG)",45%
84669353,Other,84,0.047,"Free (A*,AU,BH,CL,CO,D,E,IL,JO,JP,KR,MA,OM,P,PA,PE,S,SG)",35%
8466935340,Of metalworking machine tools for grinding or finishing gears,84,0.0,,
8466935385,Other,84,0.0,,
84669360,"Cast-iron parts not advanced beyond cleaning, and machined only for the removal of fins, gates, sprues and risers or to permit location in finishing machinery",84,0.0,,10%
8466936030,"For metalworking machine tools for cutting, grinding or finishing gears",84,0.0,,
8466936060,Other,84,0.0,,
8466937500,Of metalworking machine tools for cutting gears,84,0.057999999999999996,"Free (A*,AU,BH,CL,CO,D,E,IL,JO,KR,MA,OM,P,PA,PE,S,SG)",45%
8466939600,"Parts and accessories of machine tools of subheadings 8456.11, 8456.12, 8456.30, 8457.10, 8458.91, 8459.21, 8459.61 and 8461.50, of a kind used solely or principally for the manufacture of printed circuits, printed circuit assemblies, parts of heading 8517 or parts of automatic data processing machines",84,0.0,,35%
84669398,Other,84,0.047,"Free (A*,AU,BH,CL,CO,D,E,IL,JO,JP,KR,MA,OM,P,PA,PE,S,SG)",35%
8466939840,Of metalworking machine tools for grinding or finishing gears,84,0.0,,
8466939885,Other,84,0.0,,
846694,For machines of heading 8462 or 8463:,84,0.0,,
8466942000,"Bed, base, table, column, cradle, frame, bolster, crown, slide, rod, tailstock and headstock castings, weldments or fabrications",84,0.0,,10%
8466944000,Other,84,0.0,,10%
84669465,"Bed, base, table, column, cradle, frame, bolster, crown, slide, rod, tailstock and headstock castings, weldments or fabrications",84,0.047,"Free (A*,AU,BH,CL,CO,D,E,IL,JO,KR,MA,OM,P,PA,PE,S,SG)",35%
8466946540,Parts of mechanical transfer presses,84,0.0,,
8466946585,Other,84,0.0,,
84669485,Other,84,0.047,"Free (A*,AU,BH,CL,CO,D,E,IL,JO,JP,KR,MA,OM,P,PA,PE,S,SG)",35%
8466948540,Parts of mechanical transfer presses,84,0.0,,
8466948585,Other,84,0.0,,
8467,"Tools for working in the hand, pneumatic, hydraulic or with self-contained electric or nonelectric motor, and parts thereof:",84,0.0,,
846711,Rotary type (including combined rotary-percussion):,84,0.0,,
84671110,Suitable for metal working,84,0.045,"Free (A,AU,BH,CL,CO,D,E,IL,JO,KR,MA,OM,P,PA,PE,S,SG)",30%
8467111040,"Grinders, polishers and sanders",84,0.0,,
8467111080,Other,84,0.0,,
84671150,Other,84,0.0,,27.5%
8467115010,Rock drills,84,0.0,,
8467115020,"Drills, other than rock drills; screwdrivers and nut runners",84,0.0,,
8467115040,"Wrenches, other than nut runners",84,0.0,,
8467115090,Other,84,0.0,,
846719,Other:,84,0.0,,
8467191000,Suitable for metal working,84,0.045,"Free (A*,AU,BH,CL,CO,D,E,IL,JO,KR,MA,OM,P,PA,PE,S,SG)",30%
84671950,Other,84,0.0,,27.5%
8467195030,"Pneumatic, hand-held force feed lubricating equipment",84,0.0,,
8467195060,Designed for use in construction or mining,84,0.0,,
8467195090,Other,84,0.0,,
84672100,Drills of all kinds,84,0.017,"Free (A,AU,BH,CL,CO,D,E,IL,JO,KR,MA,OM,P,PA,PE,S,SG)",35%
8467210010,Battery powered,84,0.0,,
8467210030,With a chuck capacity of less than <il>12.7 mm</il>,84,0.0,,
8467210050,Other,84,0.0,,
8467210070,"Other, including hammer drills",84,0.0,,
84672200,Saws,84,0.0,,35%
8467220020,Circular,84,0.0,,
8467220040,Chain,84,0.0,,
8467220070,Reciprocating and jig,84,0.0,,
8467220090,Other,84,0.0,,
84672900,Other,84,0.0,,35%
8467290010,"Angle grinders, sanders and polishers",84,0.0,,
8467290015,Orbital and straight-line sanders,84,0.0,,
8467290025,Belt sanders,84,0.0,,
8467290035,Other,84,0.0,,
8467290040,"Screwdrivers, nut-runners and impact wrenches",84,0.0,,
8467290055,Routers,84,0.0,,
8467290065,Planers,84,0.0,,
8467290070,Grass and weed trimmers/edgers,84,0.0,,
8467290080,Electropneumatic rotary and percussion hammers,84,0.0,,
8467290085,Electric scissors,84,0.0,,
8467290090,Other,84,0.0,,
8467810000,Chain saws,84,0.0,,27.5%
846789,Other:,84,0.0,,
8467891000,Suitable for metal working,84,0.0,,30%
84678950,Other,84,0.0,,27.5%
8467895030,Gasoline powered grass and weed trimmers and brushcutters,84,0.0,,
8467895060,"Other, designed for use in agriculture or horticulture",84,0.0,,
8467895090,Other,84,0.0,,
8467910100,Of chain saws,84,0.0,,27.5%
84679200,Of pneumatic tools,84,0.0,,27.5%
8467920050,"Of pneumatic, hand-held force feed lubricating equipment",84,0.0,,
8467920090,Other,84,0.0,,
84679901,Other,84,0.0,,27.5%
8467990130,Of gasoline powered grass and weed trimmers and brushcutters,84,0.0,,
8467990190,Other,84,0.0,,
8468,"Machinery and apparatus for soldering, brazing or welding, whether or not capable of cutting, other than those of heading 8515; gas-operated surface tempering machines and appliances; parts thereof:",84,0.0,,
8468100000,Hand-held blow torches,84,0.028999999999999998,"Free (A,AU,BH,CL,CO,D,E,IL,JO,KR,MA,OM,P,PA,PE,S,SG)",45%
846820,Other gas-operated machinery and apparatus:,84,0.0,,
8468201000,Hand-directed or -controlled,84,0.039,"Free (A,AU,BH,CL,CO,D,E,IL,JO,KR,MA,OM,P,PA,PE,S,SG)",45%
8468205000,Other,84,0.0,,27.5%
846880,Other machinery and apparatus:,84,0.0,,
8468801000,Hand-directed or -controlled,84,0.028999999999999998,"Free (A,AU,BH,CL,CO,D,E,IL,JO,KR,MA,OM,P,PA,PE,S,SG)",45%
8468805000,Other,84,0.0,,27.5%
846890,Parts:,84,0.0,,
8468901000,Of hand-directed or -controlled machinery and apparatus,84,0.028999999999999998,"Free (A,AU,BH,CL,CO,D,E,IL,JO,KR,MA,OM,P,PA,PE,S,SG)",45%
8468905000,Other,84,0.0,,27.5%
8470,"Calculating machines and pocket-size data recording, reproducing and displaying machines with calculating functions; accounting machines, postage-franking machines, ticket-issuing machines and similar machines, incorporating a calculating device; cash registers:",84,0.0,,
84701000,"Electronic calculators capable of operation without an external source of electric power and pocket-size data recording, reproducing and displaying machines with calculating functions",84,0.0,,35%
8470100040,Display only,84,0.0,,
8470100060,Other,84,0.0,,
8470210000,Incorporating a printing device,84,0.0,,35%
8470290000,Other,84,0.0,,35%
8470300000,Other calculating machines,84,0.0,,35%
84705000,Cash registers,84,0.0,,35%
8470500020,Point-of-sale terminals,84,0.0,,
8470500060,Other,84,0.0,,
84709001,Other,84,0.0,,35%
8470900110,Postage-franking machines,84,0.0,,
8470900190,Other,84,0.0,,
8471,"Automatic data processing machines and units thereof; magnetic or optical readers, machines for transcribing data onto data media in coded form and machines for processing such data, not elsewhere specified or included:",84,0.0,,
8471300100,"Portable automatic data processing machines, weighing not more than <il>10 kg</il>, consisting of at least a central processing unit, a keyboard and a display",84,0.0,,35%
84714101,"Comprising in the same housing at least a central processing unit and an input and output unit, whether or not combined",84,0.0,,35%
8471410110,With cathode-ray tube (CRT),84,0.0,,
8471410150,Other,84,0.0,,
8471490000,"Other, entered in the form of systems",84,0.0,,35%
84715001,"Processing units other than those of subheading 8471.41 or 8471.49, whether or not containing in the same housing one or two of the following types of unit: storage units, input units, output units",84,0.0,,35%
8471500110,With cathode-ray tube (CRT),84,0.0,,
8471500150,Other,84,0.0,,
847160,"Input or output units, whether or not containing storage units in the same housing:",84,0.0,,
84716010,Combined input/output units,84,0.0,,35%
8471601010,With cathode-ray tube (CRT),84,0.0,,
8471601050,Other,84,0.0,,
8471602000,Keyboards,84,0.0,,35%
8471607000,Units suitable for physical incorporation into automatic data processing machines or units thereof,84,0.0,,35%
8471608000,Optical scanners and magnetic ink recognition devices,84,0.0,,35%
84716090,Other,84,0.0,,35%
8471609030,Card key and magnetic media entry devices,84,0.0,,
8471609050,Other,84,0.0,,
847170,Storage units:,84,0.0,,
8471701000,Without read-write unit assembled therein; read-write units entered separately,84,0.0,,35%
8471702000,Units for physical incorporation into automatic data processing machines or units thereof,84,0.0,,35%
8471703000,Other,84,0.0,,35%
84717040,"Not assembled in cabinets, and without attached external power supply",84,0.0,,35%
8471704035,Flexible (floppy) magnetic disk drive units,84,0.0,,
8471704065,Hard magnetic disk drive units,84,0.0,,
8471704095,Other,84,0.0,,
84717050,Other,84,0.0,,35%
8471705035,Flexible (floppy) magnetic disk drive units,84,0.0,,
8471705065,Hard magnetic disk drive units,84,0.0,,
8471705095,Other,84,0.0,,
8471706000,"Not assembled in cabinets for placing on a table, desk, wall, floor or similar place",84,0.0,,35%
8471709000,Other,84,0.0,,35%
847180,Other units of automatic data processing machines:,84,0.0,,
8471801000,Control or adapter units,84,0.0,,35%
8471804000,Units suitable for physical incorporation into automatic data processing machines,84,0.0,,35%
8471809000,Other,84,0.0,,35%
8471900000,Other,84,0.0,,35%
8472,"Other office machines (for example, hectograph or stencil duplicating machines, addressing machines, automatic banknote dispensers, coin-sorting machines, coin-counting or wrapping machines, pencil-sharpening machines, perforating or stapling machines):",84,0.0,,
8472100000,Duplicating machines,84,0.0,,25%
8472300000,"Machines for sorting or folding mail or for inserting mail in envelopes or bands, machines for opening, closing or sealing mail and machines for affixing or canceling postage stamps",84,0.018000000000000002,"Free (A,AU,BH,CL,CO,D,E,IL,JO,KR,MA,OM,P,PA,PE,S,SG)",35%
847290,Other:,84,0.0,,
8472900500,Addressing machines and address plate embossing machines,84,0.0,,25%
8472901000,Automatic teller machines,84,0.0,,35%
8472904000,Pencil sharpeners,84,0.0,,40%
8472905000,Typewriters other than printers of heading 8443; word processing machines,84,0.0,,35%
8472906000,"Numbering, dating and check-writing machines",84,0.0,,25%
84729090,Other,84,0.0,,35%
8472909040,Desktop note counters and note scanners,84,0.0,,
8472909060,Other currency and coin handling machines,84,0.0,,
8472909080,Other,84,0.0,,
8473,"Parts and accessories (other than covers, carrying cases and the like) suitable for use solely or principally with machines of headings 8470 to 8472:",84,0.0,,
8473210000,"Of the electronic calculating machines of subheading 8470.10, 8470.21 or 8470.29",84,0.0,,35%
8473290000,Other,84,0.0,,35%
847330,Parts and accessories of the machines of heading 8471:,84,0.0,,
84733011,Printed circuit assemblies,84,0.0,,35%
8473301140,Memory modules suitable for use solely or principally with machines of heading 8471,84,0.0,,
8473301180,Other,84,0.0,,
8473302000,"Parts and accessories, including face plates and lock latches, of printed circuit assemblies",84,0.0,,35%
8473305100,Other,84,0.0,,35%
8473309100,Other,84,0.0,,35%
847340,Parts and accessories of the machines of heading 8472:,84,0.0,,
8473401000,Printed circuit assemblies for automatic teller machines of subheading 8472.90.10,84,0.0,,35%
8473402100,Printed circuit assemblies of word processing machines of 8472.90.50,84,0.0,,45%
8473404100,Other parts and accessories of the machines of 8472.90.50,84,0.02,"Free (A,AU,BH,CL,CO,D,E,IL,JO,KR,MA,OM,P,PA,PE,S,SG)",45%
8473408600,Other,84,0.0,,35%
847350,Parts and accessories equally suitable for use with machines of two or more of the headings 8470 to 8472:,84,0.0,,
8473503000,Printed circuit assemblies,84,0.0,,35%
8473506000,"Parts and accessories, including face plates and lock latches, of printed circuit assemblies",84,0.0,,35%
8473509000,Other,84,0.0,,35%
8474,"Machinery for sorting, screening, separating, washing, crushing, grinding, mixing or kneading earth, stone, ores or other mineral substances, in solid (including powder or paste) form; machinery for agglomerating, shaping or molding solid mineral fuels, ceramic paste, unhardened cements, plastering materials or other mineral products in powder or paste form; machines for forming foundry molds of sand; parts thereof:",84,0.0,,
84741000,"Sorting, screening, separating or washing machines",84,0.0,,35%
8474100010,Portable,84,0.0,,
8474100090,Stationary,84,0.0,,
84742000,Crushing or grinding machines,84,0.0,,35%
8474200010,Portable,84,0.0,,
8474200050,Crushing,84,0.0,,
8474200070,Other,84,0.0,,
8474310000,Concrete or mortar mixers,84,0.0,,35%
8474320000,Machines for mixing mineral substances with bitumen,84,0.0,,35%
8474390000,Other,84,0.0,,35%
84748000,Other machinery,84,0.0,,35%
8474800010,"Designed for use with ceramic paste, unhardened cements and plastering materials",84,0.0,,
8474800015,Other,84,0.0,,
8474800020,Machines for forming foundry molds of sand,84,0.0,,
8474800080,Other,84,0.0,,
84749000,Parts,84,0.0,,35%
8474900010,"Of sorting, screening, separating or washing machines",84,0.0,,
8474900020,Of crushing or grinding machines,84,0.0,,
8474900050,Of mixing or kneading machines,84,0.0,,
8474900090,Other,84,0.0,,
8475,"Machines for assembling electric or electronic lamps, tubes or flashbulbs, in glass envelopes; machines for manufacturing or hot working glass or glassware; parts thereof:",84,0.0,,
8475100000,"Machines for assembling electric or electronic lamps, tubes or flashbulbs, in glass envelopes",84,0.0,,35%
8475210000,Machines for making optical fibers and preforms thereof,84,0.0,,35%
8475290000,Other,84,0.0,,35%
847590,Parts:,84,0.0,,
8475901000,"Of machines for assembling electric or electronic lamps, tubes or flashbulbs, in glass envelopes",84,0.0,,35%
8475909000,Other,84,0.0,,35%
8476,"Automatic goods-vending machines (for example, postage stamp, cigarette, food or beverage machines), including money-changing machines; parts thereof:",84,0.0,,
8476210000,Incorporating heating or refrigerating devices,84,0.0,,35%
8476290000,Other,84,0.0,,35%
8476810000,Incorporating heating or refrigerating devices,84,0.0,,35%
8476890000,Other,84,0.0,,35%
8476900000,Parts,84,0.0,,35%
8477,"Machinery for working rubber or plastics or for the manufacture of products from these materials, not specified or included elsewhere in this chapter; parts thereof:",84,0.0,,
847710,Injection-molding machines:,84,0.0,,
8477103000,For manufacturing shoes,84,0.0,,Free
8477104000,For use in the manufacture of optical media,84,0.0,,35%
84771090,Other,84,0.031,"Free (A*,AU,BH,CL,CO,D,E,IL,JO,JP,KR,MA,OM,P,PA,PE,S,SG)",35%
8477109015,Of a type used for processing rubber or other thermosetting materials,84,0.0,,
8477109030,With a clamp force less than <il>50 tons</il>,84,0.0,,
8477109040,With a clamp force equal to or greater than <il>50 tons</il> and less than <il>300 tons</il>,84,0.0,,
8477109050,With a clamp force equal to or greater than <il>300 tons</il> and less than <il>750 tons</il>,84,0.0,,
8477109060,With a clamp force equal to or greater than <il>750 tons</il>,84,0.0,,
84772000,Extruders,84,0.031,"Free (A*,AU,BH,CL,CO,D,E,IL,JO,JP,KR,MA,OM,P,PA,PE,S,SG)",35%
8477200005,Single screw,84,0.0,,
8477200015,"Other, including multiple screw",84,0.0,,
8477200035,Less than <il>6.4 cm</il>,84,0.0,,
8477200045,<il>6.4 cm</il> or greater,84,0.0,,
8477200055,With a screw size less than <il>6.4 cm</il>,84,0.0,,
8477200065,With a screw size <il>6.4 cm</il> or greater,84,0.0,,
8477300000,Blow-molding machines,84,0.031,"Free (A*,AU,BH,CL,CO,D,E,IL,JO,JP,KR,MA,OM,P,PA,PE,S,SG)",35%
8477400100,Vacuum-molding machines and other thermoforming machines,84,0.031,"Free (A,AU,BH,CL,CO,D,E,IL,JO,KR,MA,OM,P,PA,PE,S,SG)",35%
84775100,For molding or retreading pneumatic tires or for molding or otherwise forming inner tubes,84,0.031,"Free (A*,AU,BH,CL,CO,D,E,IL,JO,KR,MA,OM,P,PA,PE,S,SG)",35%
8477510010,For molding or retreading pneumatic tires,84,0.0,,
8477510090,Other,84,0.0,,
8477590100,Other,84,0.031,"Free (A*,AU,BH,CL,CO,D,E,IL,JO,JP,KR,MA,OM,P,PA,PE,S,SG)",35%
8477800100,Other machinery,84,0.031,"Free (A,AU,BH,CL,CO,D,E,IL,JO,JP,KR,MA,OM,P,PA,PE,S,SG)",35%
847790,Parts:,84,0.0,,
84779025,"Base, bed, platen, clamp cylinder, ram, and injection castings, weldments and fabrications",84,0.031,"Free (A,AU,BH,CL,CO,D,E,IL,JO,KR,MA,OM,P,PA,PE,S,SG)",35%
8477902540,"Of machines of subheading 8477.10.30, 8477.10.40 or 8477.10.90",84,0.0,,
8477902580,Other,84,0.0,,
8477904501,Barrel screws,84,0.031,"Free (A,AU,BH,CL,CO,D,E,IL,JO,KR,MA,OM,P,PA,PE,S,SG)",35%
8477906500,Hydraulic assemblies incorporating more than one of the following: manifold; valves; pump; oil cooler,84,0.031,"Free (A,AU,BH,CL,CO,D,E,IL,JO,KR,MA,OM,P,PA,PE,S,SG)",35%
84779086,Other,84,0.031,"Free (A,AU,BH,CL,CO,D,E,IL,JO,JP,KR,MA,OM,P,PA,PE,S,SG)",35%
8477908601,Of injection-molding machines,84,0.0,,
8477908620,Of extruders,84,0.0,,
8477908630,Of blow-molding machines,84,0.0,,
8477908640,Of machines for forming pneumatic tires,84,0.0,,
8477908695,Other parts,84,0.0,,
8478,"Machinery for preparing or making up tobacco, not specified or included elsewhere in this chapter; parts thereof:",84,0.0,,
84781000,Machinery,84,0.0,,35%
8478100010,Industrial cigarette-making machines,84,0.0,,
8478100090,Other,84,0.0,,
84789000,Parts,84,0.0,,35%
8478900010,Parts of industrial cigarette-making machines,84,0.0,,
8478900090,Other,84,0.0,,
8479,"Machines and mechanical appliances having individual functions, not specified or included elsewhere in this chapter; parts thereof:",84,0.0,,
84791000,"Machinery for public works, building or the like",84,0.0,,35%
8479100040,For concrete,84,0.0,,
8479100060,For bituminous material,84,0.0,,
8479100080,Other,84,0.0,,
8479200000,Machinery for the extraction or preparation of animal or fixed vegetable or microbial fats or oils,84,0.0,,35%
8479300000,Presses for the manufacture of particle board or fiber building board of wood or other ligneous materials and other machinery for treating wood or cork,84,0.0,,35%
8479400000,Rope or cable-making machines,84,0.0,,35%
8479500000,"Industrial robots, not elsewhere specified or included",84,0.025,"Free (A*,AU,BH,CL,CO,D,E,IL,JO,KR,MA,OM,P,PA,PE,S,SG)",35%
8479600000,Evaporative air coolers,84,0.027999999999999997,"Free (A,AU,BH,CL,CO,D,E,IL,JO,KR,MA,OM,P,PA,PE,S,SG)",40%
8479710000,Of a kind used in airports,84,0.0,,35%
8479790000,Other,84,0.0,,35%
8479810000,"For treating metal, including electric wire coil-winders",84,0.0,,35%
84798200,"Mixing, kneading, crushing, grinding, screening, sifting, homogenizing, emulsifying or stirring machines",84,0.0,,35%
8479820040,"Mixing, kneading or stirring machines",84,0.0,,
8479820080,Other,84,0.0,,
8479830000,Cold isostatic presses,84,0.025,"Free (A,AU,B,BH,CL,CO,D,E,IL,JO,KR,MA,OM,P,PA,PE,S,SG)",35%
847989,Other:,84,0.0,,
8479891000,Air humidifiers or dehumidifiers,84,0.0,,40%
8479892000,Floor polishers,84,0.0,,35%
8479895500,Trash compactors,84,0.027999999999999997,"Free (A,AU,BH,CL,CO,D,E,IL,JO,KR,MA,OM,P,PA,PE,S,SG)",40%
8479896500,Other,84,0.027999999999999997,"Free (A,AU,BH,C,CL,CO,D,E,IL,JO,KR,MA,OM,P,PA,PE,S,SG)",40%
8479897000,Carpet sweepers,84,0.0,,35%
8479898300,Machines for the manufacturing of optical media,84,0.0,,35%
8479899200,Automated electronic component placement machines of a kind used solely or principally for the manufacture of printed circuit assemblies,84,0.0,,35%
84798995,Other,84,0.025,"Free (A,AU,BH,C,CL,CO,D,E,IL,JO,KR,MA,OM,P,PA,PE,S,SG)",35%
8479899510,"Machines for preparing biological samples for the subsequent diagnosis, testing, or analysis, as described in statistical note 7 to this chapter",84,0.0,,
8479899550,Oil and gas field wireline and downhole equipment,84,0.0,,
8479899560,Automotive maintenance machines,84,0.0,,
8479899565,Hydraulic accumulators,84,0.0,,
8479899585,Ultrasonic cleaning devices,84,0.0,,
8479899595,Industrial vibrators,84,0.0,,
8479899596,Tow behind sweepers,84,0.0,,
8479899597,Other,84,0.0,,
847990,Parts:,84,0.0,,
8479904100,Of articles of subheading 8479.89.10 or 8479.89.70,84,0.0,,35%
8479904500,Frame assemblies incorporating more than one of the following: baseplate; side frames; power screws; front plates,84,0.0,,35%
8479905500,Ram assemblies incorporating a ram wrapper and/or ram cover,84,0.0,,35%
8479906500,Container assemblies incorporating more than one of the following: container bottom; container wrapper; slide track; container front,84,0.0,,35%
8479907500,Cabinets or cases,84,0.0,,35%
8479908500,Other,84,0.0,,35%
84799095,Other,84,0.0,,35%
8479909510,"Of machines for preparing biological samples for the subsequent diagnosis, testing, or analysis, as described in statistical note 7 to this chapter",84,0.0,,
8479909530,Of industrial robots,84,0.0,,
8479909550,"Of machinery for public works, building or the like",84,0.0,,
8479909560,Of presses for the manufacture of particle board or fiber building board of wood or other ligneous materials and other machinery for treating wood or cork,84,0.0,,
8479909565,Of machines or mechanical appliances for treating metal,84,0.0,,
8479909591,Other,84,0.0,,
8480,"Molding boxes for metal foundry; mold bases; molding patterns; molds for metal (other than ingot molds), metal carbides, glass, mineral materials, rubber or plastics:",84,0.0,,
8480100000,Molding boxes for metal foundry,84,0.038,"Free (A,AU,BH,CL,CO,D,E,IL,JO,KR,MA,OM,P,PA,PE,S,SG)",45%
8480200000,Mold bases,84,0.034,"Free (A,AU,BH,CL,CO,D,E,IL,JO,KR,MA,OM,P,PA,PE,S,SG)",50%
8480300000,Molding patterns,84,0.027999999999999997,"Free (A*,AU,BH,CL,CO,D,E,IL,JO,KR,MA,OM,P,PA,PE,S,SG)",50%
8480410000,Injection or compression types,84,0.031,"Free (A,AU,BH,CL,CO,D,E,IL,JO,JP,KR,MA,OM,P,PA,PE,S,SG)",35%
84804900,Other types,84,0.031,"Free (A,AU,BH,CL,CO,D,E,IL,JO,KR,MA,OM,P,PA,PE,S,SG)",35%
8480490010,Molds for centrifugal casting of ductile iron pipe,84,0.0,,
8480490090,Other,84,0.0,,
84805000,Molds for glass,84,0.0,,35%
8480500010,Injection or compression types,84,0.0,,
8480500090,Other types,84,0.0,,
84806000,Molds for mineral materials,84,0.0,,35%
8480600010,Injection or compression types,84,0.0,,
8480600090,Other types,84,0.0,,
848071,Injection or compression types:,84,0.0,,
8480711000,For shoe machinery,84,0.0,,Free
8480714000,For the manufacture of semiconductor devices,84,0.0,,Free
84807180,Other,84,0.031,"Free (A,AU,BH,CL,CO,D,E,IL,JO,JP,KR,MA,OM,P,PA,PE,S,SG)",35%
8480718020,"Temporarily imported for testing, calibration, examination, repair or alteration; returned after being exported for testing, calibration, examination, repair or alteration",84,0.0,,
8480718045,Injection type,84,0.0,,
8480718060,Compression type,84,0.0,,
848079,Other types:,84,0.0,,
8480791000,Molds for shoe machinery,84,0.0,,Free
84807990,Other,84,0.031,"Free (A*,AU,BH,CL,CO,D,E,IL,JO,JP,KR,MA,OM,P,PA,PE,S,SG)",35%
8480799010,Blow molds,84,0.0,,
8480799020,Bladder operated molds,84,0.0,,
8480799090,Other molds,84,0.0,,
8481,"Taps, cocks, valves and similar appliances, for pipes, boiler shells, tanks, vats or the like, including pressure-reducing valves and thermostatically controlled valves; parts thereof:",84,0.0,,
84811000,Pressure-reducing valves,84,0.02,"Free (A,AU,B,BH,CL,CO,D,E,IL,JO,KR,MA,OM,P,PA,PE,S,SG)",35%
8481100020,Hydraulic fluid power type,84,0.0,,
8481100040,Filter-regulators and filter-regulator-lubricators,84,0.0,,
8481100060,Other,84,0.0,,
8481100090,Other,84,0.0,,
84812000,Valves for oleohydraulic or pneumatic transmissions,84,0.02,"Free (A*,AU,B,BH,CL,CO,D,E,IL,JO,KR,MA,OM,P,PA,PE,S,SG)",35%
8481200010,Manual type,84,0.0,,
8481200020,Solenoid type,84,0.0,,
8481200030,Other,84,0.0,,
8481200040,Flow control type,84,0.0,,
8481200050,Other,84,0.0,,
8481200060,Solenoid type,84,0.0,,
8481200070,Other,84,0.0,,
8481200080,Other,84,0.0,,
848130,Check (nonreturn) valves:,84,0.0,,
84813010,Of copper,84,0.03,"Free (A*,AU,B,BH,CL,CO,D,E,IL,JO,KR,MA,OM,P,PA,PE,S,SG)",45%
8481301010,Having a pressure rating under <il>850 kPa</il>,84,0.0,,
8481301090,Having a pressure rating of <il>850 kPa</il> or over,84,0.0,,
84813020,Of iron or steel,84,0.05,"Free (A*,AU,B,BH,CL,CO,D,E,IL,JO,KR,MA,OM,P,PA,PE,S,SG)",45%
8481302010,Of iron,84,0.0,,
8481302090,Of steel,84,0.0,,
8481309000,Other,84,0.03,"Free (A*,AU,B,BH,CL,CO,D,E,IL,JO,KR,MA,OM,P,PA,PE,S,SG)",45%
8481400000,Safety or relief valves,84,0.02,"Free (A,AU,B,BH,CL,CO,D,E,IL,JO,KR,MA,OM,P,PA,PE,S,SG)",35%
848180,Other appliances:,84,0.0,,
84818010,Of copper,84,0.04,"Free (A*,AU,B,BH,CL,CO,D,E,IL,JO,KR,MA,OM,P,PA,PE,S,SG)",47%
8481801020,Bath and shower faucets,84,0.0,,
8481801030,Sink and lavatory faucets,84,0.0,,
8481801040,Supply stops,84,0.0,,
8481801050,Other,84,0.0,,
8481801060,Gate type,84,0.0,,
8481801070,Globe type,84,0.0,,
8481801075,Plug type,84,0.0,,
8481801085,Ball type,84,0.0,,
8481801090,Butterfly type,84,0.0,,
8481801095,Other,84,0.0,,
84818030,Of iron or steel,84,0.055999999999999994,"Free (A*,AU,B,BH,CL,CO,D,E,IL,JO,KR,MA,OM,P,PA,PE,S,SG)2.8% (JP)",45%
8481803010,Gate type,84,0.0,,
8481803015,Globe type,84,0.0,,
8481803020,Plug type,84,0.0,,
8481803025,Ball type,84,0.0,,
8481803030,Butterfly type,84,0.0,,
8481803040,Other,84,0.0,,
8481803055,Gate type,84,0.0,,
8481803060,Globe type,84,0.0,,
8481803065,Plug type,84,0.0,,
8481803070,Ball type,84,0.0,,
8481803075,Butterfly type,84,0.0,,
8481803090,Other,84,0.0,,
84818050,Of other materials,84,0.03,"Free (A*,AU,B,BH,CL,CO,D,E,IL,JO,KR,MA,OM,P,PA,PE,S,SG)",45%
8481805040,Pressure spray can valves,84,0.0,,
8481805060,"Bath, shower, sink and lavatory faucets",84,0.0,,
8481805090,Other,84,0.0,,
84818090,Other,84,0.02,"Free (A*,AU,B,BH,CL,CO,D,E,IL,JO,KR,MA,OM,P,PA,PE,S,SG)",35%
8481809005,Solenoid valves,84,0.0,,
8481809010,Ballcock mechanisms,84,0.0,,
8481809015,"Regulator valves, self-operating, for controlling variables such as temperature, pressure, flow and liquid level",84,0.0,,
8481809020,Control valves designed for proportional operation by a signal from a control device,84,0.0,,
8481809025,Other,84,0.0,,
8481809030,With hydraulic actuators,84,0.0,,
8481809035,Control valves designed for proportional operation by a signal from a control device,84,0.0,,
8481809040,Other,84,0.0,,
8481809045,With thermostatic actuators,84,0.0,,
8481809050,Other,84,0.0,,
848190,Parts:,84,0.0,,
8481901000,Of copper,84,0.03,"Free (A*,AU,B,BH,CL,CO,D,E,IL,JO,KR,MA,OM,P,PA,PE,S,SG)",47%
8481903000,Of iron or steel,84,0.05,"Free (A*,AU,B,BH,CL,CO,D,E,IL,JO,KR,MA,OM,P,PA,PE,S,SG)",45%
8481905000,Of other materials,84,0.03,"Free (A*,AU,B,BH,CL,CO,D,E,IL,JO,KR,MA,OM,P,PA,PE,S,SG)",45%
84819090,Other,84,0.0,,35%
8481909020,Valve bodies,84,0.0,,
8481909040,Other,84,0.0,,
8481909060,Valve bodies,84,0.0,,
8481909081,Steel forgings,84,0.0,,
8481909085,Other,84,0.0,,
8482,"Ball or roller bearings, and parts thereof:",84,0.0,,
848210,Ball bearings:,84,0.0,,
84821010,Ball bearings with integral shafts,84,0.024,"Free (A+,AU,B,BH,CL,CO,D,E,IL,JO,KR,MA,OM,P,PA,PE,S,SG)",35%
8482101040,Bearings having an outside diameter not over <il>30 mm</il>,84,0.0,,
8482101080,Other,84,0.0,,
84821050,Other,84,0.09,"Free (A+,AU,B,BH,CL,CO,D,E,IL,JO,KR,MA,OM,P,PA,PE,S,SG)",67%
8482105004,Unground bearings,84,0.0,,
8482105008,Thrust bearings,84,0.0,,
8482105012,Linear bearings,84,0.0,,
8482105016,Flanged,84,0.0,,
8482105024,Other,84,0.0,,
8482105028,Other,84,0.0,,
8482105032,Maximum or full capacity type,84,0.0,,
8482105036,Under <il>9 mm</il>,84,0.0,,
8482105044,<il>9 mm</il> and over but not over <il>30 mm</il>,84,0.0,,
8482105048,Over <il>30 mm</il> but not over <il>52 mm</il>,84,0.0,,
8482105052,Over <il>52 mm</il> but not over <il>100 mm.</il>,84,0.0,,
8482105056,Over <il>100 mm</il>,84,0.0,,
8482105060,Double row ball bearings,84,0.0,,
8482105064,Other,84,0.0,,
8482105068,Other,84,0.0,,
84822000,"Tapered roller bearings, including cone and tapered roller assemblies",84,0.057999999999999996,"Free (A+,AU,B,BH,CL,CO,D,E,IL,JO,KR,MA,OM,P,PA,PE,S,SG)",67%
8482200020,Flanged,84,0.0,,
8482200030,Other,84,0.0,,
8482200040,With cups having an outside diameter not exceeding <il>102 mm</il>,84,0.0,,
8482200061,With cups having an outside diameter exceeding 102 mm but not exceeding 203 mm,84,0.0,,
8482200064,With cups having an outside diameter exceeding 203 mm but not exceeding 305 mm,84,0.0,,
8482200067,Other,84,0.0,,
8482200070,For cups having an outside diameter not exceeding <il>102 mm</il>,84,0.0,,
8482200081,For cups having an outside diameter exceeding 102 mm but not exceeding 203 mm,84,0.0,,
8482200090,Other,84,0.0,,
84823000,Spherical roller bearings,84,0.057999999999999996,"Free (A*,AU,B,BH,CL,CO,D,E,IL,JO,KR,MA,OM,P,PA,PE,S,SG)",67%
8482300040,Single row,84,0.0,,
8482300080,Other,84,0.0,,
8482400000,"Needle roller bearings, including cage and needle roller assemblies",84,0.057999999999999996,"Free (A,AU,B,BH,CL,CO,D,E,IL,JO,KR,MA,OM,P,PA,PE,S,SG)",67%
8482500000,"Other cylindrical roller bearings, including cage and roller assemblies",84,0.057999999999999996,"Free (A,AU,B,BH,CL,CO,D,E,IL,JO,KR,MA,OM,P,PA,PE,S,SG)",67%
84828000,"Other, including combined ball/roller bearings",84,0.057999999999999996,"Free (A,AU,B,BH,CL,CO,D,E,IL,JO,KR,MA,OM,P,PA,PE,S,SG)",67%
8482800020,Combined ball and spherical roller bearings,84,0.0,,
8482800040,Combined ball and needle roller bearings,84,0.0,,
8482800060,Combined ball and other cylindrical roller bearings,84,0.0,,
8482800080,Other,84,0.0,,
84829100,"Balls, needles and rollers",84,0.044000000000000004,"Free (A+,AU,B,BH,CL,CO,D,E,IL,JO,KR,MA,OM,P,PA,PE,S,SG)",45%
8482910010,Of alloy steel,84,0.0,,
8482910015,Of copper or copper alloys as described in statistical note 8 to this chapter,84,0.0,,
8482910030,Other,84,0.0,,
8482910040,Needles,84,0.0,,
8482910050,Tapered rollers,84,0.0,,
8482910070,Spherical rollers,84,0.0,,
8482910080,Other cylindrical rollers,84,0.0,,
8482910090,Other,84,0.0,,
848299,Other:,84,0.0,,
8482990500,For ball bearings,84,0.099,"Free (A+,AU,B,BH,CL,CO,D,E,IL,JO,KR,MA,OM,P,PA,PE,S,SG)",67%
84829915,For tapered roller bearings,84,0.057999999999999996,"Free (A+,AU,B,BH,CL,CO,D,E,IL,JO,KR,MA,OM,P,PA,PE,S,SG)",67%
8482991550,Having an outside diameter not exceeding 203 mm,84,0.0,,
8482991570,Other,84,0.0,,
8482991580,Other,84,0.0,,
84829925,Other,84,0.057999999999999996,"Free (A+,AU,B,BH,CL,CO,D,E,IL,JO,KR,MA,OM,P,PA,PE,S,SG)",67%
8482992520,For spherical roller bearings,84,0.0,,
8482992540,For needle bearings,84,0.0,,
8482992560,For other cylindrical roller bearings,84,0.0,,
8482992580,Other,84,0.0,,
8482993500,Parts of ball bearings (including parts of ball bearings with integral shafts),84,0.099,"Free (A+,AU,B,BH,CL,CO,D,E,IL,JO,KR,MA,OM,P,PA,PE,S,SG)",67%
8482994500,Parts of tapered roller bearings,84,0.057999999999999996,"Free (A+,AU,B,BH,CL,CO,D,E,IL,JO,KR,MA,OM,P,PA,PE,S,SG)",67%
84829965,Other,84,0.057999999999999996,"Free (A+,AU,B,BH,CL,CO,D,E,IL,JO,KR,MA,OM,P,PA,PE,S,SG)",67%
8482996510,For spherical roller bearings,84,0.0,,
8482996530,For needle bearings,84,0.0,,
8482996560,For other cylindrical roller bearings,84,0.0,,
8482996595,Other,84,0.0,,
8483,"Transmission shafts (including camshafts and crankshafts) and cranks; bearing housings, housed bearings and plain shaft bearings; gears and gearing; ball or roller screws; gear boxes and other speed changers, including torque converters; flywheels and pulleys, including pulley blocks; clutches and shaft couplings (including universal joints); parts thereof:",84,0.0,,
848310,Transmission shafts (including camshafts and crankshafts) and cranks:,84,0.0,,
84831010,Designed for use solely or principally with spark-ignition internal combustion piston engines or rotary engines,84,0.025,"Free (A,AU,B,BH,C,CL,CO,D,E,IL,JO,KR,MA,OM,P,PA,PE,S,SG)",35%
8483101010,For motorcycles,84,0.0,,
8483101030,Other,84,0.0,,
8483101050,Other,84,0.0,,
84831030,Other,84,0.025,"Free (A,AU,B,BH,C,CL,CO,D,E,IL,JO,KR,MA,OM,P,PA,PE,S,SG)",35%
8483103010,For vehicles of chapter 87,84,0.0,,
8483103050,Other,84,0.0,,
8483105000,Other transmission shafts and cranks,84,0.0,,30%
848320,"Housed bearings, incorporating ball or roller bearings:",84,0.0,,
84832040,"Flange, take-up, cartridge and hanger units",84,0.045,"Free (A,AU,BH,CL,CO,D,E,IL,JO,KR,MA,OM,P,PA,PE,S,SG)",45%
8483204040,Incorporating ball bearings,84,0.0,,
8483204080,Incorporating roller bearings,84,0.0,,
84832080,Other,84,0.045,"Free (A+,AU,BH,CL,CO,D,E,IL,JO,KR,MA,OM,P,PA,PE,S,SG)",45%
8483208040,Incorporating ball bearings,84,0.0,,
8483208080,Incorporating roller bearings,84,0.0,,
848330,Bearing housings; plain shaft bearings:,84,0.0,,
84833040,"Flange, take-up, cartridge and hanger units",84,0.045,"Free (A,AU,BH,C,CL,CO,D,E,IL,JO,KR,MA,OM,P,PA,PE,S,SG)",45%
8483304040,Ball or roller bearing type,84,0.0,,
8483304080,Other,84,0.0,,
84833080,Other,84,0.045,"Free (A+,AU,BH,C,CL,CO,D,E,IL,JO,KR,MA,OM,P,PA,PE,S,SG)",45%
8483308020,Ball or roller bearing type,84,0.0,,
8483308040,Other,84,0.0,,
8483308055,Rod end bearings,84,0.0,,
8483308065,Other,84,0.0,,
8483308071,Of copper or copper alloys,84,0.0,,
8483308079,Other,84,0.0,,
8483308081,Of copper or copper alloys,84,0.0,,
8483308089,Other,84,0.0,,
848340,"Gears and gearing, other than toothed wheels, chain sprockets and other transmission elements entered separately; ball or roller screws; gear boxes and other speed changers, including torque converters:",84,0.0,,
8483401000,Torque converters,84,0.0,,27.5%
84834030,"Imported for use with machines for making cellulosic pulp, paper or paperboard",84,0.0,,27.5%
8483403040,Fixed ratio speed changers,84,0.0,,
8483403080,Other,84,0.0,,
84834050,Other,84,0.025,"Free (A*,AU,BH,C,CL,CO,D,E,IL,JO,KR,MA,OM,P,PA,PE,S,SG)",27.5%
8483405010,Fixed ratio speed changers,84,0.0,,
8483405020,"Gear boxes and speed changers for wind turbines, as described in statistical note 9 to this chapter",84,0.0,,
8483405080,Other,84,0.0,,
8483407000,Other speed changers,84,0.039,"Free (A*,AU,BH,C,CL,CO,D,E,IL,JO,KR,MA,OM,P,PA,PE,S,SG)",$4.50 each + 65%
8483408000,Ball or roller screws,84,0.038,"Free (A*,AU,B,BH,C,CL,CO,D,E,IL,JO,KR,MA,OM,P,PA,PE,S,SG)",45%
8483409000,"Gears and gearing, other than toothed wheels, chain sprockets and other transmission elements entered separately",84,0.025,"Free (A*,AU,B,BH,C,CL,CO,D,E,IL,JO,KR,MA,OM,P,PA,PE,S,SG)",27.5%
848350,"Flywheels and pulleys, including pulley blocks:",84,0.0,,
8483504000,"Gray-iron awning or tackle pulleys, not over <il>6.4 cm</il> in wheel diameter",84,0.057,"Free (A*,AU,BH,C,CL,CO,D,E,IL,JO,KR,MA,OM,P,PA,PE,S,SG)",45%
8483506000,Flywheels,84,0.027999999999999997,"Free (A*,AU,B,BH,C,CL,CO,D,E,IL,JO,KR,MA,OM,P,PA,PE,S,SG)",45%
84835090,Other,84,0.027999999999999997,"Free (A*,AU,B,BH,C,CL,CO,D,E,IL,JO,KR,MA,OM,P,PA,PE,S,SG)",45%
8483509040,Grooved pulleys,84,0.0,,
8483509080,Other,84,0.0,,
848360,Clutches and shaft couplings (including universal joints):,84,0.0,,
84836040,Clutches and universal joints,84,0.027999999999999997,"Free (A,AU,B,BH,C,CL,CO,D,E,IL,JO,KR,MA,OM,P,PA,PE,S,SG)",45%
8483604040,Clutches,84,0.0,,
8483604080,Universal joints,84,0.0,,
8483608000,Other,84,0.027999999999999997,"Free (A+,AU,B,BH, C,CL,CO,D,E, IL,JO,KR,MA,OM,P,PA,PE,S,SG)",45%
848390,"Toothed wheels, chain sprockets and other transmission elements presented separately; parts:",84,0.0,,
84839010,Chain sprockets and parts thereof,84,0.027999999999999997,"Free (A*,AU,B,BH,C,CL,CO,D,E,IL,JO,KR,MA,OM,P,PA,PE,S,SG)",45%
8483901010,Forged,84,0.0,,
8483901050,Other,84,0.0,,
8483902000,"Parts of flange, take-up, cartridge and hanger units",84,0.045,"Free (A*,AU,BH,C,CL,CO,D,E,IL,JO,KR,MA,OM,P,PA,PE,S,SG)",45%
8483903000,Other,84,0.045,"Free (A+,AU,BH,C,CL,CO,D,E,IL,JO,KR,MA,OM,P,PA,PE,S,SG)",45%
84839050,"Parts of gearing, gear boxes and other speed changers",84,0.025,"Free (A*,AU,B,BH,C,CL,CO,D,E,IL,JO,KR,MA,OM,P,PA,PE,S,SG)",27.5%
8483905010,Forged gear blanks,84,0.0,,
8483905020,Parts of gear boxes and speed changers for wind turbines,84,0.0,,
8483905080,Other,84,0.0,,
8483907000,Parts of articles of subheading 8483.20,84,0.055,"Free (A+,AU,BH,CL,CO,D,E,IL, JO,KR,MA, OM,P,PA,PE,S,SG)",45%
84839080,Other,84,0.027999999999999997,"Free (A+,AU,B,BH, C,CL,CO,D,E, IL,JO,KR,MA, OM,P,PA,PE,S,SG)",45%
8483908010,Parts of articles of subheading 8483.60.80,84,0.0,,
8483908040,Parts of universal joints,84,0.0,,
8483908080,Other,84,0.0,,
8484,"Gaskets and similar joints of metal sheeting combined with other material or of two or more layers of metal; sets or assortments of gaskets and similar joints, dissimilar in composition, put up in pouches, envelopes or similar packings; mechanical seals:",84,0.0,,
8484100000,Gaskets and similar joints of metal sheeting combined with other material or of two or more layers of metal,84,0.025,"Free (A*,AU,B,BH,C,CL,CO,D,E,IL,JO,KR,MA,OM,P,PA,PE,S,SG)",35%
8484200000,Mechanical seals,84,0.039,"Free (A,AU,B,BH,CL,CO,D,E,IL,JO,KR,MA,OM,P,PA,PE,S,SG)",45%
8484900000,Other,84,0.025,"Free (A,AU,B,BH,C,CL,CO,D,E,IL,JO,KR,MA,OM,P,PA,PE,S,SG)",35%
8485,Machines for additive manufacturing:,84,0.0,,
8485100100,By metal deposit,84,0.025,"Free (A,AU,BH,CL,CO,D,E,IL,JO,KR,MA,OM,P,PA,PE,S,SG)",35%
8485200000,By plastics or rubber deposit,84,0.031,"Free (A,AU,BH,CL,CO,D,E,IL,JO,JP,KR,MA,OM,P,PA,PE,S,SG)",35%
8485300000,"By plaster, cement, ceramics or glass deposit",84,0.025,"Free (A,AU,BH,CL,CO,D,E,IL,JO,KR,MA,OM,P,PA,PE,S,SG)",35%
8485800000,Other,84,0.025,"Free (A,AU,BH,CL,CO,D,E,IL,JO,KR,MA,OM,P,PA,PE,S,SG)",35%
848590,Parts:,84,0.0,,
8485901000,By plastics or rubber deposit,84,0.031,"Free (A,AU,BH,CL,CO,D,E,IL,JO,JP,KR,MA,OM,P,PA,PE,S,SG)",35%
8485909000,Other,84,0.0,,35%
8486,"Machines and apparatus of a kind used solely or principally for the manufacture of semiconductor boules or wafers, semiconductor devices, electronic integrated circuits or flat panel displays; machines and apparatus specified in note 11(C) to this chapter; parts and accessories:",84,0.0,,
8486100000,Machines and apparatus for the manufacture of boules or wafers,84,0.0,,35%
8486200000,Machines and apparatus for the manufacture of semiconductor devices or of electronic integrated circuits,84,0.0,,35%
8486300000,Machines and apparatus for the manufacture of flat panel displays,84,0.0,,35%
84864000,Machines and apparatus specified in note 11(C) to this chapter,84,0.0,,35%
8486400010,For the manufacture or repair of masks and reticles,84,0.0,,
8486400020,For assembling semiconductor devices or electronic integrated circuits,84,0.0,,
8486400030,"For lifting, handling, loading or unloading of boules, wafers, semiconductor devices, electronic integrated circuits and flat panel displays",84,0.0,,
8486900000,Parts and accessories,84,0.0,,35%
8487,"Machinery parts, not containing electrical connectors, insulators, coils, contacts or other electrical features, and not specified or included elsewhere in this chapter:",84,0.0,,
84871000,Ships' or boats' propellers and blades therefor,84,0.0,,30%
8487100040,Of copper,84,0.0,,
8487100080,Other,84,0.0,,
84879000,Other,84,0.039,"Free (A*,AU,B,BH,CL,CO,D,E,IL,JO,KR,MA,OM,P,PA,PE,S,SG)",45%
8487900040,"Oil seals, other than those of chapter 40",84,0.0,,
8487900080,Other,84,0.0,,
8501,Electric motors and generators (excluding generating sets):,85,0.0,,
850110,Motors of an output not exceeding 37.5 W:,85,0.0,,
8501102000,"Synchronous, valued not over $4 each",85,0.067,"Free (A,AU,B,BH,CL,CO,D,E,IL,JO,KR,MA,OM,P,PA,PE,S,SG)",90%
85011040,Other,85,0.044000000000000004,"Free (A,AU,B,BH,CL,CO,D,E,IL,JO,KR,MA,OM,P,PA,PE,S,SG)",35%
8501104020,AC,85,0.0,,
8501104040,Brushless,85,0.0,,
8501104060,Other,85,0.0,,
8501104080,Other,85,0.0,,
85011060,Of 18.65 W or more but not exceeding 37.5 W,85,0.027999999999999997,"Free (A,AU,B,BH,CL,CO,D,E,IL,JO,KR,MA,OM,P,PA,PE,S,SG)",35%
8501106020,AC,85,0.0,,
8501106040,Brushless,85,0.0,,
8501106060,Other,85,0.0,,
8501106080,Other,85,0.0,,
850120,Universal AC/DC motors of an output exceeding 37.5 W:,85,0.0,,
8501202000,Exceeding 37.5 W but not exceeding <il>74.6 W</il>,85,0.033,"Free (A,AU,B,BH,CL,CO,D,E,IL,JO,KR,MA,OM,P,PA,PE,S,SG)",35%
8501204000,Exceeding <il>74.6 W</il> but not exceeding <il>735 W</il>,85,0.04,"Free (A,AU,B,BH,CL,CO,D,E,IL,JO,KR,MA,OM,P,PA,PE,S,SG)",35%
8501205000,Exceeding <il>735 W</il> but under <il>746 W</il>,85,0.033,"Free (A,AU,B,BH,C,CL,CO,D,E,IL,JO,KR,MA,OM,P,PA,PE,S,SG)",35%
8501206000,Other,85,0.024,"Free (A,AU,B,BH,C,CL,CO,D,E,IL,JO,KR,MA,OM,P,PA,PE,S,SG)",35%
850131,Of an output not exceeding <il>750 W:</il>,85,0.0,,
8501312000,Exceeding <il>37.5 W</il> but not exceeding <il>74.6 W</il>,85,0.027999999999999997,"Free (A*,AU,B,BH,CL,CO,D,E,IL,JO,KR,MA,OM,P,PA,PE,S,SG)",35%
8501314000,Exceeding <il>74.6 W</il> but not exceeding <il>735 W</il>,85,0.04,"Free (A*,AU,B,BH,CL,CO,D,E,IL,JO,KR,MA,OM,P,PA,PE,S,SG)",35%
8501315000,Exceeding <il>735 W</il> but under <il>746 W</il>,85,0.033,"Free (A*,AU,B,BH,C,CL,CO,D,E,IL,JO,KR,MA,OM,P,PA,PE,S,SG)",35%
8501316000,Other,85,0.024,"Free (A*,AU,B,BH,C,CL,CO,D,E,IL,JO,KR,MA,OM,P,PA,PE,S,SG)",35%
8501318100,Generators,85,0.025,"Free (A*,AU,B,BH,C,CL,CO,D,E,IL,JO,KR,MA,OM,P,PA,PE,S,SG)",35%
850132,Of an output exceeding <il>750 W</il> but not exceeding <il>75 kW</il>:,85,0.0,,
8501322000,Exceeding <il>750 W</il> but not exceeding <il>14.92 kW</il>,85,0.028999999999999998,"Free (A*,AU,B,BH,C,CL,CO,D,E,IL,JO,KR,MA,OM,P,PA,PE,S,SG)",35%
8501324500,"Electric motors of a kind used as the primary source of mechanical power for electrically powered vehicles of subheadings 8703.40, 8703.50, 8703.60, 8703.70 or 8703.80",85,0.0,,35%
85013255,Other,85,0.0,,35%
8501325520,For use in civil aircraft,85,0.0,,
8501325540,Other,85,0.0,,
8501326100,Generators,85,0.02,"Free (A*,AU,B,BH,C,CL,CO,D,E,IL,JO,KR,MA,OM,P,PA,PE,S,SG)",35%
850133,Of an output exceeding <il>75 kW</il> but not exceeding <il>375 kW</il>:,85,0.0,,
85013320,Exceeding <il>75 kW</il> but under <il>149.2 kW</il>,85,0.0,,35%
8501332040,For use in civil aircraft,85,0.0,,
8501332080,Other,85,0.0,,
8501333000,<il>149.2 kW</il> or more but not exceeding <il>150 kW</il>,85,0.027999999999999997,"Free (A,AU,BH,C,CL,CO,D,E,IL,JO,KR,MA,OM,P,PA,PE,S,SG)",35%
85013340,Other,85,0.027999999999999997,"Free (A,AU,BH,CL,CO,D,E,IL,JO,KR,MA,OM,P,PA,PE,S,SG)",35%
8501334040,Not exceeding <il>373 kW</il>,85,0.0,,
8501334060,Other,85,0.0,,
8501336100,Generators,85,0.025,"Free (A,AU,B,BH,C,CL,CO,D,E,IL,JO,KR,MA,OM,P,PA,PE,S,SG)",35%
850134,Of an output exceeding <il>375 kW</il>:,85,0.0,,
8501343000,Motors,85,0.027999999999999997,"Free (A,AU,BH,CL,CO,D,E,IL,JO,KR,MA,OM,P,PA,PE,S,SG)",35%
8501346100,Generators,85,0.02,"Free (A,AU,B,BH,C,CL,CO,D,E,IL,JO,KR,MA,OM,P,PA,PE,S,SG)",35%
850140,"Other AC motors, single-phase:",85,0.0,,
85014020,Of an output exceeding 37.5 W but not exceeding <il>74.6 W</il>,85,0.033,"Free (A*,AU,B,BH,CL,CO,D,E,IL,JO,KR,MA,OM,P,PA,PE,S,SG)",35%
8501402020,Gear motors,85,0.0,,
8501402040,Other,85,0.0,,
85014040,Of an output exceeding <il>74.6 W</il> but not exceeding <il>735 W</il>,85,0.04,"Free (A*,AU,B,BH,CL,CO,D,E,IL,JO,KR,MA,OM,P,PA,PE,S,SG)",35%
8501404020,Gear motors,85,0.0,,
8501404040,Other,85,0.0,,
85014050,Of an output exceeding <il>735 W</il> but under <il>746 W</il>,85,0.033,"Free (A*,AU,B,BH,C,CL,CO,D,E,IL,JO,KR,MA,OM,P,PA,PE,S,SG)",35%
8501405020,Gear motors,85,0.0,,
8501405040,Other,85,0.0,,
85014060,Other,85,0.037000000000000005,"Free (A*,AU,B,BH,C,CL,CO,D,E,IL,JO,KR,MA,OM,P,PA,PE,S,SG)",35%
8501406020,Gear motors,85,0.0,,
8501406040,Other,85,0.0,,
850151,Of an output not exceeding <il>750 W:</il>,85,0.0,,
85015120,Exceeding <il>37.5 W</il> but not exceeding <il>74.6 W</il>,85,0.025,"Free (A,AU,B,BH,CL,CO,D,E,IL,JO,JP,KR,MA,OM,P,PA,PE,S,SG)",35%
8501512020,Gear motors,85,0.0,,
8501512040,Other,85,0.0,,
85015140,Exceeding <il>74.6 W</il> but not exceeding <il>735 W</il>,85,0.025,"Free (A,AU,B,BH,CL,CO,D,E,IL,JO,JP,KR,MA,OM,P,PA,PE,S,SG)",35%
8501514020,Gear motors,85,0.0,,
8501514040,Other,85,0.0,,
85015150,Exceeding <il>735 W</il> but under <il>746 W</il>,85,0.033,"Free (A,AU,B,BH,C,CL,CO,D,E,IL,JO,JP,KR,MA,OM,P,PA,PE,S,SG)",35%
8501515020,Gear motors,85,0.0,,
8501515040,Other,85,0.0,,
85015160,Other,85,0.025,"Free (A,AU,B,BH,C,CL,CO,D,E,IL,JO,JP,KR,MA,OM,P,PA,PE,S,SG)",35%
8501516020,Gear motors,85,0.0,,
8501516040,Other,85,0.0,,
850152,Of an output exceeding <il>750 W</il> but not exceeding <il>75 kW</il>:,85,0.0,,
8501524000,Exceeding <il>750 W</il> but not exceeding <il>14.92 kW</il>,85,0.037000000000000005,"Free (A,AU,B,BH,C,CL,CO,D,E,IL,JO,KR,MA,OM,P,PA,PE,S,SG)",35%
85015280,Other,85,0.0,,35%
8501528020,For use in civil aircraft,85,0.0,,
8501528040,Other,85,0.0,,
850153,Of an output exceeding <il>75 kW</il>:,85,0.0,,
85015340,Exceeding <il>75 kW</il> but under <il>149.2 kW</il>,85,0.0,,35%
8501534040,For use in civil aircraft,85,0.0,,
8501534080,Other,85,0.0,,
8501536000,<il>149.2 kW</il> or more but not exceeding <il>150 kW</il>,85,0.042,"Free (A,AU,BH,C,CL,CO,D,E,IL,JO,KR,MA,OM,P,PA,PE,S,SG)",35%
85015380,Other,85,0.027999999999999997,"Free (A,AU,BH,CL,CO,D,E,IL,JO,KR,MA,OM,P,PA,PE,S,SG)",35%
8501538040,Not exceeding <il>373 kW</il>,85,0.0,,
8501538060,Other,85,0.0,,
8501610100,Of an output not exceeding 75 kVA,85,0.025,"Free (A*,AU,B,BH,C,CL,CO,D,E,IL,JO,KR,MA,OM,P,PA,PE,S,SG)",35%
8501620100,Of an output exceeding <il>75 kVA</il> but not exceeding <il>375 kVA</il>,85,0.025,"Free (A,AU,B,BH,C,CL,CO,D,E,IL,JO,JP,KR,MA,OM,P,PA,PE,S,SG)",35%
8501630100,Of an output exceeding <il>375 kVA</il> but not exceeding <il>750 kVA</il>,85,0.025,"Free (A*,AU,B,BH,C,CL,CO,D,E,IL,JO,KR,MA,OM,P,PA,PE,S,SG)",35%
85016401,Of an output exceeding <il>750 kVA</il>,85,0.024,"Free (A,AU,B,BH,CL,CO,D,E,IL,JO,JP,KR,MA,OM,P,PA,PE,S,SG)",35%
8501640110,For wind-powered generating sets classified within 8502.31.00,85,0.0,,
8501640125,"Exceeding 750 kVA but not exceeding 10,000 kVA",85,0.0,,
8501640135,"Exceeding 10,000 kVA but not exceeding 40,000 kVA",85,0.0,,
8501640155,Other,85,0.0,,
8501710000,Of an output not exceeding 50 W,85,0.025,"Free (A*,AU,B,BH,C,CL,CO,D,E,IL,JO,KR,MA,OM,P,PA,PE,S,SG)",35%
850172,Of an output exceeding 50 W:,85,0.0,,
8501721000,Of an output not exceeding 750 W,85,0.025,"Free (A*,AU,B,BH,C,CL,CO,D,E,IL,JO,KR,MA,OM,P,PA,PE,S,SG)",35%
8501722000,Of an output exceeding 750 W but not exceeding 75 kW,85,0.02,"Free (A*,AU,B,BH,C,CL,CO,D,E,IL,JO,KR,MA,OM,P,PA,PE,S,SG)",35%
8501723000,Of an output exceeding 75 kW but not exceeding 375 kW,85,0.025,"Free (A,AU,B,BH,C,CL,CO,D,E,IL,JO,KR,MA,OM,P,PA,PE,S,SG)",35%
8501729000,Other,85,0.02,"Free (A,AU,B,BH,C,CL,CO,D,E,IL,JO,KR,MA,OM,P,PA,PE,S,SG)",35%
850180,Photovoltaic AC generators:,85,0.0,,
8501801000,Of an output not exceeding 75 kVA,85,0.025,"Free (A*,AU,B,BH,C,CL,CO,D,E,IL,JO,KR,MA,OM,P,PA,PE,S,SG)",35%
8501802000,Of an output exceeding <il>75 kVA</il> but not exceeding <il>375 kVA</il>,85,0.025,"Free (A,AU,B,BH,C,CL,CO,D,E,IL,JO,JP,KR,MA,OM,P,PA,PE,S,SG)",35%
8501803000,Of an output exceeding <il>375 kVA</il> but not exceeding <il>750 kVA</il>,85,0.025,"Free (A*,AU,B,BH,C,CL,CO,D,E,IL,JO,KR,MA,OM,P,PA,PE,S,SG)",35%
8501809000,Other,85,0.024,"Free (A,AU,B,BH,CL,CO,D,E,IL,JO,JP,KR,MA,OM,P,PA,PE,S,SG)",35%
8502,Electric generating sets and rotary converters:,85,0.0,,
8502110000,Of an output not exceeding <il>75 kVA</il>,85,0.025,"Free (A,AU,B,BH,C,CL,CO,D,E,IL,JO,JP,KR,MA,OM,P,PA,PE,S,SG)",35%
8502120000,Of an output exceeding <il>75 kVA</il> but not exceeding <il>375 kVA</il>,85,0.025,"Free (A*,AU,B,BH,C,CL,CO,D,E,IL,JO,JP,KR,MA,OM,P,PA,PE,S,SG)",35%
85021300,Of an output exceeding <il>375 kVA</il>,85,0.02,"Free (A,AU,B,BH,C,CL,CO,D,E,IL,JO,KR,MA,OM,P,PA,PE,S,SG)",35%
8502130020,"Exceeding <il>375 kVA</il> but not exceeding <il>1,000 kVA</il>",85,0.0,,
8502130040,"Exceeding <il>1,000 kVA</il>",85,0.0,,
85022000,Generating sets with spark-ignition internal combustion piston engines,85,0.02,"Free (A,AU,B,BH,C,CL,CO,D,E,IL,JO,JP,KR,MA,OM,P,PA,PE,S,SG)",35%
8502200030,Of an output not exceeding <il>1.875 kVA</il>,85,0.0,,
8502200060,Of an output exceeding <il>1.875 kVA</il> but not exceeding <il>6.25 kVA</il>,85,0.0,,
8502200070,Of an output exceeding <il>6.25 kVA</il> but not exceeding <il>75 kVA</il>,85,0.0,,
8502200085,Of an output exceeding <il>75 kVA</il>,85,0.0,,
8502310000,Wind-powered,85,0.025,"Free (A,AU,B,BH,C,CL,CO,D,E,IL,JO,KR,MA,OM,P,PA,PE,S,SG)",35%
85023900,Other,85,0.025,"Free (A,AU,B,BH,C,CL,CO,D,E,IL,JO,JP,KR,MA,OM,P,PA,PE,S,SG)",35%
8502390040,Powered by steam turbine,85,0.0,,
8502390080,Other,85,0.0,,
8502400000,Electric rotary converters,85,0.03,"Free (A,AU,B,BH,C,CL,CO,D,E,IL,JO,KR,MA,OM,P,PA,PE,S,SG)",35%
850300,Parts suitable for use solely or principally with the machines of heading 8501 or 8502:,85,0.0,,
8503002000,Commutators,85,0.024,"Free (A,AU,B,BH,CL,CO,D,E,IL,JO,KR,MA,OM,P,PA,PE,S,SG)",35%
8503003500,For motors of under 18.65 W,85,0.065,"Free (A,AU,B,BH,CL,CO,D,E,IL,JO,KR,MA,OM,P,PA,PE,S,SG)",90%
8503004500,For generators suitable for use on aircraft,85,0.0,,35%
8503006500,Other,85,0.03,"Free (A*,AU,B,BH,CL,CO,D,E,IL,JO,KR,MA,OM,P,PA,PE,S,SG)",35%
8503007500,For motors of under 18.65 W,85,0.065,"Free (A,AU,B,BH,CL,CO,D,E,IL,JO,KR,MA,OM,P,PA,PE,S,SG)",90%
8503009000,For generators suitable for use on aircraft,85,0.0,,35%
85030095,Other,85,0.03,"Free (A*,AU,B,BH,CL,CO,D,E,IL,JO,KR,MA,OM,P,PA,PE,S,SG)",35%
8503009520,Parts of motors,85,0.0,,
8503009546,For AC generators (alternators) classified in statistical reporting number 8501.64.0110,85,0.0,,
8503009550,Other,85,0.0,,
8503009570,Parts of wind-powered generating sets classified in subheading 8502.31.00,85,0.0,,
8503009580,Other,85,0.0,,
8504,"Electrical transformers, static converters (for example, rectifiers) and inductors; parts thereof:",85,0.0,,
8504100000,Ballasts for discharge lamps or tubes,85,0.03,"Free (A*,AU,B,BH,C,CL,CO,D,E,IL,JO,KR,MA,OM,P,PA,PE,S,SG)",35%
85042100,Having a power handling capacity not exceeding <il>650 kVA</il>,85,0.0,,35%
8504210020,Having a power handling capacity not exceeding <il>50 kVA</il>,85,0.0,,
8504210040,Having a power handling capacity exceeding <il>50 kVA</il> but not exceeding <il>100 kVA</il>,85,0.0,,
8504210060,Having a power handling capacity exceeding <il>100 kVA</il> but not exceeding <il>500 kVA</il>,85,0.0,,
8504210080,Having a power handling capacity exceeding <il>500 kVA</il> but not exceeding <il>650 kVA</il>,85,0.0,,
85042200,"Having a power handling capacity exceeding <il>650 kVA</il> but not exceeding <il>10,000 kVA</il>",85,0.0,,35%
8504220040,"Having a power handling capacity exceeding <il>650 kVA</il> but not exceeding <il>2,500 kVA</il>",85,0.0,,
8504220080,"Having a power handling capacity exceeding <il>2,500 kVA</il> but not exceeding <il>10,000 kVA</il>",85,0.0,,
85042300,"Having a power handling capacity exceeding <il>10,000 kVA</il>",85,0.016,"Free (A,AU,BH,CL,CO,D,E,IL,JO,KR,MA,OM,P,PA,PE,S,SG)",35%
8504230041,"Having a power handling capacity exceeding <il>10,000 kVA</il> but not exceeding <il>59,999 kVA</il>",85,0.0,,
8504230045,"Having a power handling capacity exceeding <il>59,999 kVA</il> but not exceeding <il>100,000 kVA</il>",85,0.0,,
8504230080,"Having a power handling capacity exceeding <il>100,000 kVA</il>",85,0.0,,
850431,Having a power handling capacity not exceeding <il>1 kVA</il>:,85,0.0,,
8504312000,Unrated,85,0.0,,35%
85043140,Having a power handling capacity less than <il>1 kVA</il>,85,0.066,"Free (A,AU,B,BH,C,CL,CO,D,E,IL,JO,KR,MA,OM,P,PA,PE,S,SG)",35%
8504314035,Having a power handling capacity less than <il>40 VA</il>,85,0.0,,
8504314065,Having a power handling capacity <il>40 VA</il> or greater,85,0.0,,
8504316000,Having a power handling capacity of <il>1 kVA</il>,85,0.016,"Free (A,AU,B,BH,C,CL,CO,D,E,IL,JO,KR,MA,OM,P,PA,PE,S,SG)",35%
8504320000,Having a power handling capacity exceeding <il>1 kVA</il> but not exceeding <il>16 kVA</il>,85,0.024,"Free (A,AU,B,BH,C,CL,CO,D,E,IL,JO,KR,MA,OM,P,PA,PE,S,SG)",35%
85043300,Having a power handling capacity exceeding <il>16 kVA</il> but not exceeding <il>500 kVA</il>,85,0.016,"Free (A,AU,B,BH,C,CL,CO,D,E,IL,JO,JP,KR,MA,OM,P,PA,PE,S,SG)",35%
8504330020,Having a power handling capacity exceeding <il>16 kVA</il> but not exceeding <il>50 kVA</il>,85,0.0,,
8504330040,Having a power handling capacity exceeding <il>50 kVA</il> but not exceeding <il>500 kVA</il>,85,0.0,,
8504340000,Having a power handling capacity exceeding <il>500 kVA</il>,85,0.016,"Free (A,AU,B,BH,CL,CO,D,E,IL,JO,JP,KR,MA,OM,P,PA,PE,S,SG)",35%
850440,Static converters:,85,0.0,,
8504404000,Speed drive controllers for electric motors,85,0.0,,35%
85044060,Suitable for physical incorporation into automatic data processing machines or units thereof of heading 8471,85,0.0,,35%
8504406001,With a power output not exceeding <il>50 W</il>,85,0.0,,
8504406007,With a power output exceeding <il>50 W</il> but not exceeding <il>150 W</il>,85,0.0,,
8504406012,With a power output exceeding <il>150 W</il> but not exceeding <il>500 W</il>,85,0.0,,
8504406018,Other,85,0.0,,
85044070,Other,85,0.0,,35%
8504407001,With a power output not exceeding <il>50 W</il>,85,0.0,,
8504407007,With a power output exceeding <il>50 W</il> but not exceeding <il>150 W</il>,85,0.0,,
8504407012,With a power output exceeding <il>150 W</il> but not exceeding <il>500 W</il>,85,0.0,,
8504407018,Other,85,0.0,,
8504408500,For telecommunication apparatus,85,0.0,,35%
85044095,Other,85,0.0,,35%
8504409510,With a power output not exceeding <il>50 W</il>,85,0.0,,
8504409520,With a power output exceeding <il>50 W</il> but not exceeding <il>150 W</il>,85,0.0,,
8504409530,With a power output exceeding <il>150 W</il> but not exceeding <il>500 W</il>,85,0.0,,
8504409540,Other,85,0.0,,
8504409550,Other,85,0.0,,
8504409571,Of a capacity not exceeding 200 W,85,0.0,,
8504409573,Of a capacity exceeding 200 W but not exceeding 650 W,85,0.0,,
8504409575,"Of a capacity exceeding 650 W but not exceeding 20,000 W",85,0.0,,
8504409577,"Of a capacity exceeding 20,000 W but not exceeding 125,000 W",85,0.0,,
8504409578,"Of a capacity exceeding 125,000 W but not exceeding 1,000,000 W",85,0.0,,
8504409579,Other,85,0.0,,
8504409580,Other,85,0.0,,
850450,Other inductors:,85,0.0,,
8504504000,For power supplies for automatic data processing machines or units thereof of heading 8471; power supplies for goods of subheading 8443.31 or 8443.32; power supplies for monitors of subheading 8528.42 or 8528.52 or projectors of subheading 8528.62; for telecommunication apparatus,85,0.0,,35%
8504508000,Other,85,0.0,,35%
850490,Parts:,85,0.0,,
8504902000,Printed circuit assemblies,85,0.0,,35%
8504904100,Other,85,0.0,,35%
8504906500,Of the goods of subheading 8504.40 or 8504.50 for telecommunication apparatus,85,0.0,,35%
8504907500,Other,85,0.0,,35%
85049096,Other,85,0.0,,35%
8504909610,For transformers,85,0.0,,
8504909630,Other,85,0.0,,
8504909634,Laminations for incorporation into stacked cores,85,0.0,,
8504909638,Stacked cores for incorporation into transformers,85,0.0,,
8504909642,Wound cores for incorporation into transformers,85,0.0,,
8504909646,Other,85,0.0,,
8504909650,Of static converters,85,0.0,,
8504909690,Other,85,0.0,,
8505,"Electromagnets; permanent magnets and articles intended to become permanent magnets after magnetization; electromagnetic or permanent magnet chucks, clamps and similar holding devices; electromagnetic couplings, clutches and brakes; electromagnetic lifting heads; parts thereof:",85,0.0,,
85051100,Of metal,85,0.021,"Free (A,AU,B,BH,CL,CO,D,E,IL,JO,JP,KR,MA,OM,P,PA,PE,S,SG)",45%
8505110010,Alnico,85,0.0,,
8505110030,Ceramic,85,0.0,,
8505110050,Sintered samarium-cobalt,85,0.0,,
8505110070,Sintered neodymium-iron-boron,85,0.0,,
8505110090,Other,85,0.0,,
850519,Other:,85,0.0,,
8505191000,Flexible magnets,85,0.049,"Free (A,AU,BH,CL,CO,D,E,IL,JO,KR,MA,OM,P,PA,PE,S,SG)",45%
8505192000,Composite good containing flexible magnets,85,0.049,"Free (A,AU,BH,CL,CO,D,E,IL,JO,KR,MA,OM,P,PA,PE,S,SG)",45%
8505193000,Other,85,0.049,"Free (A,AU,BH,CL,CO,D,E,IL,JO,KR,MA,OM,P,PA,PE,S,SG)",45%
8505200000,"Electromagnetic couplings, clutches and brakes",85,0.031,"Free (A,AU,B,BH,CL,CO,D,E,IL,JO,KR,MA,OM,P,PA,PE,S,SG)",35%
850590,"Other, including parts:",85,0.0,,
8505903000,Electromagnetic lifting heads,85,0.0,,35%
8505904000,Work holders and parts thereof,85,0.0,,30%
8505907000,"Electromagnets of a kind used solely or principally for magnetic resonance imaging apparatus, other than apparatus of heading 9018",85,0.0,,35%
8505907501,Other,85,0.013000000000000001,"Free (A*,AU,B,BH,CL,CO,D,E,IL,JO,KR,MA,OM,P,PA,PE,S,SG)",35%
8506,Primary cells and primary batteries; parts thereof:,85,0.0,,
85061000,Manganese dioxide,85,0.027000000000000003,"Free (A,AU,BH,CL,CO,D,E,IL,JO,KR,MA,OM,P,PA,PE,S,SG)",35%
8506100010,Button and coin cell batteries,85,0.0,,
8506100090,Other,85,0.0,,
850630,Mercuric oxide:,85,0.0,,
8506301000,Having an external volume not exceeding <il>300 cm<sup>3</sup></il>,85,0.027000000000000003,"Free (A,AU,BH,CL,CO,D,E,IL,JO,KR,MA,OM,P,PA,PE,S,SG)",35%
8506305000,Other,85,0.027000000000000003,"Free (A,AU,BH,CL,CO,D,E,IL,JO,KR,MA,OM,P,PA,PE,S,SG)",35%
850640,Silver oxide:,85,0.0,,
85064010,Having an external volume not exceeding <il>300 cm<sup>3</sup></il>,85,0.027000000000000003,"Free (A,AU,BH,CL,CO,D,E,IL,JO,KR,MA,OM,P,PA,PE,S,SG)",35%
8506401010,Button and coin cell batteries,85,0.0,,
8506401090,Other,85,0.0,,
8506405000,Other,85,0.027000000000000003,"Free (A,AU,BH,CL,CO,D,E,IL,JO,KR,MA,OM,P,PA,PE,S,SG)",35%
85065000,Lithium,85,0.027000000000000003,"Free (A,AU,BH,CL,CO,D,E,IL,JO,KR,MA,OM,P,PA,PE,S,SG)",35%
8506500010,Button and coin cell batteries,85,0.0,,
8506500090,Other,85,0.0,,
85066000,Air-zinc,85,0.027000000000000003,"Free (A,AU,BH,CL,CO,D,E,IL,JO,KR,MA,OM,P,PA,PE,S,SG)",35%
8506600010,Button and coin cell batteries,85,0.0,,
8506600090,Other,85,0.0,,
85068000,Other primary cells and primary batteries,85,0.027000000000000003,"Free (A*,AU,BH,CL,CO,D,E,IL,JO,JP,KR,MA,OM,P,PA,PE,S,SG)",35%
8506800010,Button and coin cell batteries,85,0.0,,
8506800090,Other,85,0.0,,
8506900000,Parts,85,0.027000000000000003,"Free (A,AU,BH,CL,CO,D,E,IL,JO,KR,MA,OM,P,PA,PE,S,SG)",35%
8507,"Electric storage batteries, including separators therefor, whether or not rectangular (including square); parts thereof:",85,0.0,,
85071000,"Lead-acid storage batteries, of a kind used for starting piston engines",85,0.035,"Free (A,AU,B,BH,C,CL,CO,D,E,IL,JO,KR,MA,OM,P,PA,PE,S,SG)",40%
8507100030,Not exceeding 6 kg in weight,85,0.0,,
8507100060,Exceeding 6 kg in weight,85,0.0,,
8507100090,Other,85,0.0,,
850720,Other lead-acid storage batteries:,85,0.0,,
8507204000,"Of a kind used as the primary source of electrical power for electrically powered vehicles of subheadings 8703.40, 8703.50, 8703.60, 8703.70 or 8703.80",85,0.035,"Free (A*,AU,B,BH,CL,CO,D,E,IL,JO,KR,MA,OM,P,PA,PE,S,SG)",40%
85072080,Other,85,0.035,"Free (A*,AU,B,BH,C,CL,CO,D,E,IL,JO,KR,MA,OM,P,PA,PE,S,SG)",40%
8507208031,6 V batteries,85,0.0,,
8507208041,12 V batteries,85,0.0,,
8507208061,36 V batteries,85,0.0,,
8507208092,Other,85,0.0,,
850730,Nickel-cadmium storage batteries:,85,0.0,,
8507304000,"Of a kind used as the primary source of electrical power for electrically powered vehicles of subheadings 8703.40, 8703.50, 8703.60, 8703.70 or 8703.80",85,0.025,"Free (A,AU,B,BH,CL,CO,D,E,IL,JO,KR,MA,OM,P,PA,PE,S,SG)",40%
85073080,Other,85,0.025,"Free (A,AU,B,BH,C,CL,CO,D,E,IL,JO,KR,MA,OM,P,PA,PE,S,SG)",40%
8507308010,Sealed,85,0.0,,
8507308090,Other,85,0.0,,
8507500000,Nickel-metal hydride batteries,85,0.034,"Free (A,AU,B,BH,C,CL,CO,D,E,IL,JO,KR,MA,OM,P,PA,PE,S,SG)",40%
85076000,Lithium-ion batteries,85,0.034,"Free (A,AU,B,BH,C,CL,CO,D,E,IL,JO,KR,MA,OM,P,PA,PE,S,SG)",40%
8507600010,"Of a kind used as the primary source of electrical power for electrically powered vehicles of subheadings 8703.40, 8703.50, 8703.60, 8703.70 or 8703.80",85,0.0,,
8507600030,"Battery energy storage systems fully encased within a housing, as described in statistical note 2 to this chapter",85,0.0,,
8507600090,Other,85,0.0,,
850780,Other storage batteries:,85,0.0,,
8507804100,"Of a kind used as the primary source of electrical power for electrically powered vehicles of subheadings 8703.40, 8703.50, 8703.60, 8703.70 or 8703.80",85,0.034,"Free (A,AU,B,BH,CL,CO,D,E,IL,JO,KR,MA,OM,P,PA,PE,S,SG)",40%
8507808200,Other,85,0.034,"Free (A,AU,B,BH,C,CL,CO,D,E,IL,JO,JP,KR,MA,OM,P,PA,PE,S,SG)",40%
850790,Parts:,85,0.0,,
8507904000,Of lead-acid storage batteries,85,0.035,"Free (A,AU,B,BH,C,CL,CO,D,E,IL,JO,KR,MA,OM,P,PA,PE,S,SG)",40%
8507908000,Other,85,0.034,"Free (A,AU,B,BH,C,CL,CO,D,E,IL,JO,KR,MA,OM,P,PA,PE,S,SG)",40%
8508,Vacuum cleaners; parts thereof:,85,0.0,,
8508110000,"Of a power not exceeding <il>1,500 W</il> and having a dust bag or other receptacle capacity not exceeding 20 l",85,0.0,,35%
8508190000,Other,85,0.0,,35%
8508600000,Other vacuum cleaners,85,0.0,,35%
8508700000,Parts,85,0.0,,35%
8509,"Electromechanical domestic appliances, with self-contained electric motor, other than vacuum cleaners of heading 8508; parts thereof:",85,0.0,,
85094000,"Food grinders, processors and mixers; fruit or vegetable juice extractors",85,0.042,"Free (A,AU,BH,CL,CO,D,E,IL,JO,KR,MA,OM,P,PA,PE,S,SG)",40%
8509400015,Blenders,85,0.0,,
8509400025,Other food mixers,85,0.0,,
8509400030,Juice extractors,85,0.0,,
8509400040,Food grinders and processors,85,0.0,,
850980,Other appliances:,85,0.0,,
8509801000,Floor polishers,85,0.0,,35%
8509802000,Kitchen waste disposers (disposals),85,0.0,,40%
85098050,Other,85,0.042,"Free (A,AU,BH,CL,CO,D,E,IL,JO,KR,MA,OM,P,PA,PE,S,SG)",40%
8509805040,Can openers (including combination units),85,0.0,,
8509805045,Electric toothbrushes,85,0.0,,
8509805050,Evaporative,85,0.0,,
8509805070,Ultrasonic,85,0.0,,
8509805080,Other,85,0.0,,
8509805095,Other,85,0.0,,
850990,Parts:,85,0.0,,
8509902500,Housings,85,0.034,"Free (A,AU,BH,CL,CO,D,E,IL,JO,KR,MA,OM,P,PA,PE,S,SG)",35%
8509903500,Other,85,0.034,"Free (A,AU,BH,CL,CO,D,E,IL,JO,KR,MA,OM,P,PA,PE,S,SG)",35%
8509904500,Housings,85,0.042,"Free (A,AU,BH,CL,CO,D,E,IL,JO,KR,MA,OM,P,PA,PE,S,SG)",40%
8509905500,Other,85,0.042,"Free (A,AU,BH,CL,CO,D,E,IL,JO,KR,MA,OM,P,PA,PE,S,SG)",40%
8510,"Shavers, hair clippers and hair-removing appliances, with self-contained electric motor; parts thereof:",85,0.0,,
8510100000,Shavers,85,0.0,,35%
851020,Hair clippers:,85,0.0,,
8510201000,Hair clippers to be used for agricultural or horticultural purposes,85,0.04,"Free (A,AU,BH,CL,CO,D,E,IL,JO,KR,MA,OM,P,PA,PE,S,SG)",45%
8510209000,Other,85,0.04,"Free (A,AU,BH,CL,CO,D,E,IL,JO,KR,MA,OM,P,PA,PE,S,SG)",45%
8510300000,Hair-removing appliances,85,0.042,"Free (A*,AU,BH,CL,CO,D,E,IL,JO,KR,MA,OM,P,PA,PE,S,SG)",40%
851090,Parts:,85,0.0,,
8510901000,Blades and cutting heads,85,0.0,,27.5%
8510902000,Other parts of shavers,85,0.0,,35%
8510903001,Parts of hair clippers to be used for agricultural or horticultural purposes,85,0.04,"Free (A,AU,BH,CL,CO,D,E,IL,JO,KR,MA,OM,P,PA,PE,S,SG)",45%
8510904000,Other parts of hair clippers,85,0.04,"Free (A,AU,BH,CL,CO,D,E,IL,JO,KR,MA,OM,P,PA,PE,S,SG)",45%
8510905500,Other,85,0.042,"Free (A,AU,BH,CL,CO,D,E,IL,JO,KR,MA,OM,P,PA,PE,S,SG)",40%
8511,"Electrical ignition or starting equipment of a kind used for spark-ignition or compression-ignition internal combustion engines (for example, ignition magnetos, magneto-dynamos, ignition coils, spark plugs and glow plugs, starter motors); generators (for example, dynamos, alternators) and cut-outs of a kind used in conjunction with such engines; parts thereof:",85,0.0,,
8511100000,Spark plugs,85,0.025,"Free (A*,AU,B,BH,C,CL,CO,D,E,IL,JO,KR,MA,OM,P,PA,PE,S,SG)",35%
8511200000,Ignition magnetos; magneto-dynamos; magnetic flywheels,85,0.025,"Free (A,AU,B,BH,C,CL,CO,D,E,IL,JO,KR,MA,OM,P,PA,PE,S,SG)",35%
85113000,Distributors; ignition coils,85,0.025,"Free (A,AU,B,BH,C,CL,CO,D,E,IL,JO,KR,MA,OM,P,PA,PE,S,SG)",35%
8511300040,Distributors,85,0.0,,
8511300080,Ignition coils,85,0.0,,
8511400000,Starter motors and dual purpose starter-generators,85,0.025,"Free (A*,AU,B,BH,C,CL,CO,D,E,IL,JO,KR,MA,OM,P,PA,PE,S,SG)",35%
8511500000,Other generators,85,0.025,"Free (A,AU,B,BH,C,CL,CO,D,E,IL,JO,KR,MA,OM,P,PA,PE,S,SG)",35%
851180,Other equipment:,85,0.0,,
8511802000,"Designed for use on 6, 12 or 24 V systems",85,0.025,"Free (A,AU,B,BH,C,CL,CO,D,E,IL,JO,KR,MA,OM,P,PA,PE,S,SG)",25%
8511804000,Other,85,0.0,,35%
8511806000,Other,85,0.025,"Free (A,AU,B,BH,C,CL,CO,D,E,IL,JO,KR,MA,OM,P,PA,PE,S,SG)",35%
851190,Parts:,85,0.0,,
8511902000,"Designed for use on 6, 12 or 24 V systems",85,0.031,"Free (A,AU,B,BH,CL,CO,D,E,IL,JO,KR,MA,OM,P,PA,PE,S,SG)",25%
8511904000,Other,85,0.0,,35%
85119060,Other parts,85,0.025,"Free (A,AU,B,BH,CL,CO,D,E,IL,JO,KR,MA,OM,P,PA,PE,S,SG)",35%
8511906020,Distributor contact (breaker point) sets,85,0.0,,
8511906040,Other,85,0.0,,
8512,"Electrical lighting or signaling equipment (excluding articles of heading 8539), windshield wipers, defrosters and demisters, of a kind used for cycles or motor vehicles; parts thereof:",85,0.0,,
851210,Lighting or visual signaling equipment of a kind used on bicycles:,85,0.0,,
8512102000,Lighting equipment,85,0.0,,45%
8512104000,Visual signaling equipment,85,0.027000000000000003,"Free (A,AU,BH,CL,CO,D,E,IL,JO,KR,MA,OM,P,PA,PE,S,SG)",35%
851220,Other lighting or visual signaling equipment:,85,0.0,,
85122020,Lighting equipment,85,0.0,,25%
8512202040,"For vehicles of subheading 8701.21, 8701.22, 8701.23, 8701.24 or 8701.29 or heading 8702, 8703, 8704, 8705 or 8711",85,0.0,,
8512202080,Other,85,0.0,,
85122040,Visual signaling equipment,85,0.025,"Free (A,AU,B,BH,CL,CO,D,E,IL,JO,KR,MA,OM,P,PA,PE,S,SG)",35%
8512204040,"For vehicles of subheading 8701.21, 8701.22, 8701.23, 8701.24 or 8701.29 or heading 8702, 8703, 8704, 8705 or 8711",85,0.0,,
8512204080,Other,85,0.0,,
85123000,Sound signaling equipment,85,0.025,"Free (A,AU,B,BH,CL,CO,D,E,IL,JO,KR,MA,OM,P,PA,PE,S,SG)",35%
8512300020,Horns,85,0.0,,
8512300030,Radar detectors of a kind used in motor vehicles,85,0.0,,
8512300040,Other,85,0.0,,
851240,"Windshield wipers, defrosters and demisters:",85,0.0,,
8512402000,Defrosters and demisters,85,0.025,"Free (A,AU,BH,CL,CO,D,E,IL,JO,KR,MA,OM,P,PA,PE,S,SG)",35%
8512404000,Windshield wipers,85,0.025,"Free (A,AU,B,BH,CL,CO,D,E,IL,JO,KR,MA,OM,P,PA,PE,S,SG)",25%
851290,Parts:,85,0.0,,
8512902000,Of signaling equipment,85,0.025,"Free (A*,AU,B,BH,CL,CO,D,E,IL,JO,KR,MA,OM,P,PA,PE,S,SG)",35%
8512904000,Of a kind used on bicycles,85,0.0,,45%
8512906000,Other,85,0.0,,25%
8512907000,Of defrosters and demisters,85,0.025,"Free (A*,AU,BH,CL,CO,D,E,IL,JO,KR,MA,OM,P,PA,PE,S,SG)",35%
8512909000,Other,85,0.025,"Free (A*,AU,B,BH,CL,CO,D,E,IL,JO,KR,MA,OM,P,PA,PE,S,SG)",25%
8513,"Portable electric lamps designed to function by their own source of energy (for example, dry batteries, storage batteries, magnetos), other than lighting equipment of heading 8512; parts thereof:",85,0.0,,
851310,Lamps:,85,0.0,,
8513102000,Flashlights,85,0.125,"Free (A*,AU,BH,CL,CO,D,E,IL,JO,KR,MA,OM,P,PA,PE,S,SG)",35%
8513104000,Other,85,0.035,"Free (A*,AU,BH,CL,CO,D,E,IL,JO,KR,MA,OM,P,PA,PE,S,SG)",40%
851390,Parts:,85,0.0,,
8513902000,Of flashlights,85,0.125,"Free (A*,AU,BH,CL,CO,D,E,IL,JO,KR,MA,OM,P,PA,PE,S,SG)",35%
8513904000,Other,85,0.035,"Free (A*,AU,BH,CL,CO,D,E,IL,JO,KR,MA,OM,P,PA,PE,S,SG)",40%
8514,Industrial or laboratory electric furnaces and ovens (including those functioning by induction or dielectric loss); other industrial or laboratory equipment for the heat treatment of materials by induction or dielectric loss; parts thereof:,85,0.0,,
8514110000,Hot isostatic presses,85,0.0,,35%
8514190000,Other,85,0.0,,35%
851420,Furnaces and ovens functioning by induction or dielectric loss:,85,0.0,,
8514204000,"For making hot drinks, or for cooking or heating food",85,0.04,"Free (A*,AU,BH,C,CL,CO,D,E,IL,JO,KR,MA,OM,P,PA,PE,S,SG)",35%
8514206000,Other,85,0.042,"Free (A*,AU,BH,CL,CO,D,E,IL,JO,KR,MA,OM,P,PA,PE,S,SG)",35%
8514208000,Other,85,0.0,,35%
851431,Electron beam furnaces:,85,0.0,,
8514311000,Of a kind used solely or principally for the manufacture of printed circuits or printed circuit assemblies,85,0.0,,35%
8514319000,Other,85,0.013000000000000001,"Free (A,AU,BH,CL,CO,D,E,IL,JO,KR,MA,OM,P,PA,PE,S,SG)",35%
851432,Plasma and vacuum arc furnaces:,85,0.0,,
8514321000,Of a kind used solely or principally for the manufacture of printed circuits or printed circuit assemblies,85,0.0,,35%
8514329000,Other,85,0.013000000000000001,"Free (A,AU,BH,CL,CO,D,E,IL,JO,KR,MA,OM,P,PA,PE,S,SG)",35%
851439,Other:,85,0.0,,
8514391000,Of a kind used solely or principally for the manufacture of printed circuits or printed circuit assemblies,85,0.0,,35%
8514399000,Other,85,0.013000000000000001,"Free (A,AU,BH,CL,CO,D,E,IL,JO,KR,MA,OM,P,PA,PE,S,SG)",35%
8514400000,Other equipment for the heat treatment of materials by induction or dielectric loss,85,0.0,,35%
851490,Parts:,85,0.0,,
8514904000,Of microwave ovens,85,0.04,"Free (A,AU,BH,CL,CO,D,E,IL,JO,KR,MA,OM,P,PA,PE,S,SG)",35%
8514908000,Other,85,0.0,,35%
8515,"Electric (including electrically heated gas), laser or other light or photon beam, ultrasonic, electron beam, magnetic pulse or plasma arc soldering, brazing or welding machines and apparatus, whether or not capable of cutting; electric machines and apparatus for hot spraying of metals or cermets; parts thereof:",85,0.0,,
8515110000,Soldering irons and guns,85,0.025,"Free (A*,AU,BH,CL,CO,D,E,IL,JO,KR,MA,OM,P,PA,PE,S,SG)",35%
8515190000,Other,85,0.0,,35%
8515210000,Fully or partly automatic,85,0.0,,35%
8515290000,Other,85,0.0,,35%
8515310000,Fully or partly automatic,85,0.016,"Free (A*,AU,BH,CL,CO,D,E,IL,JO,JP,KR,MA,OM,P,PA,PE,S,SG)",35%
85153900,Other,85,0.016,"Free (A,AU,BH,CL,CO,D,E,IL,JO,KR,MA,OM,P,PA,PE,S,SG)",35%
8515390020,AC transformer type,85,0.0,,
8515390040,Other,85,0.0,,
8515390060,Rotating type,85,0.0,,
85158000,Other machines and apparatus,85,0.0,,35%
8515800040,Ultrasonic welding machines,85,0.0,,
8515800080,Other,85,0.0,,
851590,Parts:,85,0.0,,
8515902000,Of welding machines and apparatus,85,0.016,"Free (A,AU,BH,CL,CO,D,E,IL,JO,JP,KR,MA,OM,P,PA,PE,S,SG)",35%
8515904000,Other parts,85,0.0,,35%
8516,"Electric instantaneous or storage water heaters and immersion heaters; electric space heating apparatus and soil heating apparatus; electrothermic hairdressing apparatus (for example, hair dryers, hair curlers, curling tong heaters) and hand dryers; electric flatirons; other electrothermic appliances of a kind used for domestic purposes; electric heating resistors, other than those of heading 8545; parts thereof:",85,0.0,,
85161000,Electric instantaneous or storage water heaters and immersion heaters,85,0.0,,35%
8516100040,Storage water heaters,85,0.0,,
8516100080,Other water heaters and immersion heaters,85,0.0,,
8516210000,Storage heating radiators,85,0.0,,35%
85162900,Other,85,0.037000000000000005,"Free (A,AU,B,BH,CL,CO,D,E,IL,JO,KR,MA,OM,P,PA,PE,S,SG)",35%
8516290030,Fan-forced,85,0.0,,
8516290060,Other,85,0.0,,
8516290090,Other,85,0.0,,
8516310000,Hair dryers,85,0.039,"Free (A,AU,BH,CL,CO,D,E,IL,JO,KR,MA,OM,P,PA,PE,S,SG)",35%
85163200,Other hairdressing apparatus,85,0.039,"Free (A,AU,BH,CL,CO,D,E,IL,JO,KR,MA,OM,P,PA,PE,S,SG)",35%
8516320020,Curlers,85,0.0,,
8516320040,Other,85,0.0,,
8516330000,Hand-drying apparatus,85,0.0,,35%
851640,Electric flatirons:,85,0.0,,
8516402000,Travel type,85,0.0,,35%
8516404000,Other,85,0.027999999999999997,"Free (A,AU,BH,CL,CO,D,E,IL,JO,KR,MA,OM,P,PA,PE,S,SG)",40%
85165000,Microwave ovens,85,0.02,"Free (A*,AU,BH,CL,CO,D,E,IL,JO,KR,MA,OM,P,PA,PE,S,SG)",35%
8516500030,Having a capacity not exceeding 22.5 liters,85,0.0,,
8516500060,Having a capacity exceeding 22.5 liters but not exceeding 31.0 liters,85,0.0,,
8516500090,Having a capacity exceeding 31.0 liters,85,0.0,,
851660,"Other ovens; cooking stoves, ranges, cooking plates, boiling rings, grillers and roasters:",85,0.0,,
85166040,"Cooking stoves, ranges and ovens",85,0.0,,35%
8516604060,Microwave oven combinations,85,0.0,,
8516604070,Portable,85,0.0,,
8516604074,Of a maximum width not exceeding <il>70 centimeters</il>,85,0.0,,
8516604078,Containing a gas fueled cooktop,85,0.0,,
8516604082,Containing a radiant heated cooktop,85,0.0,,
8516604086,Other,85,0.0,,
8516606000,Other,85,0.027000000000000003,"Free (A*,AU,BH,CL,CO,D,E,IL,JO,KR,MA,OM,P,PA,PE,S,SG)",40%
85167100,Coffee or tea makers,85,0.037000000000000005,"Free (A*,AU,BH,CL,CO,D,E,IL,JO,KR,MA,OM,P,PA,PE,S,SG)",40%
8516710020,Automatic drip and pump type,85,0.0,,
8516710040,Percolator,85,0.0,,
8516710060,Other,85,0.0,,
8516710080,Other,85,0.0,,
8516720000,Toasters,85,0.053,"Free (A,AU,BH,CL,CO,D,E,IL,JO,KR,MA,OM,P,PA,PE,S,SG)",40%
8516790000,Other,85,0.027000000000000003,"Free (A*,AU,BH,CL,CO,D,E,IL,JO,KR,MA,OM,P,PA,PE,S,SG)",40%
851680,Electric heating resistors:,85,0.0,,
8516804000,"Assembled only with simple insulated former and electrical connections, used for anti-icing or deicing",85,0.0,,35%
8516808000,Other,85,0.0,,35%
851690,Parts:,85,0.0,,
8516900500,"Of heaters or heating apparatus of subheading 8516.10, 8516.21 or 8516.29",85,0.037000000000000005,"Free (A*,AU,B,BH,CL,CO,D,E,IL,JO,KR,MA,OM,P,PA,PE,S,SG)",35%
8516901500,Housings for the hand-drying apparatus of subheading 8516.33,85,0.039,"Free (A*,AU,BH,CL,CO,D,E,IL,JO,KR,MA,OM,P,PA,PE,S,SG)",35%
8516902500,Housings and steel bases for the electric flatirons of subheading 8516.40,85,0.039,"Free (A*,AU,BH,CL,CO,D,E,IL,JO,KR,MA,OM,P,PA,PE,S,SG)",35%
8516903500,"Assemblies, incorporating more than one of the following: cooking chamber; structural supporting chassis; door; outer case",85,0.0,,35%
8516904500,Printed circuit assemblies,85,0.0,,35%
8516905000,Other,85,0.0,,35%
8516905500,"Cooking chambers, whether or not assembled",85,0.0,,35%
8516906500,Top surface panels with or without heating elements or controls,85,0.0,,35%
8516907500,"Door assemblies, incorporating more than one of the following: inner panel; outer panel; window; insulation",85,0.0,,35%
85169080,Other,85,0.0,,35%
8516908010,Shelving and racks for cooking stoves and ranges,85,0.0,,
8516908050,Other,85,0.0,,
8516908500,Housings for toasters,85,0.039,"Free (A*,AU,BH,CL,CO,D,E,IL,JO,KR,MA,OM,P,PA,PE,S,SG)",35%
8516909000,Other,85,0.039,"Free (A*,AU,BH,CL,CO,D,E,IL,JO,KR,MA,OM,P,PA,PE,S,SG)",35%
8517,"Telephone sets, including smartphones and other telephones for cellular networks or for other wireless networks; other apparatus for the transmission or reception of voice, images or other data, including apparatus for communication in a wired or wireless network (such as a local or wide area network), other than transmission or reception apparatus of heading 8443, 8525, 8527 or 8528; parts thereof:",85,0.0,,
8517110000,Line telephone sets with cordless handsets,85,0.0,,35%
8517130000,Smartphones,85,0.0,,35%
85171400,Other telephones for cellular networks or for other wireless networks,85,0.0,,35%
8517140020,Radio telephones designed for installation in motor vehicles for the Public Cellular Radiotelecommunication Service,85,0.0,,
8517140050,Other radio telephones designed for the Public Cellular Radiotelecommunication Service,85,0.0,,
8517140080,Other,85,0.0,,
85171800,Other,85,0.0,,35%
8517180010,Videophones,85,0.0,,
8517180020,"Multiline telephones (including key, call director and consoles)",85,0.0,,
8517180050,Other,85,0.0,,
8517610000,Base stations,85,0.0,,35%
85176200,"Machines for the reception, conversion and transmission or regeneration of voice, images or other data, including switching and routing apparatus",85,0.0,,35%
8517620010,"Modems, of a kind used with data processing machines of heading 8471",85,0.0,,
8517620020,Switching and routing apparatus,85,0.0,,
8517620090,Other,85,0.0,,
8517690000,Other,85,0.0,,35%
8517710000,Aerials and aerial reflectors of all kinds; parts suitable for use therewith,85,0.0,,35%
8517790000,Other,85,0.0,,35%
8518,"Microphones and stands therefor; loudspeakers, whether or not mounted in their enclosures; headphones and earphones, whether or not combined with a microphone, and sets consisting of a microphone and one or more loudspeakers; audio-frequency electric amplifiers; electric sound amplifier sets; parts thereof:",85,0.0,,
851810,Microphones and stands therefor:,85,0.0,,
8518104000,"Microphones having a frequency range of <il>300 Hz</il> to <il>3.4 kHz</il> with a diameter of not exceeding <il>10 mm</il> and a height not exceeding <il>3 mm</il>, for telecommunication use",85,0.0,,35%
85181080,Other,85,0.0,,35%
8518108030,Microphones,85,0.0,,
8518108040,Other,85,0.0,,
8518210000,"Single loudspeakers, mounted in their enclosures",85,0.0,,35%
8518220000,"Multiple loudspeakers, mounted in the same enclosure",85,0.0,,35%
851829,Other:,85,0.0,,
8518294000,"Without housing, having a frequency range of <il>300 Hz</il> to <il>3.4 kHz</il> with a diameter of not exceeding <il>50 mm</il>, for telecommunication use",85,0.0,,35%
8518298000,Other,85,0.0,,35%
851830,"Headphones and earphones, whether or not combined with a microphone, and sets consisting of a microphone and one or more loudspeakers:",85,0.0,,
8518301000,Line telephone handsets,85,0.0,,35%
8518302000,Other,85,0.0,,35%
851840,Audio-frequency electric amplifiers:,85,0.0,,
8518401000,For use as repeaters in line telephony,85,0.0,,35%
8518402000,Other,85,0.0,,35%
8518500000,Electric sound amplifier sets,85,0.0,,35%
851890,Parts:,85,0.0,,
8518902000,Printed circuit assemblies of line telephone handsets; parts of repeaters,85,0.0,,35%
8518904100,Other,85,0.0,,35%
8518906000,Printed circuit assemblies of the articles of subheading 8518.10.40 or 8518.29.40,85,0.0,,35%
8518908100,Other,85,0.0,,35%
8519,Sound recording or reproducing apparatus:,85,0.0,,
8519200000,"Apparatus operated by coins, banknotes, bank cards, tokens or by other means of payment",85,0.0,,35%
851930,Turntables (record-decks):,85,0.0,,
8519301000,With automatic record changing mechanism,85,0.039,"Free (A,AU,B,BH,CL,CO,D,E,IL,JO,KR,MA,OM,P,PA,PE,S,SG)",35%
8519302000,Other,85,0.0,,35%
851981,"Using magnetic, optical or semiconductor media:",85,0.0,,
8519811000,Transcribing machines,85,0.0,,35%
8519812000,Designed exclusively for motor- vehicle installation,85,0.0,,35%
8519812500,Other,85,0.0,,35%
85198130,Other,85,0.0,,35%
8519813010,Optical disc (including compact disc) players,85,0.0,,
8519813020,Other,85,0.0,,
85198141,Other,85,0.0,,35%
8519814105,Telephone answering machines,85,0.0,,
8519814110,Magnetic tape recorders incorporating sound reproducing apparatus,85,0.0,,
8519814120,Optical disc recorders,85,0.0,,
8519814150,Other,85,0.0,,
851989,Other:,85,0.0,,
8519891000,Without loudspeaker,85,0.0,,35%
8519892000,Other,85,0.0,,35%
8519893000,Other,85,0.0,,35%
8521,"Video recording or reproducing apparatus, whether or not incorporating a video tuner:",85,0.0,,
852110,Magnetic tape-type:,85,0.0,,
8521103000,Not capable of recording,85,0.0,,35%
8521106000,Other,85,0.0,,35%
8521109000,Other,85,0.0,,35%
8521900000,Other,85,0.0,,35%
8522,Parts and accessories suitable for use solely or principally with the apparatus of heading 8519 or 8521:,85,0.0,,
8522100000,Pickup cartridges,85,0.039,"Free (A,AU,B,BH,CL,CO,D,E,IL,JO,KR,MA,OM,P,PA,PE,S,SG)",35%
852290,Other:,85,0.0,,
8522902500,Printed circuit assemblies,85,0.0,,35%
8522903600,Other,85,0.0,,35%
8522904500,Printed circuit assemblies,85,0.0,,35%
85229058,Other,85,0.0,,35%
8522905840,Magnetic recording and reproducing heads,85,0.0,,
8522905880,Other,85,0.0,,
8522906500,Printed circuit assemblies,85,0.0,,35%
85229080,Other,85,0.0,,35%
8522908040,Magnetic recording and reproducing heads,85,0.0,,
8522908081,Other,85,0.0,,
8523,"Discs, tapes, solid-state non-volatile storage devices, ""smart cards"" and other media for the recording of sound or of other phenomena, whether or not recorded, including matrices and masters for the production of discs, but excluding products of Chapter 37:",85,0.0,,
8523210000,Cards incorporating a magnetic stripe,85,0.0,,80%
852329,Other:,85,0.0,,
8523291000,Unrecorded magnetic media,85,0.0,,80%
8523292000,Magnetic tapes for reproducing phenomena other than sound or image,85,0.0,,<il>86.1¢/m<sup>2</sup></il> of recording surface
8523293000,News sound recordings relating to current events,85,0.0,,Free
85232940,Other,85,0.0,,86.1¢/m<sup>2</sup>of recording surface
8523294010,Sound recordings on cassette tapes,85,0.0,,
8523294020,Other,85,0.0,,
85232950,Video tape recordings,85,0.0,,3.3¢/lin. m
8523295010,In cassettes,85,0.0,,
8523295020,Other,85,0.0,,
8523296000,Other,85,0.0,,86.1¢/m<sup>2</sup> of recording surface
85232970,Video tape recordings,85,0.0,,3.3¢/lin. m
8523297010,"Of a width not exceeding 16 mm, in cassettes",85,0.0,,
8523297020,Other,85,0.0,,
8523298000,Other,85,0.0,,86.1¢/m<sup>2</sup> of recording surface
8523299000,Other,85,0.0,,86.1¢/m<sup>2</sup> of recording surface
8523410000,Unrecorded,85,0.0,,80%
852349,Other:,85,0.0,,
85234920,For reproducing phenomena other than sound or image,85,0.0,,86.1¢/m<sup>2</sup> of recording surface
8523492010,"Prepackaged software for automatic data processing machines, of a kind sold at retail",85,0.0,,
8523492020,Other,85,0.0,,
8523493000,For reproducing sound only,85,0.0,,86.1¢/m<sup>2</sup> of recording surface
8523494000,"For reproducing representations of instructions, data, sound, and image, recorded in a machine readable binary form, and capable of being manipulated or providing interactivity to a user, by means of an automatic data processing machine; proprietary format recorded discs",85,0.0,,80%
8523495000,Other,85,0.0,,80%
8523510000,Solid-state non-volatile storage devices,85,0.0,,80%
85235200,"""Smart cards""",85,0.0,,35%
8523520010,Unrecorded,85,0.0,,
8523520090,Other,85,0.0,,
8523590000,Other,85,0.0,,35%
852380,Other:,85,0.0,,
8523801000,Phonograph records,85,0.0,,30%
8523802000,Other,85,0.0,,80%
8524,"Flat panel display modules, whether or not incorporating touch-sensitive screens:",85,0.0,,
852411,Of liquid crystals:,85,0.0,,
8524111000,"Flat panel display modules, other than flat panel display modules for articles of subheadings 8528.59, 8528.69, 8528.72 and 8528.73",85,0.0,,45%
8524119000,Other,85,0.045,"Free (A,AU, BH,CL, CO,D,E,IL,JO,KR,MA,OM,P, PA,PE,S,SG)",45%
8524120000,Of organic light-emitting diodes (OLED),85,0.0,,45%
8524190000,Other,85,0.0,,45%
852491,Of liquid crystals:,85,0.0,,
8524911000,"Flat panel display modules, other than flat panel display modules for articles of subheadings 8528.59, 8528.69, 8528.72 and 8528.73",85,0.0,,45%
8524919000,Other,85,0.045,"Free (A,AU, BH,CL, CO,D,E,IL,JO,KR,MA,OM,P, PA,PE,S,SG)",45%
8524920000,Of organic light-emitting diodes (OLED),85,0.0,,45%
8524990000,Other,85,0.0,,45%
8525,"Transmission apparatus for radio-broadcasting or television, whether or not incorporating reception apparatus or sound recording or reproducing apparatus; television cameras, digital cameras and video camera recorders:",85,0.0,,
852550,Transmission apparatus:,85,0.0,,
8525501000,Set top boxes which have a communication function,85,0.0,,35%
85255030,Other,85,0.0,,35%
8525503015,Apparatus for the reception of television signals relayed by television satellite,85,0.0,,
8525503035,"Converters, decoders, preamplifiers, line amplifiers, distribution amplifiers and other amplifiers; directional couplers and other couplers; all the foregoing designed for cable or closed-circuit television applications",85,0.0,,
8525503040,Other,85,0.0,,
85255070,For radiobroadcasting,85,0.0,,35%
8525507010,Transmitters,85,0.0,,
8525507050,Other,85,0.0,,
852560,Transmission apparatus incorporating reception apparatus:,85,0.0,,
85256010,Transceivers,85,0.0,,35%
8525601010,Citizens Band (CB),85,0.0,,
8525601020,Low-power radiotelephonic transceivers operating on frequencies from 49.82 to <il>49.90 MHz</il>,85,0.0,,
8525601030,Hand-held,85,0.0,,
8525601040,Marine VHF-FM,85,0.0,,
8525601050,Other,85,0.0,,
8525602000,Other,85,0.0,,35%
8525810000,High-speed goods as specified in subheading note 1 to this chapter,85,0.0,,35%
8525820000,"Other, radiation-hardened or radiation-tolerant goods as specified in subheading note 2 to this chapter",85,0.0,,35%
8525830000,"Other, night vision goods as specified in subheading note 3 to this chapter",85,0.0,,35%
852589,Other:,85,0.0,,
8525891000,Gyrostabilized television cameras,85,0.0,,35%
8525892000,Studio television cameras excluding shoulder-carried and other portable cameras,85,0.0,,35%
8525893000,Other,85,0.0,,35%
8525894000,Digital still image video cameras,85,0.0,,35%
85258950,Other,85,0.0,,35%
8525895030,Camcorders,85,0.0,,
8525895050,Other,85,0.0,,
8526,"Radar apparatus, radio navigational aid apparatus and radio remote control apparatus:",85,0.0,,
85261000,Radar apparatus,85,0.0,,35%
8526100020,Designed for boat or ship installation,85,0.0,,
8526100040,Other,85,0.0,,
85269100,Radio navigational aid apparatus,85,0.0,,35%
8526910020,Reception only apparatus,85,0.0,,
8526910040,Other,85,0.0,,
852692,Radio remote control apparatus:,85,0.0,,
8526921000,Radio remote control apparatus for video game consoles,85,0.0,,35%
8526925000,Other,85,0.0,,35%
8527,"Reception apparatus for radiobroadcasting, whether or not combined, in the same housing, with sound recording or reproducing apparatus or a clock:",85,0.0,,
8527120000,Pocket-size radio cassette players,85,0.0,,35%
852713,Other apparatus combined with sound recording or reproducing apparatus:,85,0.0,,
8527131100,Combinations incorporating tape players which are incapable of recording,85,0.0,,35%
85271320,Radio-tape recorder combinations,85,0.0,,35%
8527132015,Cassette type,85,0.0,,
8527132025,Other,85,0.0,,
8527134000,Radio-phonograph combinations,85,0.0,,35%
85271360,Other,85,0.0,,35%
8527136040,Incorporating optical disc (including compact disc) players or recorders,85,0.0,,
8527136080,Other,85,0.0,,
852719,Other:,85,0.0,,
8527191000,"Valued not over $40 each, incorporating a clock or clock-timer, not in combination with any other article, and not designed for motor vehicle installation",85,0.0,,35%
85271950,Other,85,0.0,,35%
8527195010,FM only or AM/FM only,85,0.0,,
8527195025,Other,85,0.0,,
852721,Combined with sound recording or reproducing apparatus:,85,0.0,,
8527211500,Combined with sound recording or reproducing apparatus capable of receiving and decoding digital radio data system signals,85,0.0,,35%
85272125,Other,85,0.02,"Free (A*,AU,B,BH,CL,CO,D,E,IL,JO,KR,MA,OM,P,PA,PE,S,SG)",35%
8527212510,Incorporating optical disc (including compact disc) players or recorders,85,0.0,,
8527212525,Other,85,0.0,,
85272140,Other,85,0.0,,35%
8527214040,Incorporating optical disc (including compact disc) players or recorders,85,0.0,,
8527214080,Other,85,0.0,,
852729,Other:,85,0.0,,
8527294000,FM only or AM/FM only,85,0.0,,35%
8527298000,Other,85,0.0,,35%
852791,Combined with sound recording or reproducing apparatus:,85,0.0,,
8527910500,Articles designed for connection to telegraphic or telephonic apparatus or instruments or to telegraphic or telephonic networks,85,0.0,,35%
8527914000,Combinations incorporating tape players which are incapable of recording,85,0.0,,35%
8527915000,Other combinations incorporating tape recorders,85,0.0,,35%
85279160,Other,85,0.0,,35%
8527916040,Incorporating optical disc (including compact disc) players or recorders,85,0.0,,
8527916080,Other,85,0.0,,
852792,Not combined with sound recording or reproducing apparatus but combined with a clock:,85,0.0,,
8527921000,Valued not over $40 each,85,0.0,,35%
8527925000,Other,85,0.0,,35%
852799,Other:,85,0.0,,
8527991000,"Infant nursery monitor systems, each consisting in the same package of a radio transmitter, an electrical adapter, and a radio receiver",85,0.0,,35%
8527991500,Other radio receivers,85,0.0,,35%
8527994000,Other,85,0.0,,35%
8528,"Monitors and projectors, not incorporating television reception apparatus; reception apparatus for television, whether or not incorporating radio-broadcast receivers or sound or video recording or reproducing apparatus:",85,0.0,,
8528420000,Capable of directly connecting to and designed for use with an automatic data processing machine of heading 8471,85,0.0,,35%
852849,Other:,85,0.0,,
8528490500,Incorporating video recording or reproducing apparatus,85,0.0,,25%
8528491000,Other,85,0.0,,35%
8528491500,With a video display diagonal not exceeding <il>34.29 cm</il>,85,0.0,,25%
8528492000,Other,85,0.0,,25%
8528492500,With a video display diagonal not exceeding <il>34.29 cm</il>,85,0.0,,35%
8528493000,Other,85,0.0,,35%
8528493500,Incorporating video recording or reproducing apparatus,85,0.0,,25%
8528494000,Other,85,0.0,,35%
8528494500,Incorporating video recording or reproducing apparatus,85,0.0,,25%
8528495000,Other,85,0.0,,35%
8528496000,Incorporating video recording or reproducing apparatus,85,0.0,,25%
8528496500,Other,85,0.0,,35%
8528497000,Incorporating video recording or reproducing apparatus,85,0.0,,25%
8528497500,Other,85,0.0,,35%
8528498000,Black and white or other monochrome,85,0.0,,35%
8528520000,Capable of directly connecting to and designed for use with an automatic data processing machine of heading 8471,85,0.0,,35%
852859,Other:,85,0.0,,
8528590500,Incorporating video recording or reproducing apparatus,85,0.0,,25%
8528591000,Other,85,0.0,,35%
8528591500,With a video display diagonal not exceeding <il>34.29 cm</il>,85,0.0,,25%
8528592300,Other,85,0.039,"Free (A*,AU,BH,CL,CO,D,E,IL,JO,KR,MA,OM,P,PA,PE,S,SG)",25%
8528592500,With a video display diagonal not exceeding <il>34.29 cm</il>,85,0.0,,35%
85285933,Other,85,0.05,"Free (A+,AU,B,BH,CL,CO,D,E,IL, JO,KR,MA, OM,P,PA,PE,S,SG)",35%
8528593310,Plasma-type,85,0.0,,
8528593350,LCD-type (direct view),85,0.0,,
8528593370,Other,85,0.0,,
8528593500,With a video display diagonal not exceeding <il>34.29 cm</il>,85,0.0,,25%
8528594000,Other,85,0.039,"Free (A*,AU,BH,CL,CO,D,E,IL,JO,KR,MA,OM,P,PA,PE,S,SG)",25%
8528594500,With a video display diagonal not exceeding <il>34.29 cm</il>,85,0.0,,35%
8528595000,Other,85,0.05,"Free (A+,AU,B,BH,CL,CO,D,E,IL, JO,KR,MA, OM,P,PA,PE,S,SG)",35%
8528596000,Black and white or other monochrome,85,0.05,"Free (A+,AU,B,BH,CL,CO,D,E,IL, JO,KR,MA, OM,P,PA,PE,S,SG)",35%
8528620000,Capable of directly connecting to and designed for use with an automatic data processing machine of heading 8471,85,0.0,,35%
852869,Other:,85,0.0,,
8528690500,Incorporating video recording or reproducing apparatus,85,0.0,,25%
8528691000,Other,85,0.0,,35%
8528691500,Incorporating video recording or reproducing apparatus,85,0.039,"Free (A,AU,BH,CL,CO,D,E,IL,JO,KR,MA,OM,P,PA,PE,S,SG)",25%
8528692000,Other,85,0.05,"Free (A+,AU,B,BH,CL,CO,D,E,IL, JO,KR,MA, OM,P,PA,PE,S,SG)",35%
8528692500,Incorporating video recording or reproducing apparatus,85,0.039,"Free (A,AU,BH,CL,CO,D,E,IL,JO,KR,MA,OM,P,PA,PE,S,SG)",25%
8528693000,Other,85,0.05,"Free (A+,AU,B,BH,CL,CO,D,E,IL, JO,KR,MA, OM,P,PA,PE,S,SG)",35%
8528693500,With a video display diagonal not exceeding <il>34.29 cm</il>,85,0.0,,25%
8528694000,Other,85,0.039,"Free (A,AU,BH,CL,CO,D,E,IL,JO,KR,MA,OM,P,PA,PE,S,SG)",25%
8528694500,With a video display diagonal not exceeding <il>34.29 cm</il>,85,0.0,,35%
8528695000,Other,85,0.05,"Free (A+,AU,B,BH,CL,CO,D,E,IL, JO,KR,MA, OM,P,PA,PE,S,SG)",35%
8528695500,Incorporating video recording or reproducing apparatus,85,0.039,"Free (A,AU,BH,CL,CO,D,E,IL,JO,KR,MA,OM,P,PA,PE,S,SG)",25%
8528696000,Other,85,0.05,"Free (A+,AU,B,BH,CL,CO,D,E,IL, JO,KR,MA, OM,P,PA,PE,S,SG)",35%
8528697000,Black and white or other monochrome,85,0.05,"Free (A+,AU,B,BH,CL,CO,D,E,IL, JO,KR,MA, OM,P,PA,PE,S,SG)",35%
852871,Not designed to incorporate a video display or screen:,85,0.0,,
8528711000,Incorporating video recording or reproducing apparatus,85,0.0,,25%
8528712000,Set top boxes which have a communications function,85,0.0,,35%
8528713000,"Printed circuit assemblies incorporating a tuner, of a kind used with data processing machines of heading 8471",85,0.0,,35%
8528714000,Color,85,0.0,,35%
8528714500,Black and white or other monochrome,85,0.0,,35%
852872,"Other, color:",85,0.0,,
8528720400,Incorporating video recording or reproducing apparatus,85,0.0,,25%
8528720800,Other,85,0.0,,35%
8528721200,With a video display diagonal not exceeding <il>34.29 cm</il>,85,0.0,,25%
8528721600,Other,85,0.039,"Free (A,AU,BH,CL,CO,D,E,IL,JO,JP,KR,MA,OM,P,PA,PE,S,SG)",25%
8528722000,With a video display diagonal not exceeding <il>34.29 cm</il>,85,0.0,,35%
8528722400,Other,85,0.05,"Free (A+,AU,B,BH,CL,CO,D,E,IL,JO,JP,KR,MA,OM,P,PA,PE,S,SG)",35%
8528722800,Incorporating video recording or reproducing apparatus,85,0.039,"Free (A,AU,BH,CL,CO,D,E,IL,JO,JP,KR,MA,OM,P,PA,PE,S,SG)",25%
8528723200,Other,85,0.05,"Free (A+,AU,B,BH,CL,CO,D,E,IL,JO,JP,KR,MA,OM,P,PA,PE,S,SG)",35%
8528723600,Incorporating video recording or reproducing apparatus,85,0.039,"Free (A,AU,BH,CL,CO,D,E,IL,JO,JP,KR,MA,OM,P,PA,PE,S,SG)",25%
8528724000,Other,85,0.05,"Free (A+,AU,B,BH,CL,CO,D,E,IL,JO,JP,KR,MA,OM,P,PA,PE,S,SG)",35%
8528724400,Incorporating video recording or reproducing apparatus,85,0.039,"Free (A,AU,BH,CL,CO,D,E,IL,JO,JP,KR,MA,OM,P,PA,PE,S,SG)",25%
8528724800,Other,85,0.05,"Free (A+,AU,B,BH,CL,CO,D,E,IL,JO,JP,KR,MA,OM,P,PA,PE,S,SG)",35%
8528725200,Incorporating video recording or reproducing apparatus,85,0.039,"Free (A,AU,BH,CL,CO,D,E,IL,JO,JP,KR,MA,OM,P,PA,PE,S,SG)",25%
8528725600,Other,85,0.05,"Free (A+,AU,B,BH,CL,CO,D,E,IL,JO,JP,KR,MA,OM,P,PA,PE,S,SG)",35%
8528726200,With a video display diagonal not exceeding <il>34.29 cm</il>,85,0.0,,25%
85287264,Other,85,0.039,"Free (A*,AU,BH,CL,CO,D,E,IL,JO,JP,KR,MA,OM,P,PA,PE,S,SG)",25%
8528726420,Not exceeding 75 cm,85,0.0,,
8528726430,Exceeding 75 cm but not exceeding 88 cm,85,0.0,,
8528726440,Exceeding 88 cm but not exceeding 113 cm,85,0.0,,
8528726460,Exceeding 113 cm,85,0.0,,
8528726800,With a video display diagonal not exceeding <il>34.29 cm</il>,85,0.0,,35%
85287272,Other,85,0.05,"Free (A+,AU,B,BH,CL,CO,D,E,IL,JO,JP,KR,MA,OM,P,PA,PE,S,SG)",35%
8528727220,Not exceeding 75 cm,85,0.0,,
8528727230,Exceeding 75 cm but not exceeding 88 cm,85,0.0,,
8528727240,Exceeding 88 cm but not exceeding 113 cm,85,0.0,,
8528727260,Exceeding 113 cm,85,0.0,,
8528727290,"Other, including plasma-type",85,0.0,,
8528727600,With a video display diagonal not exceeding <il>34.29 cm</il>,85,0.0,,25%
8528728000,Other,85,0.039,"Free (A,AU,BH,CL,CO,D,E,IL,JO,JP,KR,MA,OM,P,PA,PE,S,SG)",25%
8528728400,With a video display diagonal not exceeding <il>34.29 cm</il>,85,0.0,,35%
8528729700,Other,85,0.05,"Free (A+,AU,B,BH,CL,CO,D,E,IL,JO,JP,KR,MA,OM,P,PA,PE,S,SG)",35%
8528730000,"Other, monochrome",85,0.05,"Free (A+,AU,B,BH,CL,CO,D,E,IL, JO,KR,MA, OM,P,PA,PE,S,SG)",35%
8529,Parts suitable for use solely or principally with the apparatus of headings 8524 to 8528:,85,0.0,,
852910,Antennas and antenna reflectors of all kinds; parts suitable for use therewith:,85,0.0,,
85291021,Television,85,0.0,,35%
8529102120,Receiving only,85,0.0,,
8529102150,Other,85,0.0,,
8529102190,Other,85,0.0,,
85291040,"Radar, radio navigational aid and radio remote control",85,0.0,,35%
8529104040,Antennas,85,0.0,,
8529104080,Other,85,0.0,,
8529109100,Other,85,0.0,,35%
852990,Other:,85,0.0,,
8529900400,Tuners,85,0.0,,35%
8529900500,Entered with components enumerated in additional U.S. note 4 to this chapter,85,0.0,,35%
8529900600,Other,85,0.0,,35%
8529900900,For television cameras,85,0.0,,35%
8529901300,Other,85,0.0,,35%
85299016,"Assemblies and subassemblies, consisting of 2 or more parts or pieces fastened or joined together",85,0.0,,35%
8529901620,Of radar apparatus,85,0.0,,
8529901640,Of radio navigational aid apparatus (except radar),85,0.0,,
8529901660,Other,85,0.0,,
85299019,Other,85,0.0,,35%
8529901920,Of radar apparatus,85,0.0,,
8529901940,Of radio navigational aid apparatus (except radar),85,0.0,,
8529901960,Other,85,0.0,,
8529902100,Other,85,0.0,,35%
8529902401,"Transceiver assemblies for the apparatus of subheading 8526.10, other than printed circuit assemblies",85,0.0,,35%
8529902900,Tuners,85,0.0,,35%
8529903300,Entered with components enumerated in additional U.S. note 4 to this chapter,85,0.0,,35%
8529903600,Other,85,0.0,,35%
8529903900,Other,85,0.0,,35%
8529904300,Entered with components enumerated in additional U.S. note 4 to this chapter,85,0.0,,35%
8529904600,Other,85,0.0,,35%
8529904900,Other,85,0.0,,35%
8529905500,"Flat panel screen assemblies for the apparatus of subheadings 8528.59.15, 8528.59.23, 8528.59.25, 8528.59.33, 8528.69.35, 8525.69.40, 8528.69.45, 8528.69.50, 8528.72.62, 8528.72.64, 8528.72.68 and 8528.72.72",85,0.0,,35%
8529906300,For television cameras,85,0.0,,35%
8529906800,Other,85,0.0,,35%
8529907300,"Of radar, radio navigational aid or radio remote control apparatus",85,0.0,,35%
8529907700,Other,85,0.0,,35%
8529907800,"Mounted lenses suitable for use in, and entered separately from, closed-circuit television cameras, with or without attached electrical or non-electrical closed-circuit television camera connectors, and with or without attached motors",85,0.0,,35%
8529908100,Other,85,0.0,,35%
8529908300,Other,85,0.0,,35%
8529908700,Other,85,0.0,,35%
8529908800,Entered with components enumerated in additional U.S. note 4 to this chapter,85,0.0,,35%
8529908900,Other,85,0.0,,35%
85299093,Other,85,0.0,,35%
8529909345,"Convergence assemblies, focus coils and degaussing coils",85,0.0,,
8529909380,Other,85,0.0,,
85299095,"Assemblies and subassemblies, consisting of 2 or more parts or pieces fastened or joined together",85,0.0,,35%
8529909520,Of radar apparatus,85,0.0,,
8529909540,Of radio navigational aid apparatus (except radar),85,0.0,,
8529909560,Other,85,0.0,,
85299097,Other,85,0.0,,35%
8529909720,Of radar apparatus,85,0.0,,
8529909740,Of radio navigational aid apparatus (except radar),85,0.0,,
8529909760,Other,85,0.0,,
8529909800,Other,85,0.0,,35%
8530,"Electrical signaling, safety or traffic control equipment for railways, streetcar lines, subways, roads, inland waterways, parking facilities, port installations or airfields (other than those of heading 8608); parts thereof:",85,0.0,,
8530100000,"Equipment for railways, streetcar lines or subways",85,0.0,,35%
8530800000,Other equipment,85,0.0,,35%
8530900000,Parts,85,0.0,,35%
8531,"Electric sound or visual signaling apparatus (for example, bells, sirens, indicator panels, burglar or fire alarms), other than those of heading 8512 or 8530; parts thereof:",85,0.0,,
85311000,Burglar or fire alarms and similar apparatus,85,0.013000000000000001,"Free (A,AU,B,BH,C,CL,CO,D,E,IL,JO,KR,MA,OM,P,PA,PE,S,SG)",35%
8531100015,Battery powered,85,0.0,,
8531100025,Other,85,0.0,,
8531100035,Burglar alarms,85,0.0,,
8531100045,Other,85,0.0,,
85312000,Indicator panels incorporating liquid crystal devices (LCD's) or light emitting diodes (LED),85,0.0,,35%
8531200020,Incorporating LCD's,85,0.0,,
8531200040,Other,85,0.0,,
853180,Other apparatus:,85,0.0,,
8531801500,"Doorbells, chimes, buzzers and similar apparatus",85,0.013000000000000001,"Free (A,AU,B,BH,C,CL,CO,D,E,IL,JO,KR,MA,OM,P,PA,PE,S,SG)",35%
85318090,Other,85,0.0,,35%
8531809005,Incorporating electric discharge (fluorescent) devices,85,0.0,,
8531809026,Other,85,0.0,,
8531809031,Horns,85,0.0,,
8531809041,Other sound signaling apparatus,85,0.0,,
8531809051,Other,85,0.0,,
853190,Parts:,85,0.0,,
8531901500,Of the panels of subheading 8531.20,85,0.0,,35%
8531903000,Other,85,0.0,,35%
8531907500,Of the panels of subheading 8531.20,85,0.0,,35%
8531909001,Other,85,0.0,,35%
8532,"Electrical capacitors, fixed, variable or adjustable (pre-set); parts thereof:",85,0.0,,
8532100000,Fixed capacitors designed for use in <il>50/60 Hz</il> circuits and having a reactive power handling capacity of not less than <il>0.5 kvar (power capacitors)</il>,85,0.0,,35%
85322100,Tantalum,85,0.0,,35%
8532210020,Metal case,85,0.0,,
8532210040,Dipped,85,0.0,,
8532210050,Designed for surface mounting (SMD) by contact,85,0.0,,
8532210080,Other,85,0.0,,
85322200,Aluminum electrolytic,85,0.0,,35%
8532220020,Not exceeding 18 mm in diameter,85,0.0,,
8532220040,Exceeding 18 mm but not exceeding 35 mm in diameter,85,0.0,,
8532220055,Exceeding 35 mm but not exceeding 51 mm in diameter,85,0.0,,
8532220085,Exceeding 51 mm in diameter,85,0.0,,
85322300,"Ceramic dielectric, single layer",85,0.0,,35%
8532230020,Chips,85,0.0,,
8532230040,Axial leads,85,0.0,,
8532230060,Radial leads,85,0.0,,
85322400,"Ceramic dielectric, multilayer",85,0.0,,35%
8532240020,Chips,85,0.0,,
8532240040,Axial leads,85,0.0,,
8532240060,Radial leads,85,0.0,,
85322500,Dielectric of paper or plastics,85,0.0,,35%
8532250010,Less than 300 V,85,0.0,,
8532250020,"300 V or greater, but less than <il>600 V</il>",85,0.0,,
8532250030,"600 V or greater, but less than <il>1,000 V</il>",85,0.0,,
8532250040,"<il>1,000 V</il> or greater",85,0.0,,
8532250045,Designed for surface mounting (SMD) by contact,85,0.0,,
8532250055,Other,85,0.0,,
8532250060,Axial leads,85,0.0,,
8532250070,Radial leads,85,0.0,,
8532250080,Other,85,0.0,,
85322900,Other,85,0.0,,35%
8532290020,Mica dielectric,85,0.0,,
8532290040,Other,85,0.0,,
85323000,Variable or adjustable (pre-set) capacitors,85,0.0,,35%
8532300010,"Mica, ceramic or glass dielectric",85,0.0,,
8532300090,Other,85,0.0,,
8532900000,Parts,85,0.0,,35%
8533,"Electrical resistors (including rheostats and potentiometers), other than heating resistors; parts thereof:",85,0.0,,
85331000,"Fixed carbon resistors, composition or film types",85,0.0,,35%
8533100020,Having more than two terminals (resistor networks),85,0.0,,
8533100042,Having two terminals,85,0.0,,
8533100057,Having more than two leads (resistor networks),85,0.0,,
8533100060,Carbon composition,85,0.0,,
8533100065,Carbon film,85,0.0,,
85332100,For a power handling capacity not exceeding <il>20 W</il>,85,0.0,,35%
8533210010,Dual-in-line package,85,0.0,,
8533210020,Other (including flat packs),85,0.0,,
8533210030,Flat resistor chips,85,0.0,,
8533210040,"Cylindrical leadless resistors (including metal film, metal oxide and thick cement film)",85,0.0,,
8533210050,Single-in-line,85,0.0,,
8533210060,Dual-in-line,85,0.0,,
8533210070,Other,85,0.0,,
8533210080,Wirewound,85,0.0,,
8533210090,"Other (including metal film, metal oxide and thick cement film)",85,0.0,,
8533290000,Other,85,0.0,,35%
8533310000,For a power handling capacity not exceeding <il>20 W</il>,85,0.0,,35%
85333900,Other,85,0.0,,35%
8533390040,Dimmers,85,0.0,,
8533390080,Other,85,0.0,,
853340,"Other variable resistors, including rheostats and potentiometers:",85,0.0,,
8533404000,Metal oxide varistors,85,0.0,,35%
85334080,Other,85,0.0,,35%
8533408040,Rheostat and resistor type motor starters and controllers,85,0.0,,
8533408050,Cermet,85,0.0,,
8533408060,Metal glaze,85,0.0,,
8533408070,Other,85,0.0,,
853390,Parts:,85,0.0,,
8533904000,"For the goods of subheading 8533.40, of ceramic or metallic materials, electrically or mechanically reactive to changes in temperature",85,0.0,,35%
8533908000,Other,85,0.0,,35%
85340000,Printed circuits,85,0.0,,35%
8534000020,With 3 or more layers of conducting materials,85,0.0,,
8534000040,Other,85,0.0,,
8534000050,Having a base wholly of impregnated paper,85,0.0,,
8534000070,Other,85,0.0,,
8534000080,Flexible type,85,0.0,,
8534000085,"Other, having a ceramic base",85,0.0,,
8534000095,Other,85,0.0,,
8535,"Electrical apparatus for switching or protecting electrical circuits, or for making connections to or in electrical circuits (for example, switches, fuses, lightning arresters, voltage limiters, surge suppressors, plugs and other connectors, junction boxes), for a voltage exceeding <il>1,000 V</il>:",85,0.0,,
85351000,Fuses,85,0.027000000000000003,"Free (A,AU,BH,CL,CO,D,E,IL,JO,KR,MA,OM,P,PA,PE,S,SG)",35%
8535100020,"In circuits of 2,300 V or more",85,0.0,,
8535100040,Other,85,0.0,,
8535210000,For a voltage of less than <il>72.5 kV</il>,85,0.027000000000000003,"Free (A,AU,BH,CL,CO,D,E,IL,JO,KR,MA,OM,P,PA,PE,S,SG)",35%
85352900,Other,85,0.02,"Free (A,AU,BH,CL,CO,D,E,IL,JO,JP,KR,MA,OM,P,PA,PE,S,SG)",35%
8535290020,In circuits of <il>345 kV</il> or more,85,0.0,,
8535290040,Other,85,0.0,,
85353000,Isolating switches and make-and-break switches,85,0.027000000000000003,"Free (A,AU,BH,CL,CO,D,E,IL,JO,KR,MA,OM,P,PA,PE,S,SG)",35%
8535300040,Knife,85,0.0,,
8535300080,Other,85,0.0,,
8535400000,"Lightning arresters, voltage limiters and surge suppressors",85,0.027000000000000003,"Free (A,AU,BH,CL,CO,D,E,IL,JO,KR,MA,OM,P,PA,PE,S,SG)",35%
853590,Other:,85,0.0,,
8535904000,Motor starters and motor overload protectors,85,0.027000000000000003,"Free (A,AU,BH,CL,CO,D,E,IL,JO,KR,MA,OM,P,PA,PE,S,SG)",35%
85359080,Other,85,0.027000000000000003,"Free (A,AU,BH,CL,CO,D,E,IL,JO,KR,MA,OM,P,PA,PE,S,SG)",35%
8535908020,"Terminals, electrical splices and electrical couplings",85,0.0,,
8535908040,Other connectors,85,0.0,,
8535908060,Other,85,0.0,,
8536,"Electrical apparatus for switching or protecting electrical circuits, or for making connections to or in electrical circuits (for example, switches, relays, fuses, surge suppressors, plugs, sockets, lamp-holders and other connectors, junction boxes), for a voltage not exceeding <il>1,000 V</il>; connectors for optical fibers, optical fiber bundles or cables:",85,0.0,,
85361000,Fuses,85,0.027000000000000003,"Free (A,AU,B,BH,CL,CO,D,E,IL,JO,KR,MA,OM,P,PA,PE,S,SG)",35%
8536100020,Glass cartridge,85,0.0,,
8536100040,Other,85,0.0,,
85362000,Automatic circuit breakers,85,0.027000000000000003,"Free (A,AU,B,BH,CL,CO,D,E,IL,JO,KR,MA,OM,P,PA,PE,S,SG)",35%
8536200020,Molded case,85,0.0,,
8536200040,Other,85,0.0,,
853630,Other apparatus for protecting electrical circuits:,85,0.0,,
8536304000,Motor overload protectors,85,0.0,,35%
8536308000,Other,85,0.0,,35%
85364100,For a voltage not exceeding 60 V,85,0.027000000000000003,"Free (A,AU,B,BH,CL,CO,D,E,IL,JO,KR,MA,OM,P,PA,PE,S,SG)",35%
8536410005,Automotive signaling flashers,85,0.0,,
8536410020,Electromechanical,85,0.0,,
8536410030,Other,85,0.0,,
8536410045,Contactors,85,0.0,,
8536410050,Electromechanical,85,0.0,,
8536410060,Other,85,0.0,,
85364900,Other,85,0.027000000000000003,"Free (A,AU,B,BH,CL,CO,D,E,IL,JO,KR,MA,OM,P,PA,PE,S,SG)",35%
8536490050,Electromechanical,85,0.0,,
8536490055,Other,85,0.0,,
8536490065,Contactors,85,0.0,,
8536490075,Electromechanical,85,0.0,,
8536490080,Other,85,0.0,,
853650,Other switches:,85,0.0,,
8536504000,Motor starters,85,0.0,,35%
8536507000,"Electronic AC switches consisting of optically coupled input and output circuits (insulated thyristor AC switches); electronic switches, including temperature protected switches, consisting of a transistor and a logic chip (chip-on-chip technology); electromechanical snap-action switches for a current not exceeding 11 amps",85,0.0,,35%
85365090,Other,85,0.0,,35%
8536509020,Rated at not over 5 A,85,0.0,,
8536509025,Rated at over 5 A,85,0.0,,
8536509031,Momentary contact,85,0.0,,
8536509032,"Other, gang switches",85,0.0,,
8536509033,Other,85,0.0,,
8536509035,Rated at over 5 A,85,0.0,,
8536509040,"Snap-action, other than limit",85,0.0,,
8536509045,Knife,85,0.0,,
8536509050,Slide,85,0.0,,
8536509055,Limit,85,0.0,,
8536509065,Other,85,0.0,,
8536610000,Lamp-holders,85,0.027000000000000003,"Free (A,AU,B,BH,CL,CO,D,E,IL,JO,KR,MA,OM,P,PA,PE,S,SG)",35%
853669,Other:,85,0.0,,
85366940,Coaxial connectors; cylindrical multicontact connectors; rack and panel connectors; printed circuit connectors; ribbon or flat cable connectors,85,0.0,,35%
8536694010,Coaxial connectors,85,0.0,,
8536694020,Cylindrical multicontact connectors,85,0.0,,
8536694030,Rack and panel connectors,85,0.0,,
8536694040,Printed circuit connectors,85,0.0,,
8536694051,Ribbon or flat cable connectors,85,0.0,,
8536698000,Other,85,0.027000000000000003,"Free (A*,AU,B,BH,CL,CO,D,E,IL,JO,KR,MA,OM,P,PA,PE,S,SG)",35%
8536700000,"Connectors for optical fibers, optical fiber bundles or cables",85,0.0,,45%
853690,Other apparatus:,85,0.0,,
8536904000,"Terminals, electrical splices and electrical couplings; wafer probers",85,0.0,,35%
8536906000,"Battery clamps of a kind used in motor vehicles of heading 8702, 8703, 8704 or 8711",85,0.027000000000000003,"Free (A*,AU,B,BH,CL,CO,D,E,IL,JO,KR,MA,OM,P,PA,PE,S,SG)",35%
85369085,Other,85,0.0,,35%
8536908510,Electrical distribution ducts,85,0.0,,
8536908530,Junction boxes,85,0.0,,
8536908585,Other,85,0.0,,
8537,"Boards, panels, consoles, desks, cabinets and other bases, equipped with two or more apparatus of heading 8535 or 8536, for electric control or the distribution of electricity, including those incorporating instruments or apparatus of chapter 90, and numerical control apparatus, other than switching apparatus of heading 8517:",85,0.0,,
853710,"For a voltage not exceeding <il>1,000 V</il>:",85,0.0,,
8537103000,"Assembled with outer housing or supports, for the goods of headings 8421, 8422, 8450 or 8516",85,0.027000000000000003,"Free (A*,AU,B,BH,CL,CO,D,E,IL,JO,KR,MA,OM,P,PA,PE,S,SG)",35%
8537106000,Motor control centers,85,0.027000000000000003,"Free (A*,AU,B,BH,CL,CO,D,E,IL,JO,KR,MA,OM,P,PA,PE,S,SG)",35%
8537108000,"Touch-sensitive data input devices (so-called ""touch screens"") without display capabilities, for incorporation into apparatus having a display, which function by detecting the presence and location of a touch within the display area (such sensing may be obtained by means of resistance, electrostatic capacity, acoustic pulse recognition, infra-red lights or other touch-sensitive technology)",85,0.0,,35%
85371091,Other,85,0.027000000000000003,"Free (A*,AU,B,BH,CL,CO,D,E,IL,JO,KR,MA,OM,P,PA,PE,S,SG)",35%
8537109120,Switchgear assemblies and switchboards,85,0.0,,
8537109130,Numerical controls for controlling machine tools,85,0.0,,
8537109150,Panel boards and distribution boards,85,0.0,,
8537109160,Programmable controllers,85,0.0,,
8537109170,Other,85,0.0,,
85372000,"For a voltage exceeding <il>1,000 V</il>",85,0.027000000000000003,"Free (A*,AU,BH,CL,CO,D,E,IL,JO,KR,MA,OM,P,PA,PE,S,SG)",35%
8537200020,Switchgear assemblies and switchboards,85,0.0,,
8537200040,Other,85,0.0,,
8538,"Parts suitable for use solely or principally with the apparatus of heading 8535, 8536 or 8537:",85,0.0,,
8538100000,"Boards, panels, consoles, desks, cabinets and other bases for the goods of heading 8537, not equipped with their apparatus",85,0.0,,35%
853890,Other:,85,0.0,,
8538901000,Of an article of heading 8537 for one of the articles described in additional U.S. note 11 to chapter 85,85,0.0,,35%
8538903000,Other,85,0.035,"Free (A*,AU,B,BH,CL,CO,D,E,IL,JO,JP,KR,MA,OM,P,PA,PE,S,SG)",35%
8538904000,"Other, for the articles of subheading 8535.90.40, 8536.30.40 or 8536.50.40, of ceramic or metallic materials, electrically or mechanically reactive to changes in temperature",85,0.035,"Free (A*,AU,B,BH,CL,CO,D,E,IL,JO,KR,MA,OM,P,PA,PE,S,SG)",35%
8538906000,Molded parts,85,0.035,"Free (A*,AU,B,BH,CL,CO,D,E,IL,JO,JP,KR,MA,OM,P,PA,PE,S,SG)",35%
85389081,Other,85,0.035,"Free (A*,AU,B,BH,CL,CO,D,E,IL,JO,JP,KR,MA,OM,P,PA,PE,S,SG)",35%
8538908120,Of automatic circuit breakers,85,0.0,,
8538908140,Metal contacts,85,0.0,,
8538908160,"Other parts of switchgear, switchboards, panel boards and distribution boards",85,0.0,,
8538908180,Other,85,0.0,,
8539,"Electrical filament or discharge lamps, including sealed beam lamp units and ultraviolet or infrared lamps; arc lamps; light-emitting diode (LED) light sources; parts thereof:",85,0.0,,
85391000,Sealed beam lamp units,85,0.02,"Free (A*,AU,B,BH,C,CL,CO,D,E,IL,JO,KR,MA,OM,P,PA,PE,S,SG)",20%
8539100010,"For vehicles of subheading 8701.21, 8701.22, 8701.23, 8701.24 or 8701.29 or heading 8702, 8703, 8704, 8705 or 8711",85,0.0,,
8539100030,Other,85,0.0,,
8539100050,"For vehicles of subheading 8701.21, 8701.22, 8701.23, 8701.24 or 8701.29 or heading 8702, 8703, 8704, 8705 or 8711",85,0.0,,
8539100060,Other,85,0.0,,
853921,Tungsten halogen:,85,0.0,,
85392120,Designed for a voltage not exceeding <il>100 V</il>,85,0.0,,20%
8539212040,"For vehicles of subheading 8701.21, 8701.22, 8701.23, 8701.24 or 8701.29 or heading 8702, 8703, 8704, 8705 or 8711",85,0.0,,
8539212080,Other,85,0.0,,
85392140,Other,85,0.026000000000000002,"Free (A*,AU,BH,CL,CO,D,E,IL,JO,KR,MA,OM,P,PA,PE,S,SG)",20%
8539214040,Of a power less than <il>500 W</il>,85,0.0,,
8539214080,Of a power <il>500 W</il> or more,85,0.0,,
853922,"Other, of a power not exceeding <il>200 W</il> and for a voltage exceeding <il>100 V:</il>",85,0.0,,
8539224000,Christmas-tree lamps,85,0.057999999999999996,"Free (A,AU,BH,CL,CO,D,E,IL,JO,KR,MA,OM,P,PA,PE,S,SG)",20%
85392280,Other,85,0.026000000000000002,"Free (A,AU,BH,CL,CO,D,E,IL,JO,KR,MA,OM,P,PA,PE,S,SG)",20%
8539228010,3-way,85,0.0,,
8539228030,Decorative,85,0.0,,
8539228040,Of a power 15 W or more but not exceeding <il>150 W</il>,85,0.0,,
8539228060,Other,85,0.0,,
8539228070,Of a power exceeding <il>150 W</il>,85,0.0,,
853929,Other:,85,0.0,,
8539291000,Christmas-tree lamps,85,0.057999999999999996,"Free (A,AU,BH,CL,CO,D,E,IL,JO,KR,MA,OM,P,PA,PE,S,SG)2.9% (JP)",20%
8539292000,Lamps having glass envelopes not over 6.35 mm in maximum diameter and suitable for use in cystoscopes and other surgical instruments,85,0.052000000000000005,"Free (A,AU,BH,CL,CO,D,E,IL,JO,KR,MA,OM,P,PA,PE,S,SG)2.6% (JP)",55%
85392930,Other,85,0.0,,20%
8539293020,Flashlight lamps,85,0.0,,
8539293050,Designed for a voltage of 12 V or more but not exceeding 14 V,85,0.0,,
8539293060,Other,85,0.0,,
8539294000,Designed for a voltage exceeding <il>100 V</il>,85,0.026000000000000002,"Free (A,AU,BH,CL,CO,D,E,IL,JO,JP,KR,MA,OM,P,PA,PE,S,SG)",20%
85393100,"Fluorescent, hot cathode",85,0.024,"Free (A,AU,BH,CL,CO,D,E,IL,JO,KR,MA,OM,P,PA,PE,S,SG)",20%
8539310040,"1.2 m, straight tube, of a power 30 W or more but not exceeding 40 W",85,0.0,,
8539310050,With a single plug-in base,85,0.0,,
8539310060,With a single screw-in base,85,0.0,,
8539310070,Other,85,0.0,,
85393200,Mercury or sodium vapor lamps; metal halide lamps,85,0.024,"Free (A*,AU,BH,CL,CO,D,E,IL,JO,KR,MA,OM,P,PA,PE,S,SG)",20%
8539320020,Sodium vapor,85,0.0,,
8539320040,Mercury vapor,85,0.0,,
8539320090,Other,85,0.0,,
853939,Other:,85,0.0,,
8539391000,Cold-cathode fluorescent lamps (CCFLs) for backlighting of flat panel displays,85,0.0,,20%
8539399000,Other,85,0.024,"Free (A*,AU,BH,CL,CO,D,E,IL,JO,KR,MA,OM,P,PA,PE,S,SG)",20%
8539410000,Arc lamps,85,0.026000000000000002,"Free (A,AU,BH,CL,CO,D,E,IL,JO,KR,MA,OM,P,PA,PE,S,SG)",35%
85394900,Other,85,0.024,"Free (A,AU,BH,CL,CO,D,E,IL,JO,KR,MA,OM,P,PA,PE,S,SG)",35%
8539490040,Ultraviolet lamps,85,0.0,,
8539490080,Other,85,0.0,,
8539510000,Light-emitting diode (LED) modules,85,0.0,,35%
85395200,Light-emitting diode (LED) lamps,85,0.02,"Free (A,AU,BH,CL,CO,D,E,IL,JO,KR,MA,OM,P,PA,PE,S,SG)",20%
8539520010,Of a type specified in statistical note 8(a) to this chapter,85,0.0,,
8539520020,Of a type specified in statistical note 8(b) to this chapter,85,0.0,,
8539520030,Of a type specified in statistical note 8(c) to this chapter,85,0.0,,
8539520040,Of a type specified in statistical note 8(d) to this chapter,85,0.0,,
8539520051,Straight linear tubes or U-shaped tubes,85,0.0,,
8539520091,Other,85,0.0,,
8539900000,Parts,85,0.026000000000000002,"Free (A*,AU,BH,CL,CO,D,E,IL,JO,KR,MA,OM,P,PA,PE,S,SG)",35%
8540,"Thermionic, cold cathode or photocathode tubes (for example, vacuum or vapor or gas filled tubes, mercury arc rectifying tubes, cathode-ray tubes, television camera tubes); parts thereof:",85,0.0,,
854011,Color:,85,0.0,,
85401110,"Non-high definition, non-projection, having a video display diagonal exceeding <il>35.56 cm</il>",85,0.15,"Free (A+,AU,B,BH,CL,CO,D,E,IL,JO,KR,MA,OM,P,PA,PE,S,SG)",60%
8540111030,Not exceeding <il>39 cm</il>,85,0.0,,
8540111040,Exceeding <il>39 cm</il> but not exceeding <il>45 cm</il>,85,0.0,,
8540111050,Exceeding <il>45 cm</il> but not exceeding <il>50 cm</il>,85,0.0,,
8540111055,Exceeding <il>50 cm</il> but not exceeding <il>63 cm</il>,85,0.0,,
8540111085,Exceeding 63 cm,85,0.0,,
8540112401,Having a video display diagonal not exceeding <il>34.29 cm</il>,85,0.075,"Free (A+,AU,B,BH,CL,CO,D,E,IL, JO,KR,MA, OM,P,PA,PE,S,SG)",60%
8540112801,Other,85,0.15,"Free (A+,AU,B,BH,CL,CO,D,E,IL, JO,KR,MA, OM,P,PA,PE,S,SG)",60%
8540113000,"High definition, having a video display diagonal exceeding <il>35.56 cm</il>",85,0.15,"Free (A+,AU,B,BH,CL,CO,D,E,IL,JO,KR,MA,OM,P,PA,PE,S,SG)",60%
8540114401,Having a video display diagonal not exceeding <il>34.29 cm</il>,85,0.075,"Free (A+,AU,B,BH,CL,CO,D,E,IL, JO,KR,MA, OM,P,PA,PE,S,SG)",60%
8540114801,Other,85,0.15,"Free (A+,AU,B,BH,CL,CO,D,E,IL, JO,KR,MA, OM,P,PA,PE,S,SG)",60%
8540115000,Other,85,0.15,"Free (A+,AU,B,BH,CL,CO,D,E,IL,JO,KR,MA,OM,P,PA,PE,S,SG)",60%
854012,Monochrome:,85,0.0,,
8540121000,Non-high definition,85,0.036000000000000004,"Free (A,AU,B,BH,CL,CO,D,E,IL,JO,KR,MA,OM,P,PA,PE,S,SG)",60%
8540122000,High definition,85,0.036000000000000004,"Free (A,AU,B,BH,CL,CO,D,E,IL,JO,KR,MA,OM,P,PA,PE,S,SG)",60%
85401250,Non-high definition,85,0.033,"Free (A+,AU,B,BH,CL,CO,D,E,IL, JO,KR,MA, OM,P,PA,PE,S,SG)",60%
8540125040,Projection,85,0.0,,
8540125080,Other,85,0.0,,
8540127000,High definition,85,0.033,"Free (A+,AU,B,BH,CL,CO,D,E,IL, JO,KR,MA, OM,P,PA,PE,S,SG)",60%
854020,Television camera tubes; image converters and intensifiers; other photocathode tubes:,85,0.0,,
85402020,Cathode-ray tubes,85,0.06,"Free (A+,AU,B,BH,CL,CO,D,E,IL, JO,KR,MA, OM,P,PA,PE,S,SG)",35%
8540202040,Color,85,0.0,,
8540202080,Other,85,0.0,,
8540204000,Other,85,0.033,"Free (A+,AU,B,BH,CL,CO,D,E,IL, JO,KR,MA, OM,P,PA,PE,S,SG)",35%
85404010,"Data/graphic display tubes, monochrome; data/graphic display tubes, color, with a phosphor dot screen pitch smaller than 0.4 mm",85,0.03,"Free (A+,AU,B,BH,CL,CO,D,E,IL, JO,KR,MA, OM,P,PA,PE,S,SG)",35%
8540401010,Color,85,0.0,,
8540401050,Other,85,0.0,,
85406000,Other cathode-ray tubes,85,0.03,"Free (A+,AU,B,BH,CL,CO,D,E,IL, JO,KR,MA,OM,P,PA,PE,S,SG)",35%
8540600020,Not exceeding <il>30 cm</il>,85,0.0,,
8540600065,Exceeding 30 cm but not exceeding 36 cm,85,0.0,,
8540600080,Exceeding <il>36 cm</il>,85,0.0,,
854071,Magnetrons:,85,0.0,,
8540712000,Modified for use as parts of microwave ovens,85,0.0,,35%
8540714000,Other,85,0.037000000000000005,"Free (A+,AU,BH,CL,CO,D,E,IL, JO,KR,MA, OM,P,PA,PE,S,SG)",35%
854079,Other:,85,0.0,,
8540791000,Klystrons,85,0.033,"Free (A+,AU,BH,CL,CO,D,E,IL, JO,KR,MA, OM,P,PA,PE,S,SG)",35%
8540792000,Other,85,0.037000000000000005,"Free (A+,AU,BH,CL,CO,D,E,IL,JO,KR,MA, OM,P,PA,PE,S,SG)",35%
8540810000,Receiver or amplifier tubes,85,0.042,"Free (A+,AU,B,BH,CL,CO,D,E,IL, JO,KR,MA, OM,P,PA,PE,S,SG)",35%
85408900,Other,85,0.037000000000000005,"Free (A+,AU,B,BH,CL,CO,D,E,IL,JO,KR,MA,OM,P,PA,PE,S,SG)",35%
8540890020,Gas and vapor electron tubes,85,0.0,,
8540890040,"Diodes, triodes and tetrodes",85,0.0,,
8540890060,Light-sensing tubes,85,0.0,,
8540890080,Other,85,0.0,,
854091,Of cathode-ray tubes:,85,0.0,,
8540911500,Front panel assemblies,85,0.054000000000000006,"Free (A+,AU,B,BH,CL,CO,D,E,IL,JO,KR,MA,OM,P,PA,PE,S,SG)",35%
8540912000,Deflection coils,85,0.0,,35%
8540915000,Other,85,0.054000000000000006,"Free (A+,AU,B,BH,CL,CO,D,E,IL, JO,KR,MA, OM,P,PA,PE,S,SG)",35%
854099,Other:,85,0.0,,
8540994000,"Electron guns; radio frequency (RF) interaction structures for microwave tubes of subheadings 8540.71 through 8540.79, inclusive",85,0.0,,35%
8540998000,Other,85,0.0,,35%
8541,"Semiconductor devices (for example, diodes, transistors, semiconductor-based transducers); photosensitive semiconductor devices, including photovoltaic cells whether or not assembled in modules or made up into panels; light-emitting diodes (LED), whether or not assembled with other light-emitting diodes (LED); mounted piezo-electric crystals; parts thereof:",85,0.0,,
85411000,"Diodes, other than photosensitive or light-emitting diodes (LED)",85,0.0,,35%
8541100040,"Unmounted chips, dice and wafers",85,0.0,,
8541100050,Zener,85,0.0,,
8541100060,Microwave,85,0.0,,
8541100070,With a maximum current of 0.5 A or less,85,0.0,,
8541100080,Other,85,0.0,,
85412100,With a dissipation rate of less than 1 W,85,0.0,,35%
8541210040,"Unmounted chips, dice and wafers",85,0.0,,
8541210075,With an operating frequency not less than <il>100 MHz</il>,85,0.0,,
8541210095,Other,85,0.0,,
85412900,Other,85,0.0,,35%
8541290040,"Unmounted chips, dice and wafers",85,0.0,,
8541290055,With an operating frequency less than <il>30 MHz</il>,85,0.0,,
8541290065,"With an operating frequency 30 MHz or greater but less than 30,000 MHz",85,0.0,,
8541290085,"With an operating frequency 30,000 MHz or greater",85,0.0,,
85413000,"Thyristors, diacs and triacs, other than photosensitive devices",85,0.0,,35%
8541300040,"Unmounted chips, dice and wafers",85,0.0,,
8541300080,Other,85,0.0,,
8541410000,Light-emitting diodes (LED),85,0.0,,20%
85414200,Photovoltaic cells not assembled in modules or made up into panels,85,0.0,,35%
8541420010,Crystalline silicon photovoltaic cells of a kind described in statistical note 12 to this chapter,85,0.0,,
8541420080,Other,85,0.0,,
85414300,Photovoltaic cells assembled in modules or made up into panels,85,0.0,,35%
8541430010,Crystalline silicon photovoltaic cells of a kind described in statistical note 12 to this chapter,85,0.0,,
8541430080,Other,85,0.0,,
854149,Other:,85,0.0,,
85414910,Other diodes,85,0.0,,35%
8541491010,"Unmounted chips, dice and wafers",85,0.0,,
8541491050,Other,85,0.0,,
85414970,Transistors,85,0.0,,35%
8541497040,"Unmounted chips, dice and wafers",85,0.0,,
8541497080,Other,85,0.0,,
8541498000,Optical coupled isolators,85,0.0,,35%
8541499500,Other,85,0.0,,35%
8541510000,Semiconductor-based transducers,85,0.0,,35%
85415900,Other,85,0.0,,35%
8541590040,"Unmounted chips, dice and wafers",85,0.0,,
8541590080,Other,85,0.0,,
85416000,Mounted piezoelectric crystals,85,0.0,,35%
8541600010,<il>32.768 kHz</il>,85,0.0,,
8541600020,"Not exceeding <il>1 MHz</il>, except <il>32.768 kHz</il>",85,0.0,,
8541600030,"Exceeding <il>1 MHz</il>, but not exceeding <il>5 MHZ</il>",85,0.0,,
8541600050,"Exceeding <il>5 MHZ</il>, but not exceeding <il>20 MHz</il>",85,0.0,,
8541600060,Exceeding <il>20 MHZ</il>,85,0.0,,
8541600080,Other,85,0.0,,
85419000,Parts,85,0.0,,35%
8541900010,Frames for photovoltaic cells assembled in modules or made up into panels (as covered by subheading 8541.43.00),85,0.0,,
8541900080,Other,85,0.0,,
8542,Electronic integrated circuits; parts thereof:,85,0.0,,
85423100,"Processors and controllers, whether or not combined with memories, converters, logic circuits, amplifiers, clock and timing circuits, or other circuits",85,0.0,,35%
8542310015,8-bit,85,0.0,,
8542310020,16-bit,85,0.0,,
8542310025,32-bit,85,0.0,,
8542310030,Other,85,0.0,,
8542310035,Digital signal processors (DSPs),85,0.0,,
8542310040,Graphics processing units (GPUs),85,0.0,,
8542310045,Central processing units (CPUs),85,0.0,,
8542310050,Other,85,0.0,,
8542310055,Complex programmable logic devices (CPLDs),85,0.0,,
8542310060,Field programmable gate arrays (FPGAs),85,0.0,,
8542310065,Other,85,0.0,,
8542310070,System on chip (SoCs),85,0.0,,
8542310075,Other,85,0.0,,
85423200,Memories,85,0.0,,35%
8542320002,Not over 128 megabits,85,0.0,,
8542320024,Over 128 megabits but not over 256 megabits,85,0.0,,
8542320028,Over 256 megabits but not over 512 megabits,85,0.0,,
8542320032,Over 512 megabits but not over 1 gigabit,85,0.0,,
8542320036,Over 1 gigabit,85,0.0,,
8542320041,Static read-write random access (SRAM),85,0.0,,
8542320051,Electrically erasable programmable read-only memory (EEPROM),85,0.0,,
8542320061,Erasable (except electrically) programmable read-only memory (EPROM),85,0.0,,
8542320071,Other,85,0.0,,
8542330001,Amplifiers,85,0.0,,35%
85423900,Other,85,0.0,,35%
8542390010,RF transceivers,85,0.0,,
8542390020,Active filters,85,0.0,,
8542390030,Analog to digital converters (ADCs),85,0.0,,
8542390040,Digital to analog converters (DACs),85,0.0,,
8542390050,Other,85,0.0,,
8542390070,"With adjustable performance characteristics, not elsewhere specified or included",85,0.0,,
8542390090,Other,85,0.0,,
8542900000,Parts,85,0.0,,35%
8543,"Electrical machines and apparatus, having individual functions, not specified or included elsewhere in this chapter; parts thereof:",85,0.0,,
8543100000,Particle accelerators,85,0.019,"Free (A*,AU,BH,CL,CO,D,E,IL,JO,KR,MA,OM,P,PA,PE,S,SG)",35%
8543200000,Signal generators,85,0.0,,35%
854330,"Machines and apparatus for electroplating, electrolysis or electrophoresis:",85,0.0,,
8543302000,Of a kind used solely or principally for the manufacture of printed circuits,85,0.0,,35%
85433090,Other,85,0.026000000000000002,"Free (A,AU,BH,CL,CO,D,E,IL,JO,KR,MA,OM,P,PA,PE,S,SG)",35%
8543309010,Hydrogen electrolyzers,85,0.0,,
8543309040,Magnesium anodes,85,0.0,,
8543309090,Other,85,0.0,,
85434000,Electronic cigarettes and similar personal electric vaporizing devices,85,0.026000000000000002,"Free (A*,AU,BH,CL,CO,D,E,IL,JO,KR,MA,OM,P,PA,PE,S,SG)",35%
8543400030,With substances containing nicotine,85,0.0,,
8543400040,Other,85,0.0,,
854370,Other machines and apparatus:,85,0.0,,
8543702000,Physical vapor deposition apparatus,85,0.025,"Free (A*,AU,BH,CL,CO,D,E,IL,JO,KR,MA,OM,P,PA,PE,S,SG)",35%
8543704200,Flight data recorders,85,0.0,,35%
8543704500,Other,85,0.026000000000000002,"Free (A*,AU,BH,C,CL,CO,D,E,IL,JO,KR,MA,OM,P,PA,PE,S,SG)",35%
8543706000,Articles designed for connection to telegraphic or telephonic apparatus or instruments or to telegraphic or telephonic networks,85,0.0,,35%
8543707100,Electric luminescent lamps,85,0.02,"Free (A*,AU,BH,CL,CO,D,E,IL,JO,KR,MA,OM,P,PA,PE,S,SG)",20%
8543708000,Microwave amplifiers,85,0.0,,35%
8543708500,For electrical nerve stimulation,85,0.0,,35%
8543708800,Electrical machines with translation or dictionary functions; video game console controllers which use infrared transmissions to operate or access the various functions and capabilities of the console,85,0.0,,35%
8543708900,"Other portable battery operated electronic readers for recording and reproducing text, still images or audio files",85,0.0,,35%
8543709100,Digital signal processing apparatus capable of connecting to a wired or wireless network for the mixing of sound,85,0.0,,35%
8543709301,Portable interactive electronic education devices primarily designed for children,85,0.0,,35%
8543709500,"Touch-sensitive data input devices (so-called ""touch screens"") without display capabilities, for incorporation into apparatus having a display, which function by detecting the presence and location of a touch within the display area (such sensing may be obtained by means of resistance, electrostatic capacity, acoustic pulse recognition, infra-red lights or other touch-sensitive technology)",85,0.0,,35%
8543709700,Plasma cleaner machines that remove organic contaminants from electron microscopy specimens and specimen holders,85,0.0,,35%
85437098,Other,85,0.026000000000000002,"Free (A*,AU,B,BH,CL,CO,D,E,IL,JO,KR,MA,OM,P,PA,PE,S,SG)",35%
8543709810,Amplifiers,85,0.0,,
8543709820,Special effects pedals for use with musical instruments,85,0.0,,
8543709860,Other,85,0.0,,
854390,Parts:,85,0.0,,
8543901200,Of physical vapor deposition apparatus of subheading 8543.70,85,0.0,,35%
8543901500,Printed circuit assemblies,85,0.0,,35%
8543903500,Other,85,0.0,,35%
8543906500,"Of flat panel displays other than for articles of heading 8528, except for subheadings 8528.52 or 8528.62",85,0.0,,35%
8543906800,Other,85,0.0,,35%
8543908500,"Of flat panel displays other than for articles of heading 8528, except for subheadings 8528.52 or 8528.62",85,0.0,,35%
85439088,Other,85,0.0,,35%
8543908845,Of particle accelerators,85,0.0,,
8543908865,Of electronic cigarettes and similar personal electric vaporizing devices,85,0.0,,
8543908885,Other,85,0.0,,
8544,"Insulated (including enameled or anodized) wire, cable (including coaxial cable) and other insulated electric conductors, whether or not fitted with connectors; optical fiber cables, made up of individually sheathed fibers, whether or not assembled with electric conductors or fitted with connectors:",85,0.0,,
85441100,Of copper,85,0.035,"Free (A,AU,B,BH,CL,CO,D,E,IL,JO,KR,MA,OM,P,PA,PE,S,SG)",40%
8544110020,33 AWG (0.18 mm in diameter) and finer,85,0.0,,
8544110030,22 AWG (0.643 mm in diameter) and finer but larger than 33 AWG (0.18 mm in diameter),85,0.0,,
8544110050,Other,85,0.0,,
8544190000,Other,85,0.039,"Free (A*,AU,B,BH,CL,CO,D,E,IL,JO,KR,MA,OM,P,PA,PE,S,SG)",35%
8544200000,Coaxial cable and other coaxial electric conductors,85,0.053,"Free (A*,AU,B,BH,CL,CO,D,E,IL,JO,KR,MA,OM,P,PA,PE,S,SG)",35%
8544300000,"Ignition wiring sets and other wiring sets of a kind used in vehicles, aircraft or ships",85,0.05,"Free (A*,AU,B,BH,C,CL,CO,D,E,IL,JO,KR,MA,OM,P,PA,PE,S,SG)",30%
854442,Fitted with connectors:,85,0.0,,
8544421000,Fitted with modular telephone connectors,85,0.0,,35%
8544422000,Of a kind used for telecommunications,85,0.0,,35%
85444290,Other,85,0.026000000000000002,"Free (A,AU,B,BH,CL,CO,D,E,IL,JO,KR,MA,OM,P,PA,PE,S,SG)",35%
8544429010,Extension cords as defined in statistical note 7 to this chapter,85,0.0,,
8544429090,Other,85,0.0,,
854449,Other:,85,0.0,,
8544491000,Of a kind used for telecommunications,85,0.0,,40%
8544492000,Other,85,0.035,"Free (A,AU,B,BH,CL,CO,D,E,IL,JO,KR,MA,OM,P,PA,PE,S,SG)",40%
85444930,Of copper,85,0.053,"Free (A,AU,B,BH,CL,CO,D,E,IL,JO,KR,MA,OM,P,PA,PE,S,SG)",40%
8544493040,For a voltage exceeding <il>600 V</il>,85,0.0,,
8544493080,Other,85,0.0,,
8544499000,Other,85,0.039,"Free (A,AU,B,BH,CL,CO,D,E,IL,JO,KR,MA,OM,P,PA,PE,S,SG)",35%
854460,"Other electric conductors, for a voltage exceeding <il>1,000 V</il>:",85,0.0,,
8544602000,Fitted with connectors,85,0.037000000000000005,"Free (A,AU,B,BH,CL,CO,D,E,IL,JO,JP,KR,MA,OM,P,PA,PE,S,SG)",35%
8544604000,Of copper,85,0.035,"Free (A,AU,B,BH,CL,CO,D,E,IL,JO,JP,KR,MA,OM,P,PA,PE,S,SG)",40%
8544606000,Other,85,0.032,"Free (A,AU,B,BH,CL,CO,D,E,IL,JO,JP,KR,MA,OM,P,PA,PE,S,SG)",35%
8544700000,Optical fiber cables,85,0.0,,65%
8545,"Carbon electrodes, carbon brushes, lamp carbons, battery carbons and other articles of graphite or other carbon, with or without metal, of a kind used for electrical purposes:",85,0.0,,
85451100,Of a kind used for furnaces,85,0.0,,45%
8545110010,Not exceeding 425 mm in diameter,85,0.0,,
8545110020,Exceeding 425 mm in diameter,85,0.0,,
8545110050,Other,85,0.0,,
854519,Other:,85,0.0,,
8545192000,Of a kind used for electrolytic purposes,85,0.0,,45%
8545194000,Other,85,0.0,,45%
8545200000,Brushes,85,0.0,,45%
854590,Other:,85,0.0,,
8545902000,Arc light carbons,85,0.0,,60%
8545904000,Other,85,0.0,,45%
8546,Electrical insulators of any material:,85,0.0,,
8546100000,Of glass,85,0.028999999999999998,"Free (A,AU,BH,CL,CO,D,E,IL,JO,KR,MA,OM,P,PA,PE,S,SG)",50%
85462000,Of ceramics,85,0.03,"Free (A,AU,B,BH,CL,CO,D,E,IL,JO,JP,KR,MA,OM,P,PA,PE,S,SG)",60%
8546200030,"Commonly known as suspension, pin-type or line post insulators",85,0.0,,
8546200060,Other,85,0.0,,
8546200090,Other,85,0.0,,
8546900000,Other,85,0.0,,30%
8547,"Insulating fittings for electrical machines, appliances or equipment, being fittings wholly of insulating material apart from any minor components of metal (for example, threaded sockets) incorporated during molding solely for the purposes of assembly, other than insulators of heading 8546; electrical conduit tubing and joints therefor, of base metal lined with insulating material:",85,0.0,,
854710,Insulating fittings of ceramics:,85,0.0,,
8547104000,"Ceramic insulators to be used in the production of spark plugs for natural gas-fueled, stationary, internal combustion engines",85,0.03,"Free (A,AU,BH,CL,CO,D,E,IL,JO,KR,MA,OM,P,PA,PE,S,SG)",60%
8547108000,Other,85,0.03,"Free (A,AU,B,BH,CL,CO,D,E,IL,JO,KR,MA,OM,P,PA,PE,S,SG)",60%
8547200000,Insulating fittings of plastics,85,0.0,,30%
85479000,Other,85,0.046,"Free (A,AU,B,BH,CL,CO,D,E,IL,JO,KR,MA,OM,P,PA,PE,S,SG)",45%
8547900010,Other insulating fittings,85,0.0,,
8547900020,Conduit tubing,85,0.0,,
8547900030,Threaded,85,0.0,,
8547900040,Other,85,0.0,,
8548000000,"Electrical parts of machinery or apparatus, not specified or included elsewhere in this chapter",85,0.0,,35%
8549,Electrical and electronic waste and scrap:,85,0.0,,
854911,Waste and scrap of lead-acid accumulators; spent lead-acid accumulators:,85,0.0,,
85491110,For recovery of lead,85,0.0,,11.5%
8549111040,"Lead-acid storage batteries, of a kind used for starting engines",85,0.0,,
8549111080,Other,85,0.0,,
8549119000,Other,85,0.0,,Free
854912,"Other, containing lead, cadmium or mercury:",85,0.0,,
8549124000,For recovery of lead,85,0.0,,11.5%
8549128000,Other,85,0.0,,Free
8549130000,"Sorted by chemical type and not containing lead, cadmium or mercury",85,0.0,,Free
8549140000,"Unsorted and not containing lead, cadmium or mercury",85,0.0,,Free
8549190000,Other,85,0.0,,Free
8549210000,"Containing primary cells, primary batteries, electric accumulators, mercury-switches, glass from cathode-ray tubes or other activated glass, or electrical or electronic components containing cadmium, mercury, lead or polychlorinated biphenyls (PCBs)",85,0.0,,Free
8549290000,Other,85,0.0,,Free
8549310000,"Containing primary cells, primary batteries, electric accumulators, mercury-switches, glass from cathode-ray tubes or other activated glass, or electrical or electronic components containing cadmium, mercury, lead or polychlorinated biphenyls (PCBs)",85,0.0,,Free
8549390000,Other,85,0.0,,Free
8549910000,"Containing primary cells, primary batteries, electric accumulators, mercury-switches, glass from cathode-ray tubes or other activated glass, or electrical or electronic components containing cadmium, mercury, lead or polychlorinated biphenyls (PCBs)",85,0.0,,Free
8549990000,Other,85,0.0,,Free
8701,Tractors (other than tractors of heading 8709):,87,0.0,,
8701100100,Single axle tractors,87,0.0,,Free
87012100,With only compression-ignition internal combustion piston engine (diesel or semi-diesel),87,0.04,"Free (A+,AU,B,BH,CL,CO,D,E,IL, JO,KR,MA, OM,P,PA,PE,S,SG)",25%
8701210015,"G.V.W. not exceeding <il>36,287 kg</il>",87,0.0,,
8701210045,"G.V.W. exceeding <il>36,287 kg</il>",87,0.0,,
8701210080,Used,87,0.0,,
87012200,With both compression-ignition internal combustion piston engine (diesel or semi-diesel) and electric motor as motors for propulsion,87,0.04,"Free (A+,AU,B,BH,CL,CO,D,E,IL, JO,KR,MA, OM,P,PA,PE,S,SG)",25%
8701220015,"G.V.W. not exceeding <il>36,287 kg</il>",87,0.0,,
8701220045,"G.V.W. exceeding <il>36,287 kg</il>",87,0.0,,
8701220080,Used,87,0.0,,
87012300,With both spark-ignition internal combustion piston engine and electric motor as motors for propulsion,87,0.04,"Free (A+,AU,B,BH,CL,CO,D,E,IL, JO,KR,MA, OM,P,PA,PE,S,SG)",25%
8701230015,"G.V.W. not exceeding <il>36,287 kg</il>",87,0.0,,
8701230045,"G.V.W. exceeding <il>36,287 kg</il>",87,0.0,,
8701230080,Used,87,0.0,,
87012400,With only electric motor for propulsion,87,0.04,"Free (A+,AU,B,BH,CL,CO,D,E,IL, JO,KR,MA, OM,P,PA,PE,S,SG)",25%
8701240015,"G.V.W. not exceeding <il>36,287 kg</il>",87,0.0,,
8701240045,"G.V.W. exceeding <il>36,287 kg</il>",87,0.0,,
8701240080,Used,87,0.0,,
87012900,Other,87,0.04,"Free (A+,AU,B,BH,CL,CO,D,E,IL, JO,KR,MA, OM,P,PA,PE,S,SG)",25%
8701290015,"G.V.W. not exceeding <il>36,287 kg</il>",87,0.0,,
8701290045,"G.V.W. exceeding <il>36,287 kg</il>",87,0.0,,
8701290080,Used,87,0.0,,
870130,Track-laying tractors:,87,0.0,,
87013010,Suitable for agricultural use,87,0.0,,Free
8701301015,With a net engine power of less than <il>93.3 kW</il>,87,0.0,,
8701301030,With a net engine power of <il>93.3 kW</il> or more but less than 119.4 kW,87,0.0,,
8701301045,With a net engine power of 119.4 kW or more but less than 194 kW,87,0.0,,
8701301060,With a net engine power of 194 kW or more but less than 257.4 kW,87,0.0,,
8701301075,With a net engine power of 257.4 kW or more,87,0.0,,
8701301090,Used,87,0.0,,
87013050,Other,87,0.0,,27.5%
8701305015,With a net engine power of less than <il>93.3 kW</il>,87,0.0,,
8701305030,With a net engine power of <il>93.3 kW</il> or more but less than 119.4 kW,87,0.0,,
8701305045,With a net engine power of 119.4 kW or more but less than 194 kW,87,0.0,,
8701305060,With a net engine power of 194 kW or more but less than 257.4 kW,87,0.0,,
8701305075,With a net engine power of 257.4 kW or more,87,0.0,,
8701305090,Used,87,0.0,,
870191,Not exceeding 18 kW:,87,0.0,,
8701911000,For agricultural use,87,0.0,,Free
8701915000,Other,87,0.0,,27.5%
870192,Exceeding 18 kW but not exceeding 37 kW:,87,0.0,,
8701921000,Suitable for agricultural use,87,0.0,,Free
8701925000,Other,87,0.0,,27.5%
870193,Exceeding 37 kW but not exceeding 75 kW:,87,0.0,,
8701931000,Suitable for agricultural use,87,0.0,,Free
8701935000,Other,87,0.0,,27.5%
870194,Exceeding 75 kW but not exceeding 130 kW:,87,0.0,,
8701941000,Suitable for agricultural use,87,0.0,,Free
8701945000,Other,87,0.0,,27.5%
870195,Exceeding 130 kW:,87,0.0,,
8701951000,Suitable for agricultural use,87,0.0,,Free
8701955000,Other,87,0.0,,27.5%
8702,"Motor vehicles for the transport of ten or more persons, including the driver:",87,0.0,,
870210,With only compression-ignition internal combustion piston engine (diesel or semi-diesel):,87,0.0,,
8702103100,"Designed for the transport of 16 or more persons, including the driver",87,0.02,"Free (A*,AU,B,BH,CL,CO,D,E,IL,JO,KR,MA,OM,P,PA,PE,S,SG)",25%
8702106100,Other,87,0.02,"Free (A,AU,B,BH,CL,CO,D,E,IL,JO,KR,MA,OM,P,PA,PE,S,SG)",25%
870220,With both compression-ignition internal combustion piston engine (diesel or semi-diesel) and electric motor as motors for propulsion:,87,0.0,,
8702203100,"Designed for the transport of 16 or more  persons, including the driver",87,0.02,"Free (A,AU,B,BH,CL,CO,D,E,IL,JO,KR,MA,OM,P,PA,PE,S,SG)",25%
8702206100,Other,87,0.02,"Free (A,AU,B,BH,CL,CO,D,E,IL,JO,KR,MA,OM,P,PA,PE,S,SG)",25%
870230,With both spark-ignition internal combustion piston engine and electric motor as motors for propulsion:,87,0.0,,
8702303100,"Designed for the transport of 16 or more  persons, including the driver",87,0.02,"Free (A,AU,B,BH,CL,CO,D,E,IL,JO,KR,MA,OM,P,PA,PE,S,SG)",25%
8702306100,Other,87,0.02,"Free (A,AU,B,BH,CL,CO,D,E,IL,JO,KR,MA,OM,P,PA,PE,S,SG)",25%
870240,With only electric motor for propulsion:,87,0.0,,
8702403100,"Designed for the transport of 16 or more persons, including the driver",87,0.02,"Free (A,AU,B,BH,CL,CO,D,E,IL,JO,KR,MA,OM,P,PA,PE,S,SG)",25%
8702406100,Other,87,0.02,"Free (A,AU,B,BH,CL,CO,D,E,IL,JO,KR,MA,OM,P,PA,PE,S,SG)",25%
870290,Other:,87,0.0,,
8702903100,"Designed for the transport of 16 or more persons, including the driver",87,0.02,"Free (A,AU,B,BH,CL,CO,D,E,IL,JO,KR,MA,OM,P,PA,PE,S,SG)",25%
8702906100,Other,87,0.02,"Free (A,AU,B,BH,CL,CO,D,E,IL,JO,KR,MA,OM,P,PA,PE,S,SG)",25%
8703,"Motor cars and other motor vehicles principally designed for the transport of persons (other than those of heading 8702), including station wagons and racing cars:",87,0.0,,
870310,Vehicles specially designed for traveling on snow; golf carts and similar vehicles:,87,0.0,,
8703101000,Vehicles specially designed for traveling on snow,87,0.025,"Free (A+,AU,B,BH,CL,CO,D,E,IL,JO,KR,MA,OM,P,PA,PE,S,SG)",10%
87031050,Other,87,0.025,"Free (A,AU,B,BH,CL,CO,D,E,IL,JO,KR,MA,OM,P,PA,PE,S,SG)",10%
8703105030,Golf carts,87,0.0,,
8703105060,Other,87,0.0,,
87032101,"Of a cylinder capacity not exceeding 1,000 cc",87,0.025,"Free (A+,AU,B,BH,CL,CO,D,E,IL,JO,KR,MA,OM,P,PA,PE,S,SG)",10%
8703210110,With label indicating that vehicle is for operation only by persons at least 16 years of age,87,0.0,,
8703210130,Other,87,0.0,,
8703210150,Other,87,0.0,,
87032201,"Of a cylinder capacity exceeding 1,000 cc but not exceeding 1,500 cc",87,0.025,"Free (A+,AU,B,BH,CL,CO,D,E,IL,JO,KR,MA,OM,P,PA,PE,S, SG)",10%
8703220110,New,87,0.0,,
8703220190,Used,87,0.0,,
87032301,"Of a cylinder capacity exceeding 1,500 cc but not exceeding 3,000 cc",87,0.025,"Free (A+,AU,B,BH,CL,CO,D,E,IL,JO,KR,MA,OM, P,PA,PE,S,SG)",10%
8703230110,Motor homes,87,0.0,,
8703230120,Station wagons under 160 cm in height,87,0.0,,
8703230130,Other,87,0.0,,
8703230140,Other,87,0.0,,
8703230160,Having engines with more than 4 cylinders but not more than 6 cylinders,87,0.0,,
8703230170,Having engines with more than 6 cylinders,87,0.0,,
8703230190,Used,87,0.0,,
87032401,"Of a cylinder capacity exceeding 3,000 cc",87,0.025,"Free (A+,AU,B,BH,CL,CO,D,E,IL,JO,KR,MA,OM,P,PA,PE,S,SG)",10%
8703240110,"Ambulances, hearses and prison vans",87,0.0,,
8703240130,Motor homes,87,0.0,,
8703240140,Having engines with not more than 4 cylinders,87,0.0,,
8703240150,Having engines with more than 4 cylinders but not more than 6 cylinders,87,0.0,,
8703240160,Having engines with more than 6 cylinders,87,0.0,,
8703240190,Used,87,0.0,,
8703310100,"Of a cylinder capacity not exceeding 1,500 cc",87,0.025,"Free (A+,AU,B,BH,CL,CO,D,E,IL,JO,KR,MA,OM,P,PA,PE,S,SG)",10%
87033201,"Of a cylinder capacity exceeding 1,500 cc but not exceeding 2,500 cc",87,0.025,"Free (A+,AU,B,BH,CL,CO,D,E,IL,JO,KR,MA,OM,P,PA,PE,S,SG)",10%
8703320110,New,87,0.0,,
8703320150,Used,87,0.0,,
87033301,"Of a cylinder capacity exceeding 2,500 cc",87,0.025,"Free (A+,AU,B,BH,CL,CO,D,E,IL,JO,KR,MA,OM,P,PA,PE,S,SG)",10%
8703330110,"Ambulances, hearses, and prison vans",87,0.0,,
8703330130,Motor homes,87,0.0,,
8703330145,New,87,0.0,,
8703330185,Used,87,0.0,,
87034000,"Other vehicles, with both spark-ignition internal combustion piston engine and electric motor as motors for propulsion, other than those capable of being charged by plugging to external source of electric power",87,0.025,"Free (A+,AU,B,BH,CL,CO,D,E,IL,JO,KR,MA,OM,P,PA,PE,S,SG)",10%
8703400005,"Of a cylinder capacity not exceeding 1,000 cc",87,0.0,,
8703400010,"Of a cylinder capacity exceeding 1,000 cc but not exceeding 1.500 cc",87,0.0,,
8703400015,Motor homes,87,0.0,,
8703400020,Having engines with not more than 4 cylinders,87,0.0,,
8703400030,Having engines with more than 4 cylinders but not more than 6 cylinders,87,0.0,,
8703400040,Having engines with more than 6 cylinders,87,0.0,,
8703400045,Used,87,0.0,,
8703400050,"Ambulances, hearses and prison vans",87,0.0,,
8703400055,Motor homes,87,0.0,,
8703400060,Having engines with not more than 4 cylinders,87,0.0,,
8703400070,Having engines with more than 4 cylinders but not more than 6 cylinders,87,0.0,,
8703400080,Having engines with more than 6 cylinders,87,0.0,,
8703400090,Used,87,0.0,,
87035000,"Other vehicles, with both compression-ignition internal combustion piston engine and electric motor as motors for propulsion, other than those capable of being charged by plugging to external source of electric power",87,0.025,"Free (A+,AU,B,BH,CL,CO,D,E,IL,JO,KR,MA,OM,P,PA,PE,S,SG)",10%
8703500010,"Of a cylinder capacity not exceeding 1,500 cc",87,0.0,,
8703500030,New,87,0.0,,
8703500050,Used,87,0.0,,
8703500060,"Ambulances, hearses and prison vans",87,0.0,,
8703500065,Motor homes,87,0.0,,
8703500070,New,87,0.0,,
8703500090,Used,87,0.0,,
87036000,"Other vehicles, with both spark-ignition internal combustion piston engine and electric motor as motors for propulsion, capable of being charged by plugging to external source of electric power",87,0.025,"Free (A+,AU,B,BH,CL,CO,D,E,IL,JO,KR,MA,OM,P,PA,PE,S,SG)",10%
8703600005,"Of a cylinder capacity not exceeding 1,000 cc",87,0.0,,
8703600010,"Of a cylinder capacity exceeding 1,000 cc but not exceeding 1,500 cc",87,0.0,,
8703600015,Motor homes,87,0.0,,
8703600020,Having engines with not more than 4 cylinders,87,0.0,,
8703600030,Having engines with more than 4 cylinders but not more than 6 cylinders,87,0.0,,
8703600040,Having engines with more than 6 cylinders,87,0.0,,
8703600045,Used,87,0.0,,
8703600050,"Ambulances, hearses and prison vans",87,0.0,,
8703600055,Motor homes,87,0.0,,
8703600060,Having engines with not more than 4 cylinders,87,0.0,,
8703600070,Having engines with more than 4 cylinders but not more than 6 cylinders,87,0.0,,
8703600080,Having engines with more than 6 cylinders,87,0.0,,
8703600090,Used,87,0.0,,
87037000,"Other vehicles, with both  compression-ignition internal combustion piston engine (diesel or semi-diesel) and electric motor as motors for propulsion, capable of being charged by plugging to external source of electric power:",87,0.025,"Free (A+,AU,B,BH,CL,CO,D,E,IL,JO,KR,MA,OM,P,PA,PE,S,SG)",10%
8703700010,"Of a cylinder capacity not exceeding 1,500 cc",87,0.0,,
8703700030,New,87,0.0,,
8703700050,Used,87,0.0,,
8703700060,"Ambulances, hearses and prison vans",87,0.0,,
8703700065,Motor homes,87,0.0,,
8703700070,New,87,0.0,,
8703700090,Used,87,0.0,,
87038000,"Other vehicles, with only electric motors for propulsion",87,0.025,"Free (A+,AU,B,BH,CL,CO,D,E,IL,JO,KR,MA,OM,P,PA,PE,S,SG)",10%
8703800020,New,87,0.0,,
8703800045,Used,87,0.0,,
8703800060,New,87,0.0,,
8703800080,Used,87,0.0,,
8703900100,Other,87,0.025,"Free (A+,AU,B,BH,CL,CO,D,E,IL,JO,KR,MA,OM,P,PA,PE,S,SG)",10%
8704,Motor vehicles for the transport of goods:,87,0.0,,
870410,Dumpers designed for off-highway use:,87,0.0,,
8704101000,Cab chassis,87,0.0,,25%
87041050,Other,87,0.0,,25%
8704105020,With a capacity of <il>40.8 metric tons</il> or less,87,0.0,,
8704105030,With a capacity exceeding <il>40.8 metric tons</il> but not exceeding <il>63.5 metric tons</il>,87,0.0,,
8704105040,With a capacity exceeding <il>63.5 metric tons</il> but not exceeding <il>90.7 metric tons</il>,87,0.0,,
8704105050,With a capacity exceeding <il>90.7 metric tons</il>,87,0.0,,
8704105060,Other,87,0.0,,
8704210100,G.V.W. not exceeding <il>5 metric tons</il>,87,0.25,"Free (A+,AU,B,BH,CL,CO,D,E,IL,JO,MA,OM,P,PA,PE,S,SG)25% (KR)",25%
870422,G.V.W. exceeding <il>5 metric tons</il> but not exceeding <il>20 metric tons:</il>,87,0.0,,
87042211,Cab chassis,87,0.04,"Free (A+,AU,B,BH,CL,CO,D,E,IL, JO,KR,MA, OM,P,PA,PE,S,SG)",25%
8704221120,G.V.W. exceeding <il>5 metric tons</il> but not exceeding <il>9 metric tons</il>,87,0.0,,
8704221140,G.V.W. exceeding <il>9 metric tons</il> but not exceeding <il>12 metric tons</il>,87,0.0,,
8704221160,G.V.W. exceeding <il>12 metric tons</il> but not exceeding <il>15 metric tons</il>,87,0.0,,
8704221180,G.V.W. exceeding <il>15 metric tons</il> but not exceeding <il>20 metric tons</il>,87,0.0,,
87042251,Other,87,0.25,"Free (A+,AU,B,BH,CL,CO,D,E,IL,JO,MA,OM,P,PA,PE,S,SG)25% (KR)",25%
8704225120,G.V.W. exceeding <il>5 metric tons</il> but not exceeding <il>9 metric tons</il>,87,0.0,,
8704225140,G.V.W. exceeding <il>9 metric tons</il> but not exceeding <il>12 metric tons</il>,87,0.0,,
8704225160,G.V.W. exceeding <il>12 metric tons</il> but not exceeding <il>15 metric tons</il>,87,0.0,,
8704225180,G.V.W. exceeding <il>15 metric tons</il> but not exceeding <il>20 metric tons</il>,87,0.0,,
8704230100,G.V.W. exceeding <il>20 metric tons</il>,87,0.25,"Free (A+,AU,B,BH,CL,CO,D,E,IL,JO,MA,OM,P,PA,PE,S,SG)25% (KR)",25%
87043101,G.V.W. not exceeding <il>5 metric tons</il>,87,0.25,"Free (A+,AU,B,BH,CL,CO,D,E,IL,JO,MA,OM,P,PA,PE,S,SG)25% (KR)",25%
8704310120,G.V.W. not exceeding <il>2.5 metric tons</il>,87,0.0,,
8704310140,G.V.W. exceeding 2.5 metric tons but not exceeding 5 metric tons,87,0.0,,
87043201,G.V.W. exceeding <il>5 metric tons</il>,87,0.25,"Free (A+,AU,B,BH,CL,CO,D,E,IL,JO,MA,OM,P,PA,PE,S,SG)25% (KR)",25%
8704320110,G.V.W. exceeding <il>5 metric tons</il> but not exceeding <il>9 metric tons</il>,87,0.0,,
8704320120,G.V.W. exceeding <il>9 metric tons</il> but not exceeding <il>12 metric tons</il>,87,0.0,,
8704320130,G.V.W. exceeding <il>12 metric tons</il> but not exceeding <il>15 metric tons</il>,87,0.0,,
8704320140,G.V.W. exceeding <il>15 metric tons</il> but not exceeding <il>20 metric tons</il>,87,0.0,,
8704320150,G.V.W. exceeding <il>20 metric tons</il>,87,0.0,,
8704410000,G.V.W. not exceeding <il>5 metric tons</il>,87,0.25,"Free (A+,AU,B,BH,CL,CO,D,E,IL,JO,MA,OM,P,PA,PE,S,SG)25% (KR)",25%
87044200,G.V.W. exceeding 5 metric tons but not exceeding 20 metric tons,87,0.25,"Free (A+,AU,B,BH,CL,CO,D,E,IL,JO,MA,OM,P,PA,PE,S,SG)25% (KR)",25%
8704420020,G.V.W. exceeding 5 metric tons but not exceeding 9 metric tons,87,0.0,,
8704420040,G.V.W. exceeding <il>9 metric tons</il> but not exceeding <il>12 metric tons</il>,87,0.0,,
8704420060,G.V.W. exceeding 12 metric tons but not exceeding 15 metric tons,87,0.0,,
8704420080,G.V.W. exceeding 15 metric tons but not exceeding 20 metric tons,87,0.0,,
8704430000,G.V.W. exceeding 20 metric tons,87,0.25,"Free (A+,AU,B,BH,CL,CO,D,E,IL,JO,MA,OM,P,PA,PE,S,SG)25% (KR)",25%
87045100,G.V.W. not exceeding 5 metric tons,87,0.25,"Free (A+,AU,B,BH,CL,CO,D,E,IL,JO,MA,OM,P,PA,PE,S,SG)25% (KR)",25%
8704510020,G.V.W. not exceeding 2.5 metric tons,87,0.0,,
8704510040,G.V.W. exceeding 2.5 metric tons but not exceeding 5 metric tons,87,0.0,,
87045200,G.V.W. exceeding 5 metric tons,87,0.25,"Free (A+,AU,B,BH,CL,CO,D,E,IL,JO,MA,OM,P,PA,PE,S,SG)25% (KR)",25%
8704520010,G.V.W. exceeding 5 metric tons but not exceeding 9 metric tons,87,0.0,,
8704520020,G.V.W. exceeding <il>9 metric tons</il> but not exceeding <il>12 metric tons</il>,87,0.0,,
8704520030,G.V.W. exceeding 12 metric tons but not exceeding 15 metric tons,87,0.0,,
8704520040,G.V.W. exceeding 15 metric tons but not exceeding 20 metric tons,87,0.0,,
8704520050,G.V.W. exceeding 20 metric tons,87,0.0,,
8704600000,"Other, with only electric motor for propulsion",87,0.25,"Free (A+,AU,B,BH,CL,CO,D,E,IL,JO,MA,OM,P,PA,PE,S,SG)25% (KR)",25%
8704900100,Other,87,0.25,"Free (A+,AU,B,BH,CL,CO,D,E,IL,JO,MA,OM,P,PA,PE,S,SG)25% (KR)",25%
8705,"Special purpose motor vehicles, other than those principally designed for the transport of persons or goods (for example, wreckers, mobile cranes, fire fighting vehicles, concrete mixers, road sweepers, spraying vehicles, mobile workshops, mobile radiological units):",87,0.0,,
87051000,Mobile cranes,87,0.0,,25%
8705100010,Cable operated,87,0.0,,
8705100050,Other,87,0.0,,
8705200000,Mobile drilling derricks,87,0.0,,25%
8705300000,Fire fighting vehicles,87,0.0,,25%
8705400000,Concrete mixers,87,0.0,,25%
87059000,Other,87,0.0,,25%
8705900010,Mobile radiological units,87,0.0,,
8705900020,Mobile medical clinics,87,0.0,,
8705900080,Other,87,0.0,,
870600,"Chassis fitted with engines, for the motor vehicles of headings 8701 to 8705:",87,0.0,,
8706000300,For vehicles of subheading 8704.21 or 8704.31,87,0.04,"Free (A+,AU,B,BH,CL,CO,D,E,IL, JO,KR,MA, OM,P,PA,PE,S,SG)",25%
87060005,Other,87,0.04,"Free (A+,AU,B,BH,CL,CO,D,E,IL, JO,KR,MA, OM,P,PA,PE,S,SG)",25%
8706000520,"For vehicles of subheading 8701.21, 8701.22, 8701.23, 8701.24 or 8701.29",87,0.0,,
8706000540,For vehicles of heading 8702,87,0.0,,
8706000575,For vehicles of heading 8704,87,0.0,,
87060015,For vehicles of heading 8703,87,0.025,"Free (A+,AU,B,BH,CL,CO,D,E,IL, JO,KR,MA, OM,P,PA,PE,S,SG)",10%
8706001520,For passenger automobiles,87,0.0,,
8706001540,For other vehicles of heading 8703,87,0.0,,
8706002500,For vehicles of heading 8705,87,0.016,"Free (A+,AU,BH,CL,CO,D,E,IL, JO,KR,MA, OM,P,PA,PE,S,SG)",10%
8706003000,For tractors suitable for agricultural use,87,0.0,,Free
8706005000,Other,87,0.013999999999999999,"Free (A,AU,BH,CL,CO,D,E,IL,JO,KR,MA,OM,P,PA,PE,S,SG)",27.5%
8707,"Bodies (including cabs), for the motor vehicles of headings 8701 to 8705:",87,0.0,,
87071000,For vehicles of heading 8703,87,0.025,"Free (A+,AU,B,BH,CL,CO,D,E,IL, JO,KR,MA, OM,P,PA,PE,S,SG)",10%
8707100020,For passenger automobiles,87,0.0,,
8707100030,"For vehicles having offset steering and a floorboard width of at least 114.3 cm but not more than 139.7 cm, as described in statistical note 2 to this chapter",87,0.0,,
8707100090,Other,87,0.0,,
870790,Other:,87,0.0,,
8707901000,For tractors suitable for agricultural use,87,0.0,,Free
87079050,Other,87,0.04,"Free (A+,AU,B,BH,CL,CO,D,E,IL, JO,KR,MA, OM,P,PA,PE,S,SG)",25%
8707905020,"For vehicles of subheading 8701.21, 8701.22, 8701.23, 8701.24 or 8701.29",87,0.0,,
8707905040,For vehicles of heading 8702,87,0.0,,
8707905060,For vehicles of heading 8704,87,0.0,,
8707905080,For vehicles of heading 8705,87,0.0,,
8707905090,For other vehicles,87,0.0,,
8708,Parts and accessories of the motor vehicles of headings 8701 to 8705:,87,0.0,,
870810,Bumpers and parts thereof:,87,0.0,,
87081030,Bumpers,87,0.025,"Free (A,AU,B,BH,CL,CO,D,E,IL,JO,KR,MA,OM,P,PA,PE,S,SG)",25%
8708103020,Of steel,87,0.0,,
8708103030,Of aluminum,87,0.0,,
8708103040,Other,87,0.0,,
8708103050,Other,87,0.0,,
87081060,Parts of bumpers,87,0.025,"Free (A,AU,B,BH,CL,CO,D,E,IL,JO,KR,MA,OM,P,PA,PE,S,SG)",25%
8708106010,Stampings,87,0.0,,
8708106050,Other,87,0.0,,
8708210000,Safety seat belts,87,0.025,"Free (A,AU,B,BH,CL,CO,D,E,IL,JO,KR,MA,OM,P,PA,PE,S,SG)",25%
8708220000,"Front windscreens (windshields), rear windows and  other windows specified in subheading note 1 to this chapter",87,0.025,"Free (A+,AU,B,BH,CL,CO,D,E,IL,JO,KR,MA,OM,P,PA,PE,S,SG)",25%
870829,Other:,87,0.0,,
8708291500,Door assemblies,87,0.025,"Free (A,AU,B,BH,CL,CO,D,E,IL,JO,KR,MA,OM,P,PA,PE,S,SG)",25%
87082921,For tractors suitable for agricultural use,87,0.0,,Free
8708292120,Of steel,87,0.0,,
8708292130,Of aluminum,87,0.0,,
8708292140,Other,87,0.0,,
8708292500,Other,87,0.025,"Free (A,AU,B,BH,CL,CO,D,E,IL,JO,KR,MA,OM,P,PA,PE,S,SG)",25%
87082951,Other,87,0.025,"Free (A,AU,B,BH,CL,CO,D,E,IL,JO,KR,MA,OM,P,PA,PE,S,SG)",25%
8708295110,Stampings,87,0.0,,
8708295125,Truck caps,87,0.0,,
8708295150,Tonneau covers,87,0.0,,
8708295190,Other,87,0.0,,
870830,Brakes and servo-brakes; parts thereof:,87,0.0,,
87083010,For tractors suitable for agricultural use,87,0.0,,Free
8708301010,Mounted brake linings,87,0.0,,
8708301090,Other,87,0.0,,
87083050,For other vehicles,87,0.025,"Free (A*,AU,B,BH,CL,CO,D,E,IL,JO,KR,MA,OM,P,PA,PE,S,SG)",25%
8708305020,Brake drums,87,0.0,,
8708305030,Brake rotors (discs),87,0.0,,
8708305040,Mounted brake linings,87,0.0,,
8708305090,Other,87,0.0,,
870840,Gear boxes and parts thereof:,87,0.0,,
87084011,"For vehicles of subheading 8701.21, 8701.22, 8701.23, 8701.24 or 8701.29 or heading 8702, 8703 or 8704",87,0.025,"Free (A*,AU,B,BH,CL,CO,D,E,IL,JO,KR,MA,OM,P,PA,PE,S,SG)",25%
8708401110,For vehicles of heading 8703,87,0.0,,
8708401150,Other,87,0.0,,
8708403000,For tractors suitable for agricultural use,87,0.0,,Free
8708405000,For other vehicles,87,0.025,"Free (A*,AU,BH,CL,CO,D,E,IL,JO,KR,MA,OM,P,PA,PE,S,SG)",25%
8708406000,Of tractors suitable for agricultural use,87,0.0,,Free
8708406500,Of other tractors (except road tractors),87,0.0,,27.5%
8708407000,Of cast iron,87,0.0,,Free
87084075,Other,87,0.025,"Free (A*,AU,B,BH,CL,CO,D,E,IL,JO,KR,MA,OM,P,PA,PE,S,SG)",25%
8708407570,Steel forgings,87,0.0,,
8708407580,Other,87,0.0,,
870850,"Drive-axles with differential, whether or not provided with other transmission components, and non-driving axles; parts thereof:",87,0.0,,
87085011,For tractors suitable for agricultural use,87,0.0,,Free
8708501110,"Drive axles with differential, whether or not provided with other transmission components",87,0.0,,
8708501150,Non-driving axles,87,0.0,,
87085031,For other tractors,87,0.0,,27.5%
8708503110,"Drive axles with differential, whether or not provided with other transmission components",87,0.0,,
8708503150,Non-driving axles,87,0.0,,
87085051,For vehicles of heading 8703,87,0.025,"Free (A*,AU,B,BH,CL,CO,D,E,IL,JO,KR,MA,OM,P,PA,PE,S,SG)",25%
8708505110,"Drive axles with differential, whether or not provided with other transmission components",87,0.0,,
8708505150,Non-driving axles,87,0.0,,
8708506100,"Drive axles with differential, whether or not provided with other transmission components",87,0.025,"Free (A*,AU,B,BH,CL,CO,D,E,IL,JO,KR,MA,OM,P,PA,PE,S,SG)",25%
8708506500,Non-driving axles,87,0.025,"Free (A*,AU,B,BH,CL,CO,D,E,IL,JO,KR,MA,OM,P,PA,PE,S,SG)",25%
8708507000,For tractors suitable for agricultural use,87,0.0,,Free
8708507500,For other tractors,87,0.0,,27.5%
8708507900,Parts of non-driving axles,87,0.025,"Free (A*,AU,B,BH,CL,CO,D,E,IL,JO,KR,MA,OM,P,PA,PE,S,SG)",25%
8708508100,Of cast iron,87,0.0,,Free
8708508500,Half-shafts,87,0.025,"Free (A*,AU,B,BH,CL,CO,D,E,IL,JO,KR,MA,OM,P,PA,PE,S,SG)",25%
8708508900,Other,87,0.025,"Free (A*,AU,B,BH,CL,CO,D,E,IL,JO,KR,MA,OM,P,PA,PE,S,SG)",25%
87085091,Parts of non-driving axles,87,0.025,"Free (A*,AU,B,BH,CL,CO,D,E,IL,JO,KR,MA,OM,P,PA,PE,S,SG)",25%
8708509110,Spindles,87,0.0,,
8708509150,Other,87,0.0,,
8708509300,Of cast iron,87,0.0,,Free
8708509500,Half-shafts,87,0.025,"Free (A*,AU,B,BH,CL,CO,D,E,IL,JO,KR,MA,OM,P,PA,PE,S,SG)",25%
8708509900,Other,87,0.025,"Free (A*,AU,B,BH,CL,CO,D,E,IL,JO,KR,MA,OM,P,PA,PE,S,SG)",25%
870870,Road wheels and parts and accessories thereof:,87,0.0,,
8708700500,Road wheels,87,0.0,,Free
8708701500,Parts and accessories,87,0.0,,Free
8708702500,Road wheels,87,0.0,,27.5%
8708703500,Parts and accessories,87,0.0,,27.5%
87087045,Road wheels,87,0.025,"Free (A*,AU,B,BH,CL,CO,D,E,IL,JO,KR,MA,OM,P,PA,PE,S,SG)",25%
8708704530,"For vehicles of subheading 8701.21, 8701.22, 8701.23, 8701.24 or 8701.29 or heading 8702, 8704 or 8705",87,0.0,,
8708704546,Wheels having a diameter of at least 57 cm but not more than 63 cm,87,0.0,,
8708704548,Other,87,0.0,,
8708704560,Other,87,0.0,,
87087060,Parts and accessories,87,0.025,"Free (A*,AU,B,BH,CL,CO,D,E,IL,JO,KR,MA,OM,P,PA,PE,S,SG)",25%
8708706030,"Wheel rims for vehicles of subheading 8701.21, 8701.22, 8701.23, 8701.24 or 8701.29 or heading 8702, 8703, 8704, or 8705",87,0.0,,
8708706045,"Wheel covers and hubcaps for vehicles of subheading 8701.21, 8701.22, 8701.23, 8701.24 or 8701.29 or heading 8702, 8703, 8704 or 8705",87,0.0,,
8708706060,Other,87,0.0,,
870880,Suspension systems and parts thereof (including shock absorbers):,87,0.0,,
8708800300,McPherson struts,87,0.0,,Free
8708800500,Other,87,0.0,,Free
8708801300,McPherson struts,87,0.025,"Free (A,AU,B,BH,CL,CO,D,E,IL,JO,KR,MA,OM,P,PA,PE,S,SG)",25%
87088016,Other,87,0.025,"Free (A,AU,B,BH,CL,CO,D,E,IL,JO,KR,MA,OM,P,PA,PE,S,SG)",25%
8708801610,"Suspension assemblies having a width of at least 94.0 cm but not more than 119.4 cm, with a wheel travel not more than 12.7 cm",87,0.0,,
8708801690,Other,87,0.0,,
8708805100,Of tractors suitable for agricultural use,87,0.0,,Free
8708805500,Of other tractors (except road tractors),87,0.0,,27.5%
8708806000,Of cast iron,87,0.0,,Free
87088065,Other,87,0.025,"Free (A,AU,B,BH,CL,CO,D,E,IL,JO,KR,MA,OM,P,PA,PE,S,SG)",25%
8708806510,Beam hanger brackets,87,0.0,,
8708806590,Other,87,0.0,,
870891,Radiators and parts thereof:,87,0.0,,
8708911000,For tractors suitable for agricultural use,87,0.0,,Free
8708915000,For other vehicles,87,0.025,"Free (A,AU,B,BH,CL,CO,D,E,IL,JO,KR,MA,OM,P,PA,PE,S,SG)",25%
8708916000,For tractors suitable for agricultural use,87,0.0,,Free
8708916500,For other tractors (except road tractors),87,0.0,,27.5%
8708917000,Of cast iron,87,0.0,,Free
87089175,Other,87,0.025,"Free (A*,AU,B,BH,CL,CO,D,E,IL,JO,KR,MA,OM,P,PA,PE,S,SG)",25%
8708917510,Radiator cores,87,0.0,,
8708917550,Other,87,0.0,,
870892,Mufflers and exhaust pipes; parts thereof:,87,0.0,,
8708921000,For tractors suitable for agricultural use,87,0.0,,Free
8708925000,For other vehicles,87,0.025,"Free (A+,AU,B,BH,CL,CO,D,E,IL, JO,KR,MA, OM,P,PA,PE,S,SG)",25%
8708926000,For tractors suitable for agricultural use,87,0.0,,Free
8708926500,For other tractors (except road tractors),87,0.0,,27.5%
8708927000,Of cast iron,87,0.0,,Free
8708927500,Other,87,0.025,"Free (A*,AU,B,BH,CL,CO,D,E,IL,JO,KR,MA,OM,P,PA,PE,S,SG)",25%
870893,Clutches and parts thereof:,87,0.0,,
8708931500,Clutches,87,0.0,,Free
8708933000,Other,87,0.0,,Free
8708936000,Clutches,87,0.025,"Free (A,AU,B,BH,CL,CO,D,E,IL,JO,KR,MA,OM,P,PA,PE,S,SG)",25%
8708937500,Other,87,0.025,"Free (A,AU,B,BH,CL,CO,D,E,IL,JO,KR,MA,OM,P,PA,PE,S,SG)",25%
870894,"Steering wheels, steering columns and steering boxes; parts thereof:",87,0.0,,
8708941000,For tractors suitable for agricultural use,87,0.0,,Free
8708945000,For other vehicles,87,0.025,"Free (A*,AU,B,BH,CL,CO,D,E,IL,JO,KR,MA,OM,P,PA,PE,S,SG)",25%
8708946000,For tractors suitable for agricultural use,87,0.0,,Free
8708946500,For other tractors (except road tractors),87,0.0,,27.5%
8708947000,Of cast iron,87,0.0,,Free
87089475,Other,87,0.025,"Free (A*,AU,B,BH,CL,CO,D,E,IL,JO,KR,MA,OM,P,PA,PE,S,SG)",25%
8708947510,Steering shaft assemblies incorporating universal joints,87,0.0,,
8708947550,Other,87,0.0,,
870895,Safety airbags with inflater system; parts thereof:,87,0.0,,
8708950500,Inflaters and modules for airbags,87,0.025,"Free (A,AU,B,BH,CL,CO,D,E,IL,JO,KR,MA,OM,P,PA,PE,S,SG)",25%
8708951000,For tractors suitable for agricultural use,87,0.0,,Free
8708951500,For other tractors (except road tractors),87,0.0,,27.5%
8708952000,For other vehicles,87,0.025,"Free (A,AU,B,BH,CL,CO,D,E,IL,JO,KR,MA,OM,P,PA,PE,S,SG)",25%
870899,Other:,87,0.0,,
8708990300,Vibration control goods containing rubber,87,0.0,,Free
8708990600,Double flanged wheel hub units incorporating ball bearings,87,0.0,,Free
8708991600,Other parts for power trains,87,0.0,,Free
8708992300,Other,87,0.0,,Free
8708992700,Vibration control goods containing rubber,87,0.0,,27.5%
8708993100,Double flanged wheel hub units incorporating ball bearings,87,0.0,,27.5%
8708994100,Other parts for power trains,87,0.0,,27.5%
87089948,Other,87,0.0,,27.5%
8708994810,Tracklinks for track-laying tractors,87,0.0,,
8708994850,Other,87,0.0,,
8708995300,Of cast-iron,87,0.0,,Free
8708995500,Vibration control goods containing rubber,87,0.025,"Free (A*,AU,B,BH,CL,CO,D,E,IL,JO,KR,MA,OM,P,PA,PE,S,SG)",25%
8708995800,Double flanged wheel hub units incorporating ball bearings,87,0.025,"Free (A*,AU,B,BH,CL,CO,D,E,IL,JO,KR,MA,OM,P,PA,PE,S,SG)",25%
87089968,Other parts for power trains,87,0.025,"Free (A*,AU,B,BH,CL,CO,D,E,IL,JO,KR,MA,OM,P,PA,PE,S,SG)",25%
8708996805,Drive shafts,87,0.0,,
8708996810,Forged universal joints for vehicles of heading 8703,87,0.0,,
8708996820,Forged universal joints for vehicles of heading 8704,87,0.0,,
8708996890,Other,87,0.0,,
87089981,Other,87,0.025,"Free (A*,AU,B,BH,CL,CO,D,E,IL,JO,KR,MA,OM,P,PA,PE,S,SG)",25%
8708998105,"Brake hoses of plastics, with attached fittings",87,0.0,,
8708998115,Double flanged wheel hub units not incorporating ball bearings,87,0.0,,
8708998130,Slide-in campers,87,0.0,,
8708998160,Cable traction devices,87,0.0,,
8708998180,Other,87,0.0,,
8709,"Works trucks, self-propelled, not fitted with lifting or handling equipment, of the type used in factories, warehouses, dock areas or airports for short distance transport of goods; tractors of the type used on railway station platforms; parts of the foregoing vehicles:",87,0.0,,
87091100,Electrical,87,0.0,,35%
8709110030,Operator riding,87,0.0,,
8709110060,Other,87,0.0,,
87091900,Other,87,0.0,,35%
8709190030,Operator riding,87,0.0,,
8709190060,Other,87,0.0,,
87099000,Parts:,87,0.0,,35%
8709900010,Road wheels,87,0.0,,
8709900020,Wheel and tire assemblies,87,0.0,,
8709900090,Other,87,0.0,,
87100000,"Tanks and other armored fighting vehicles, motorized, whether or not fitted with weapons, and parts of such vehicles",87,0.0,,35%
8710000030,Tracked (including half-tracked),87,0.0,,
8710000060,Other,87,0.0,,
8710000090,Parts,87,0.0,,
8711,"Motorcycles (including mopeds) and cycles fitted with an auxiliary motor, with or without side-cars; side-cars:",87,0.0,,
8711100000,With internal combustion piston engine of a cylinder capacity not exceeding <il>50 cc</il>,87,0.0,,10%
87112000,With internal combustion piston engine of a cylinder capacity exceeding <il>50 cc</il> but not exceeding <il>250 cc</il>,87,0.0,,10%
8711200030,Exceeding <il>50 cc</il> but not exceeding <il>90 cc</il>,87,0.0,,
8711200060,Exceeding <il>90 cc</il> but not exceeding <il>190 cc</il>,87,0.0,,
8711200090,Exceeding <il>190 cc</il> but not exceeding <il>250 cc</il>,87,0.0,,
87113000,With internal combustion piston engine of a cylinder capacity exceeding <il>250 cc</il> but not exceeding <il>500 cc</il>,87,0.0,,10%
8711300030,Exceeding <il>250 cc</il> but not exceeding <il>290 cc</il>,87,0.0,,
8711300060,Exceeding <il>290 cc</il> but not exceeding <il>490 cc</il>,87,0.0,,
8711300090,Exceeding <il>490 cc</il> but not exceeding <il>500 cc</il>,87,0.0,,
871140,With internal combustion piston engine of a cylinder capacity exceeding <il>500 cc</il> but not exceeding <il>800 cc</il>:,87,0.0,,
8711403000,Exceeding <il>500 cc</il> but not exceeding <il>700 cc</il>,87,0.0,,10%
87114060,Exceeding <il>700 cc</il> but not exceeding <il>800 cc</il>,87,0.024,"Free (A*,AU,BH,CL,CO,D,E,IL,JO,KR,MA,OM,P,PA,PE,S,SG)",10%
8711406030,Exceeding <il>700 cc</il> but not exceeding <il>790 cc</il>,87,0.0,,
8711406060,Exceeding <il>790 cc</il> but not exceeding <il>800 cc</il>,87,0.0,,
87115000,With internal combustion piston engine of a cylinder capacity exceeding <il>800 cc</il>,87,0.024,"Free (A*,AU,BH,CL,CO,D,E,IL,JO,KR,MA,OM,P,PA,PE,S,SG)",10%
8711500030,Exceeding <il>800 cc</il> but not exceeding <il>970 cc</il>,87,0.0,,
8711500060,Exceeding <il>970 cc</il>,87,0.0,,
87116000,With electric motor for propulsion,87,0.0,,10%
8711600050,Of an output not exceeding 250 W,87,0.0,,
8711600090,Other,87,0.0,,
8711900100,Other,87,0.0,,10%
871200,"Bicycles and other cycles (including delivery tricycles), not motorized:",87,0.0,,
87120015,Bicycles having both wheels not exceeding <il>63.5 cm</il> in diameter,87,0.11,"Free (A+,AU,BH,CL,CO,D,E,IL,JO,KR,MA,OM,P,PA,PE,S,SG) 5.5% (JP)",30%
8712001510,Having both wheels not exceeding <il>50 cm</il> in diameter,87,0.0,,
8712001520,Having both wheels exceeding <il>50 cm</il> but not exceeding <il>55 cm</il> in diameter,87,0.0,,
8712001550,Having both wheels exceeding <il>55 cm</il> but not exceeding <il>63.5 cm</il> in diameter,87,0.0,,
8712002500,If weighing less than <il>16.3 kg</il> complete without accessories and not designed for use with tires having a cross-sectional diameter exceeding <il>4.13 cm</il>,87,0.055,"Free (A+,AU,BH,CL,CO,D,E,IL, JO,KR,MA, OM,P,PA,PE,S,SG)2.75% (JP)",30%
8712003500,Other,87,0.11,"Free (A+,AU,BH,CL,CO,D,E,IL,JO,KR,MA,OM,P,PA,PE,S,SG) 5.5% (JP)",30%
8712004400,"Bicycles having a front wheel exceeding <il>55 cm</il> but not exceeding <il>63.5 cm</il> in diameter and a rear wheel exceeding <il>63.5 cm</il> in diameter, weighing less than <il>16.3 kg</il> complete without accessories and not designed for use with tires having a cross-sectional diameter exceeding <il>4.13 cm</il>, valued $200 or more each",87,0.055,"Free (A+,AU,BH,CL,CO,D,E,IL, JO,KR,MA, OM,P,PA,PE,S,SG)2.75% (JP)",30%
8712004800,Other bicycles,87,0.11,"Free (A+,AU,BH,CL,CO,D,E,IL,JO,KR,MA,OM,P,PA,PE,S,SG) 5.5% (JP)",30%
8712005000,Other cycles,87,0.037000000000000005,"Free (A,AU,BH,CL,CO,D,E,IL,JO,JP,KR,MA,OM,P,PA,PE,S,SG)",35%
8713,"Carriages for disabled persons, whether or not motorized or otherwise mechanically propelled:",87,0.0,,
8713100000,Not mechanically propelled,87,0.0,,40%
87139000,Other,87,0.0,,10%
8713900030,Three-wheeled,87,0.0,,
8713900060,Other,87,0.0,,
8714,Parts and accessories of vehicles of headings 8711 to 8713:,87,0.0,,
87141000,Of motorcycles (including mopeds),87,0.0,,25%
8714100010,Saddles and seats,87,0.0,,
8714100020,Wheels,87,0.0,,
8714100050,Other,87,0.0,,
8714200000,Of carriages for disabled persons,87,0.0,,40%
871491,"Frames and forks, and parts thereof:",87,0.0,,
8714912000,Valued over $600 each,87,0.039,"Free (A,AU,BH,CL,CO,D,E,IL,JO,JP,KR,MA,OM,P,PA,PE,S,SG)",30%
8714913000,Other,87,0.039,"Free (A+,AU,BH,CL,CO,D,E,IL,JO,JP,KR,MA,OM,P,PA,PE,S,SG)",30%
8714915000,Sets of steel tubing cut to exact length and each set having the number of tubes needed for the assembly (with other parts) into the frame and fork of one bicycle,87,0.06,"Free (A+,AU,BH,CL,CO,D,E,IL, JO,KR,MA, OM,P,PA,PE,S,SG)3% (JP)",30%
8714919000,Other,87,0.0,,30%
871492,Wheel rims and spokes:,87,0.0,,
8714921000,Wheel rims,87,0.05,"Free (A+,AU,BH,CL,CO,D,E,IL,JO,JP,KR,MA,OM,P,PA,PE,S,SG)",30%
8714925000,Spokes,87,0.1,"Free (A,AU,BH,CL,CO,D,E,IL,JO,KR,MA,OM,P,PA,PE,S,SG) 5% (JP)",30%
871493,"Hubs, other than coaster braking hubs and hub brakes, and free-wheel sprocket-wheels:",87,0.0,,
8714930500,Aluminum alloy hubs with a hollow axle and lever-operated quick release mechanism,87,0.0,,30%
8714931500,Three speed,87,0.0,,30%
8714932400,Two speed,87,0.0,,30%
8714932800,Other,87,0.03,"Free (A+,AU,BH,CL, CO,D,E,IL,JO,JP,KR, MA,OM,P,PA, PE,S,SG)",30%
8714933500,Other,87,0.1,"Free (A+,AU,BH,CL,CO,D,E,IL,JO,KR,MA,OM,P,PA,PE,S,SG) 5% (JP)",30%
87149370,Free-wheel sprocket-wheels,87,0.0,,30%
8714937030,Multiple free-wheel sprockets,87,0.0,,
8714937060,Other,87,0.0,,
871494,"Brakes, including coaster braking hubs and hub brakes, and parts thereof:",87,0.0,,
87149430,"Drum brakes, caliper and cantilever bicycle brakes, and coaster brakes; parts thereof (including cable or inner wire therefor, fitted with fittings)",87,0.0,,30%
8714943020,Caliper and cantilever bicycle brakes,87,0.0,,
8714943040,Designed for single-speed bicycles,87,0.0,,
8714943050,Designed for three-speed bicycles,87,0.0,,
8714943060,Other,87,0.0,,
8714943080,Other,87,0.0,,
8714949000,Other,87,0.1,"Free (A+,AU,BH,CL,CO,D,E,IL,JO,KR,MA,OM,P,PA,PE,S,SG) 5% (JP)",30%
8714950000,Saddles,87,0.08,"Free (A+,AU,BH,CL,CO,D,E,IL,JO,KR,MA,OM,P,PA,PE,S,SG) 4% (JP)",30%
871496,"Pedals and crank-gear, and parts thereof:",87,0.0,,
8714961000,Pedals and parts thereof,87,0.08,"Free (A+,AU,BH,CL,CO,D,E,IL,JO,KR,MA,OM,P,PA,PE,S,SG) 4% (JP)",30%
8714965000,Cotterless-type crank sets and parts thereof,87,0.0,,30%
8714969000,Other crank-gear and parts thereof,87,0.1,"Free (A+,AU,BH,CL,CO,D,E,IL,JO,KR,MA,OM,P,PA,PE,S,SG) 5% (JP)",30%
871499,Other:,87,0.0,,
8714991000,Click twist grips and click stick levers,87,0.0,,30%
8714995000,Derailleurs and parts thereof,87,0.0,,30%
8714996000,"Trigger and twist grip controls for three speed hubs, and parts thereof; bicycle handlebar stems wholly of aluminum alloy (including their hardware of any material), valued over $2.15 each; and bicycle handlebar stem rotor assemblies",87,0.0,,30%
8714998000,Other,87,0.1,"Free (A+,AU,BH,CL,CO,D,E,IL,JO,KR,MA,OM,P,PA,PE,S,SG) 5% (JP)",30%
87150000,Baby carriages (including strollers) and parts thereof,87,0.044000000000000004,"Free (A,AU,BH,CL,CO,D,E,IL,JO,KR,MA,OM,P,PA,PE,S,SG)",45%
8715000020,Baby carriages (including strollers),87,0.0,,
8715000040,Parts,87,0.0,,
8716,"Trailers and semi-trailers; other vehicles, not mechanically propelled; and parts thereof:",87,0.0,,
87161000,Trailers and semi-trailers for housing or camping,87,0.0,,45%
8716100030,Less than 10.6 m in length,87,0.0,,
8716100075,10.6 m or more in length,87,0.0,,
8716200000,Self-loading or self-unloading trailers and semi-trailers for agricultural purposes,87,0.0,,45%
8716310000,Tanker trailers and tanker semi-trailers,87,0.0,,45%
87163900,Other,87,0.0,,45%
8716390010,Agricultural,87,0.0,,
8716390020,For use with the vehicles of heading 8709,87,0.0,,
8716390030,For use with the vehicles of heading 8703,87,0.0,,
8716390040,Van type,87,0.0,,
8716390050,Platform type,87,0.0,,
8716390090,Other,87,0.0,,
8716400000,Other trailers and semi-trailers,87,0.0,,45%
871680,Other vehicles:,87,0.0,,
8716801000,Farm wagons and carts,87,0.0,,Free
87168050,Other,87,0.032,"Free (A*,AU,BH,CL,CO,D,E,IL,JO,KR,MA,OM,P,PA,PE,S,SG)",45%
8716805010,Industrial hand trucks,87,0.0,,
8716805020,Portable luggage carts,87,0.0,,
8716805090,Other,87,0.0,,
871690,Parts:,87,0.0,,
87169010,Parts of farm wagons and carts:,87,0.0,,Free
8716901010,Road wheels,87,0.0,,
8716901020,Wheel and tire assemblies,87,0.0,,
8716901090,Other,87,0.0,,
8716903000,"Castors, other than those of heading 8302",87,0.057,"Free (A*,AU,BH,CL,CO,D,E,IL,JO,KR,MA,OM,P,PA,PE,S,SG)",45%
87169050,Other,87,0.031,"Free (A*,AU,BH,CL,CO,D,E,IL,JO,KR,MA,OM,P,PA,PE,S,SG)",45%
8716905010,Axles and parts thereof,87,0.0,,
8716905035,"Steel wheels measuring 30 to <il>42 cm</il> in diameter, whether or not assembled",87,0.0,,
8716905046,Of aluminum,87,0.0,,
8716905047,Of steel,87,0.0,,
8716905048,Other wheels,87,0.0,,
8716905056,Wheels with tires for off-the-highway use,87,0.0,,
8716905059,Wheels with other tires,87,0.0,,
8716905060,Other,87,0.0,,
9401,"Seats (other than those of heading 9402), whether or not convertible into beds, and parts thereof:",94,0.0,,
940110,Seats of a kind used for aircraft:,94,0.0,,
9401104000,Leather upholstered,94,0.0,,45%
9401108000,Other,94,0.0,,45%
9401200000,Seats of a kind used for motor vehicles,94,0.0,,25%
9401310000,Of wood,94,0.0,,45%
94013900,Other,94,0.0,,45%
9401390010,Household,94,0.0,,
9401390030,Other,94,0.0,,
9401410000,Of wood,94,0.0,,40%
9401490000,Other,94,0.0,,40%
9401520000,Of bamboo,94,0.0,,60%
9401530000,Of rattan,94,0.0,,60%
9401590000,Other,94,0.0,,60%
940161,Upholstered:,94,0.0,,
94016120,Of teak,94,0.0,,40%
9401612011,Of plantation-harvested teak,94,0.0,,
9401612015,Other,94,0.0,,
9401612031,Of plantation-harvested teak,94,0.0,,
9401612035,Other,94,0.0,,
94016140,Other,94,0.0,,40%
9401614001,"Chairs for children, including highchairs",94,0.0,,
9401614011,Other household,94,0.0,,
9401614031,Other,94,0.0,,
94016160,Other,94,0.0,,40%
9401616001,Stationary activity centers for children,94,0.0,,
9401616005,Other seats for children,94,0.0,,
9401616011,Other household,94,0.0,,
9401616031,Other,94,0.0,,
940169,Other:,94,0.0,,
94016920,Bent-wood seats,94,0.0,,42.5%
9401692010,Household,94,0.0,,
9401692030,Other,94,0.0,,
94016940,Of teak,94,0.0,,40%
9401694011,Of plantation-harvested teak,94,0.0,,
9401694015,Other,94,0.0,,
9401694031,Of plantation-harvested teak,94,0.0,,
9401694035,Other,94,0.0,,
94016960,Other,94,0.0,,40%
9401696001,Chairs for children including highchairs,94,0.0,,
9401696011,Other household,94,0.0,,
9401696031,Other,94,0.0,,
94016980,Other,94,0.0,,40%
9401698001,Stationary activity centers for children,94,0.0,,
9401698005,Other seats for children,94,0.0,,
9401698011,Other household,94,0.0,,
9401698066,Of plantation-harvested teak,94,0.0,,
9401698068,Other,94,0.0,,
9401698090,Other,94,0.0,,
94017100,Upholstered,94,0.0,,45%
9401710001,Highchairs and booster seats,94,0.0,,
9401710005,Infant walkers,94,0.0,,
9401710006,Bouncers with seats,94,0.0,,
9401710007,Swings for children,94,0.0,,
9401710008,Stationary activity centers for children,94,0.0,,
9401710011,Other household,94,0.0,,
9401710031,Other,94,0.0,,
94017900,Other,94,0.0,,45%
9401790001,Highchairs and booster seats,94,0.0,,
9401790002,Infant walkers,94,0.0,,
9401790003,Bouncers with seats,94,0.0,,
9401790004,Swings for children,94,0.0,,
9401790006,Stationary activity centers for children,94,0.0,,
9401790011,Household,94,0.0,,
9401790015,Other,94,0.0,,
9401790025,Household,94,0.0,,
9401790035,Other,94,0.0,,
9401790046,Household,94,0.0,,
9401790050,Other,94,0.0,,
940180,Other seats:,94,0.0,,
94018020,Of reinforced or laminated plastics,94,0.0,,65%
9401802001,"Childrenʼs highchairs and booster seats except for motor vehicle; bath seats, infant walkers, bouncers with seats, swings for children",94,0.0,,
9401802005,Stationary activity centers for children,94,0.0,,
9401802011,Other household,94,0.0,,
9401802031,Other,94,0.0,,
94018040,Other,94,0.0,,25%
9401804001,"Childrenʼs highchairs and booster seats except for motor vehicle; bath seats, infant walkers, bouncers with seats, swings for children",94,0.0,,
9401804004,Stationary activity centers for children,94,0.0,,
9401804006,Household,94,0.0,,
9401804015,Other,94,0.0,,
9401804026,Household,94,0.0,,
9401804035,Other,94,0.0,,
9401804046,Other,94,0.0,,
94018060,Other,94,0.0,,45%
9401806021,With detachable hard-shell seat,94,0.0,,
9401806023,Other,94,0.0,,
9401806024,Stationary activity centers for children,94,0.0,,
9401806025,Other seats for children,94,0.0,,
9401806028,Other household,94,0.0,,
9401806030,Other,94,0.0,,
940191,Of wood:,94,0.0,,
9401911500,Of seats of a kind used for motor vehicles,94,0.0,,25%
9401912000,Of bent wood seats,94,0.0,,42.5%
94019190,Other,94,0.0,,40%
9401919010,"For children’s highchairs, booster seats, and similar seats",94,0.0,,
9401919090,Other,94,0.0,,
940199,Other:,94,0.0,,
94019910,Of seats of a kind used for motor vehicles,94,0.0,,25%
9401991010,"Of leather, cut to shape",94,0.0,,
9401991020,"Of textile material, cut to shape",94,0.0,,
9401991085,Other,94,0.0,,
94019925,"Of cane, osier, bamboo or similar materials",94,0.0,,60%
9401992540,Of rattan,94,0.0,,
9401992580,Other,94,0.0,,
94019935,Of rubber or plastics,94,0.0,,25%
9401993510,"For children’s highchairs, booster seats except for motor vehicle and similar seats",94,0.0,,
9401993580,Other,94,0.0,,
94019990,Other,94,0.0,,45%
9401999005,"For children’s highchairs, booster seats and similar seats",94,0.0,,
9401999021,"Other of textile material, cut to shape",94,0.0,,
9401999030,"Mechanically collapsible sofa bed seat deck components, covered or uncovered as described in statistical note 2 to this chapter",94,0.0,,
9401999040,Of seats of a kind used for aircraft,94,0.0,,
9401999085,Other,94,0.0,,
9402,"Medical, surgical, dental or veterinary furniture (for example, operating tables, examination tables, hospital beds with mechanical fittings, dentists' chairs); barbers' chairs and similar chairs, having rotating as well as both reclining and elevating movements; parts of the foregoing articles:",94,0.0,,
9402100000,"Dentists', barbers' or similar chairs and parts thereof",94,0.0,,35%
94029000,Other,94,0.0,,40%
9402900010,Hospital beds,94,0.0,,
9402900020,Other,94,0.0,,
9403,Other furniture and parts thereof:,94,0.0,,
94031000,Metal furniture of a kind used in offices,94,0.0,,45%
9403100020,Filing cabinets,94,0.0,,
9403100040,Other,94,0.0,,
94032000,Other metal furniture,94,0.0,,45%
9403200011,"Floor-standing, metal-top ironing boards",94,0.0,,
9403200016,Cribs,94,0.0,,
9403200017,"Toddler beds, bassinets, cradles, play yards and other enclosures for confining children",94,0.0,,
9403200035,"Mechanically adjustable bed or mattress base, not foldable, having the characteristics of a bed or bed frame, of a width exceeding 91.44 cm, of a length exceeding 184.15 cm, and of a depth exceeding 8.89 cm",94,0.0,,
9403200040,"Mattress bases with legs, not foldable, having the characteristics of a stationary (not mechanically adjustable) bed frame, of a width exceeding 91.44 cm, of a length exceeding 184.15 cm and of a depth exceeding 8.89 cm",94,0.0,,
9403200046,Mechanically adjustable,94,0.0,,
9403200048,Stationary (not mechanically adjustable),94,0.0,,
9403200050,Other,94,0.0,,
9403200075,Boltless or press-fit steel shelving units prepackaged for sale as described in statistical note 4 to this chapter,94,0.0,,
9403200078,"Storage lockers, other than exchange lockers as described in statistical note 5 to this chapter",94,0.0,,
9403200082,"Steel racks, other than those described in statistical reporting number 9403.20.0075",94,0.0,,
9403200086,Other,94,0.0,,
9403200090,Other,94,0.0,,
940330,Wooden furniture of a kind used in offices:,94,0.0,,
9403304000,Bent-wood furniture,94,0.0,,42.5%
94033080,Other,94,0.0,,40%
9403308001,Of Padauk (Padouk) or Narra (<u>Pterocarpus </u>spp.),94,0.0,,
9403308005,"Of Rosewood, Palissander, Cocobolo, Bois de Rose, Kingwood, Tulipwood or Blackwood (<u>Dalbergia </u>spp.)",94,0.0,,
9403308021,Of teak (<u>Tectona </u>spp.),94,0.0,,
9403308031,Of Wenge (<u>Millettia </u>spp.),94,0.0,,
9403308090,Other,94,0.0,,
940340,Wooden furniture of a kind used in the kitchen:,94,0.0,,
9403404000,Bent-wood furniture,94,0.0,,42.5%
9403406000,Designed for motor vehicle use,94,0.0,,25%
94034090,Other,94,0.0,,40%
9403409040,Dining tables,94,0.0,,
9403409060,Cabinets designed for permanent installation,94,0.0,,
9403409080,Other,94,0.0,,
940350,Wooden furniture of a kind used in the bedroom:,94,0.0,,
9403504000,Bent-wood furniture,94,0.0,,42.5%
9403506000,Designed for motor vehicle use,94,0.0,,25%
94035090,Other,94,0.0,,40%
9403509041,Cribs,94,0.0,,
9403509042,"Toddler beds, bassinets, and cradles",94,0.0,,
9403509045,Other,94,0.0,,
9403509080,Other,94,0.0,,
940360,Other wooden furniture:,94,0.0,,
9403604000,Bent-wood furniture,94,0.0,,42.5%
94036080,Other,94,0.0,,40%
9403608010,Play yards and other enclosures for confining children,94,0.0,,
9403608040,Dining tables,94,0.0,,
9403608089,Of teak (<u>Tectona</u> spp.),94,0.0,,
9403608093,Other,94,0.0,,
940370,Furniture of plastics:,94,0.0,,
94037040,Of reinforced or laminated plastics,94,0.0,,65%
9403704001,Cribs,94,0.0,,
9403704002,"Toddler beds, bassinets and cradles",94,0.0,,
9403704003,Play yards and other enclosures for confining children,94,0.0,,
9403704015,Other household,94,0.0,,
9403704020,Office,94,0.0,,
9403704031,Other,94,0.0,,
94037080,Other,94,0.0,,25%
9403708001,Cribs,94,0.0,,
9403708002,"Toddler beds, bassinets and cradles",94,0.0,,
9403708003,Play yards and other enclosures for confining children,94,0.0,,
9403708015,Other household,94,0.0,,
9403708020,Office,94,0.0,,
9403708031,Other,94,0.0,,
94038200,Of bamboo,94,0.0,,60%
9403820001,Cribs,94,0.0,,
9403820002,"Toddler beds, bassinets, and cradles; play yards and other enclosures for confining children",94,0.0,,
9403820015,Other household,94,0.0,,
9403820030,Other,94,0.0,,
94038300,Of rattan,94,0.0,,60%
9403830001,Cribs,94,0.0,,
9403830002,"Toddler beds, bassinets, and cradles; play yards and other enclosures for confining children",94,0.0,,
9403830015,Other household,94,0.0,,
9403830030,Other,94,0.0,,
940389,Other:,94,0.0,,
94038930,"Of cane, osier or similar materials",94,0.0,,60%
9403893010,Household,94,0.0,,
9403893020,Other,94,0.0,,
94038960,Other,94,0.0,,45%
9403896003,"Cribs, toddler beds, bassinets, and cradles; play yards and other enclosures for confining children",94,0.0,,
9403896015,Other household,94,0.0,,
9403896020,Other,94,0.0,,
94039100,Of wood,94,0.0,,40%
9403910005,"For toddler beds, cribs, bassinets and cradles",94,0.0,,
9403910010,For play yards and other enclosures for confining children,94,0.0,,
9403910080,Other,94,0.0,,
940399,Other:,94,0.0,,
94039910,Of furniture of a kind used for motor vehicles,94,0.0,,25%
9403991040,Of metal,94,0.0,,
9403991050,"Of textile material, cut to shape",94,0.0,,
9403991085,Other,94,0.0,,
94039920,"Of cane, osier, bamboo or similar materials",94,0.0,,60%
9403992040,Of rattan,94,0.0,,
9403992080,Other,94,0.0,,
94039930,Of reinforced or laminated plastics,94,0.0,,65%
9403993005,"For toddler beds, cribs, bassinets and cradles",94,0.0,,
9403993010,For play yards and other enclosures for confining children,94,0.0,,
9403993080,Other,94,0.0,,
94039940,Other,94,0.0,,25%
9403994005,"For toddler beds, cribs, bassinets and cradles",94,0.0,,
9403994010,For play yards and other enclosures for confining children,94,0.0,,
9403994080,Other,94,0.0,,
94039950,"Of textile material, except cotton",94,0.0,,80%
9403995005,"For toddler beds, cribs, bassinets and cradles",94,0.0,,
9403995010,For play yards and other enclosures for confining children,94,0.0,,
9403995080,Other,94,0.0,,
94039990,Other,94,0.0,,45%
9403999010,"For toddler beds, cribs, bassinets and cradles",94,0.0,,
9403999015,For play yards and other enclosures for confining children,94,0.0,,
9403999020,"Welded wire rack, whether or  not galvanized, plated or coated",94,0.0,,
9403999040,Parts for steel racks of statistical reporting number 9403.20.0082,94,0.0,,
9403999045,Other,94,0.0,,
9403999051,"Of cotton, cut to shape",94,0.0,,
9403999061,Other,94,0.0,,
9404,"Mattress supports; articles of bedding and similar furnishing (for example, mattresses, quilts, eiderdowns, cushions, pouffes and pillows) fitted with springs or stuffed or internally fitted with any material or of cellular rubber or plastics, whether or not covered:",94,0.0,,
94041000,Mattress supports,94,0.0,,45%
9404100020,"Of a kind used in combination with a mattress, made of wood, whether covered or uncovered",94,0.0,,
9404100050,Other,94,0.0,,
94042100,"Of cellular rubber or plastics, whether or not covered",94,0.03,"Free (A*,AU,BH,CL,CO,D,E,IL,JO,KR,MA,OM,P,PA,PE,S,SG)",40%
9404210010,For use in a crib or toddler bed,94,0.0,,
9404210013,"Of a width exceeding 91 cm, of a length exceeding 184 cm, and a depth exceeding 8 cm",94,0.0,,
9404210095,Other,94,0.0,,
940429,Of other materials:,94,0.0,,
94042910,Of cotton,94,0.03,"Free (A+,AU,BH,CL,CO,D,E,IL, JO,KR,MA, OM,P,PA,PE,S,SG)",40%
9404291005,For use in a crib or toddler bed,94,0.0,,
9404291013,"Of a width exceeding 91 cm, of a length exceeding 184 cm, and a depth exceeding 8 cm",94,0.0,,
9404291095,Other,94,0.0,,
94042990,Other,94,0.06,"Free (A*,AU,BH,CL,CO,D,E,IL,JO,KR,MA,OM,P,PA,PE,S,SG)",40%
9404299005,For use in a crib or toddler bed,94,0.0,,
9404299013,"Of a width exceeding 91 cm, of a length exceeding 184 cm, and of a depth exceeding 8 cm",94,0.0,,
9404299050,Other,94,0.0,,
9404299085,For use in a crib or toddler bed,94,0.0,,
9404299087,"Of a width exceeding 91 cm, of a length exceeding 184 cm, and a depth exceeding 8 cm",94,0.0,,
9404299095,Other,94,0.0,,
940430,Sleeping bags:,94,0.0,,
9404304000,Containing 20 percent or more by weight of feathers and/or down,94,0.047,"Free (A*,AU,BH,CL,CO,D,E,IL,JO,KR,MA,OM,P,PA,PE,S,SG)",60%
9404308000,Other,94,0.09,"Free (AU,BH, CL,CO,E,IL, JO,KR,MA, OM,P,PA,PE,S,SG)",78.5%
940440,"Quilts, bedspreads, eiderdowns and duvets (comforters):",94,0.0,,
9404401000,"Of cotton, not containing any embroidery, lace, braid, edging, trimming, piping exceeding 6.35 mm or applique work (362)",94,0.044000000000000004,"Free (AU,BH,CL,CO,E*,IL,JO,KR,MA,OM,P,PA,PE,S,SG)",25%
94044090,Other,94,0.128,"Free (AU,BH,CL,CO,E*,IL,JO,KR,MA,OM,P,PA,PE,S,SG)",90%
9404409005,With outer shell of cotton (362),94,0.0,,
9404409022,With outer shell of man-made fibers (666),94,0.0,,
9404409023,Containing 85 percent or more by weight of silk or silk waste,94,0.0,,
9404409036,Other (899),94,0.0,,
940490,Other:,94,0.0,,
94049010,Of cotton (369),94,0.053,"Free (AU,BH,CL, CO,IL,JO,KR,MA,OM,P,PA,PE,S,SG)",40%
9404901030,Foam fill (369),94,0.0,,
9404901060,Other fill (369),94,0.0,,
9404901090,Other (369),94,0.0,,
94049020,Other,94,0.06,"Free (A,AU,BH,CL,CO,D,E,IL,JO,KR,MA,OM,P,PA,PE,S,SG)",40%
9404902030,Foam fill,94,0.0,,
9404902060,Other fill,94,0.0,,
9404902090,Other,94,0.0,,
9404908100,"Of cotton, not containing any embroidery, lace, braid, edging, trimming, piping exceeding 6.35 mm or applique work (369)",94,0.044000000000000004,"Free (AU,BH,CL, CO,E*,IL,JO,KR, MA,OM,P,PA, PE,S,SG)",25%
94049096,Other,94,0.073,"Free (AU,BH,CL,CO,E*,IL,JO,KR,MA,OM,P,PA,PE,S,SG)",90%
9404909605,With outer shell of cotton (369),94,0.0,,
9404909622,With outer shell of man-made fibers (666),94,0.0,,
9404909623,Containing 85 percent or more by weight of silk or silk waste,94,0.0,,
9404909636,Other (899),94,0.0,,
9404909670,Other,94,0.0,,
9405,"Luminaires and lighting fittings including searchlights and spotlights and parts thereof, not elsewhere specified or included; illuminated signs, illuminated nameplates and the like, having a permanently fixed light source, and parts thereof not elsewhere specified or included:",94,0.0,,
940511,Designed for use solely with light-emitting diode (LED) light sources:,94,0.0,,
94051140,Of brass,94,0.039,"Free (A*,AU,BH,C,CL,CO,D,E,IL,JO,KR,MA,OM,P,PA,PE,S,SG)",45%
9405114010,Household,94,0.0,,
9405114020,Other,94,0.0,,
94051160,Other,94,0.076,"Free (A*,AU,BH,C,CL,CO,D,E,IL,JO,KR,MA,OM,P,PA,PE,S,SG)",45%
9405116010,Household,94,0.0,,
9405116020,Other,94,0.0,,
94051180,Other,94,0.039,"Free (A*,AU,BH,C,CL,CO,D,E,IL,JO,KR,MA,OM,P,PA,PE,S,SG)",35%
9405118010,Household,94,0.0,,
9405118020,Other,94,0.0,,
940519,Other:,94,0.0,,
94051940,Of brass,94,0.039,"Free (A*,AU,BH,C,CL,CO,D,E,IL,JO,KR,MA,OM,P,PA,PE,S,SG)",45%
9405194010,Household,94,0.0,,
9405194020,Other,94,0.0,,
94051960,Other,94,0.076,"Free (A*,AU,BH,C,CL,CO,D,E,IL,JO,KR,MA,OM,P,PA,PE,S,SG)",45%
9405196010,Household,94,0.0,,
9405196020,Other,94,0.0,,
94051980,Other,94,0.039,"Free (A*,AU,BH,C,CL,CO,D,E,IL,JO,KR,MA,OM,P,PA,PE,S,SG)",35%
9405198010,Household,94,0.0,,
9405198020,Other,94,0.0,,
940521,Designed for use solely with light-emitting diode (LED) light sources:,94,0.0,,
94052140,Of brass,94,0.037000000000000005,"Free (A*,AU,BH,CL,CO,D,E,IL,JO,KR,MA,OM,P,PA,PE,S,SG)",40%
9405214010,Household,94,0.0,,
9405214020,Other,94,0.0,,
94052160,Other,94,0.06,"Free (A*,AU,BH,CL,CO,D,E,IL,JO,KR,MA,OM,P,PA,PE,S,SG)",45%
9405216010,Household,94,0.0,,
9405216020,Other,94,0.0,,
94052180,Other,94,0.039,"Free (A*,AU,BH,CL,CO,D,E,IL,JO,KR,MA,OM,P,PA,PE,S,SG)",35%
9405218010,Household,94,0.0,,
9405218020,Other,94,0.0,,
940529,Other:,94,0.0,,
94052940,Of brass,94,0.037000000000000005,"Free (A*,AU,BH,CL,CO,D,E,IL,JO,KR,MA,OM,P,PA,PE,S,SG)",40%
9405294010,Household,94,0.0,,
9405294020,Other,94,0.0,,
94052960,Other,94,0.06,"Free (A*,AU,BH,CL,CO,D,E,IL,JO,KR,MA,OM,P,PA,PE,S,SG)",45%
9405296010,Household,94,0.0,,
9405296020,Other,94,0.0,,
94052980,Other,94,0.039,"Free (A*,AU,BH,CL,CO,D,E,IL,JO,KR,MA,OM,P,PA,PE,S,SG)",35%
9405298010,Household,94,0.0,,
9405298020,Other,94,0.0,,
94053100,Designed for use solely with light-emitting diode (LED) light sources,94,0.08,"Free (A*,AU,BH,CL,CO,D,E,IL,JO,KR,MA,OM,P,PA,PE,S,SG)",50%
9405310010,Miniature series wired sets,94,0.0,,
9405310040,Other,94,0.0,,
94053900,Other,94,0.08,"Free (A*,AU,BH,CL,CO,D,E,IL,JO,KR,MA,OM,P,PA,PE,S,SG)",50%
9405390010,Miniature series wired sets,94,0.0,,
9405390040,Other,94,0.0,,
940541,"Photovoltaic, designed for use solely with light- emitting diode (LED) light sources:",94,0.0,,
9405414000,Of brass,94,0.047,"Free (A*,AU,BH,CL,CO,D,E,IL,JO,KR,MA,OM,P,PA,PE,S,SG)",45%
9405416000,Other,94,0.06,"Free (A*,AU,BH,CL,CO,D,E,IL,JO,KR,MA,OM,P,PA,PE,S,SG)",45%
9405418200,"Light-emitting diode (LED) backlights modules, the foregoing which are lighting sources that consist of one or more LEDs and one or more connectors and are mounted on a printed circuit or other similar substrate, and other passive components, whether or not combined with optical components or protective diodes, and used as backlights illumination for liquid crystal displays(LCDs)",94,0.0,,35%
94054184,Other,94,0.039,"Free (A*,AU,BH,CL,CO,D,E,IL,JO,KR,MA,OM,P,PA,PE,S,SG)",35%
9405418410,Other lighting sets,94,0.0,,
9405418440,Other,94,0.0,,
940542,"Other, designed for use solely with light-emitting diode (LED) light sources:",94,0.0,,
9405424000,Of brass,94,0.047,"Free (A*,AU,BH,CL,CO,D,E,IL,JO,KR,MA,OM,P,PA,PE,S,SG)",45%
9405426000,Other,94,0.06,"Free (A*,AU,BH,CL,CO,D,E,IL,JO,KR,MA,OM,P,PA,PE,S,SG)",45%
9405428200,"Light-emitting diode (LED) backlights modules, the foregoing which are lighting sources that consist of one or more LEDs and one or more connectors and are mounted on a printed circuit or other similar substrate, and other passive components, whether or not combined with optical components or protective diodes, and used as backlights illumination for liquid crystal displays(LCDs)",94,0.0,,35%
94054284,Other,94,0.039,"Free (A*,AU,BH,CL,CO,D,E,IL,JO,KR,MA,OM,P,PA,PE,S,SG)",35%
9405428410,Other lighting sets,94,0.0,,
9405428440,Other,94,0.0,,
9405490000,Other,94,0.039,"Free (A*,AU,BH,CL,CO,D,E,IL,JO,KR,MA,OM,P,PA,PE,S,SG)",35%
940550,Non-electrical luminaires and lighting fittings:,94,0.0,,
9405502000,"Incandescent luminaires designed to be operated by  propane or other gas, or by compressed air and  kerosene or gasoline",94,0.028999999999999998,"Free (A*,AU,BH,CL,CO,D,E,IL,JO,KR,MA,OM,P,PA,PE,S,SG)",45%
9405503000,Of brass,94,0.057,"Free (A*,AU,BH,CL,CO,D,E,IL,JO,KR,MA,OM,P,PA,PE,S,SG)",45%
9405504000,Other,94,0.06,"Free (A,AU,BH,CL,CO,D,E,IL,JO,KR,MA,OM,P,PA,PE,S,SG)",45%
940561,Designed for use solely with light-emitting diode (LED) light sources:,94,0.0,,
9405612000,Of brass,94,0.057,"Free (A,AU,BH,C,CL,CO,D,E,IL,JO,KR,MA,OM,P,PA,PE,S,SG)",45%
9405614000,Other,94,0.06,"Free (A,AU,BH,C,CL,CO,D,E,IL,JO,KR,MA,OM,P,PA,PE,S,SG)",45%
9405616000,Other,94,0.053,"Free (A,AU,BH,C,CL,CO,D,E,IL,JO,KR,MA,OM,P,PA,PE,S,SG)",80%
940569,Other:,94,0.0,,
9405692000,Of brass,94,0.057,"Free (A,AU,BH,C,CL,CO,D,E,IL,JO,KR,MA,OM,P,PA,PE,S,SG)",45%
9405694000,Other,94,0.06,"Free (A,AU,BH,C,CL,CO,D,E,IL,JO,KR,MA,OM,P,PA,PE,S,SG)",45%
9405696000,Other,94,0.053,"Free (A,AU,BH,C,CL,CO,D,E,IL,JO,KR,MA,OM,P,PA,PE,S,SG)",80%
940591,Of glass:,94,0.0,,
9405911000,Of lead crystal,94,0.12,"Free (A,AU,BH,CL,CO,D,E,IL,JO,KR,MA,OM,P,PA,PE,S,SG)",70%
9405913000,Other,94,0.12,"Free (A,AU,BH,CL,CO,D,E,IL,JO,KR,MA,OM,P,PA,PE,S,SG)",70%
9405914000,Chimneys,94,0.075,"Free (A,AU,BH,CL,CO,D,E,IL,JO,KR,MA,OM,P,PA,PE,S,SG)",60%
94059160,Other,94,0.045,"Free (A,AU,BH,CL,CO,D,E,IL,JO,KR,MA,OM,P,PA,PE,S,SG)",60%
9405916040,"Prisms and other glass articles of a kind used in chandeliers and wall brackets, and articles thereof",94,0.0,,
9405916080,Other,94,0.0,,
9405920000,Of plastics,94,0.037000000000000005,"Free (A*,AU,BH,C,CL,CO,D,E,IL,JO,KR,MA,OM,P,PA,PE,S,SG)",80%
940599,Other:,94,0.0,,
9405992000,Of brass,94,0.039,"Free (A,AU,BH,C,CL,CO,D,E,IL,JO,KR,MA,OM,P,PA,PE,S,SG)",45%
94059940,Other,94,0.06,"Free (A,AU,BH,C,CL,CO,D,E,IL,JO,KR,MA,OM,P,PA,PE,S,SG)",45%
9405994010,"Lampposts and bases for lampposts, of cast iron",94,0.0,,
9405994020,"Lampposts and bases for lampposts, of aluminum",94,0.0,,
9405994090,Other,94,0.0,,
9406,Prefabricated buildings:,94,0.0,,
9406100000,Of wood,94,0.026000000000000002,"Free (A,AU,BH,CL,CO,D,E,IL,JO,KR,MA,OM,P,PA,PE,S,SG)",33 1/3%
9406200000,"Modular building units, of steel",94,0.028999999999999998,"Free (A,AU,BH,CL,CO,D,E,IL,JO,KR,MA,OM,P,PA,PE,S,SG)",45%
94069001,Other,94,0.028999999999999998,"Free (A,AU,BH,CL,CO,D,E,IL,JO,KR,MA,OM,P,PA,PE,S,SG)",45%
9406900110,Commercial,94,0.0,,
9406900120,Other,94,0.0,,
9406900130,Other,94,0.0,,
9406900150,Animal sheds of plastic,94,0.0,,
9406900190,Other,94,0.0,,
